ID,Name,Keywords,CodeString,MasterID
1,length,"misc,raw,lengthDependent",ST_length,1
2,mean,"distribution,location,raw,locationDependent",DN_mean,5
3,harmonic_mean,"distribution,location,raw,locationDependent",DN_hmean,6
4,median,"distribution,location,raw,locationDependent",DN_median,8
5,trimmed_mean_1,"distribution,location,raw,locationDependent",DN_TrimmedMean_1,17
6,trimmed_mean_5,"distribution,location,raw,locationDependent",DN_TrimmedMean_5,18
7,trimmed_mean_10,"distribution,location,raw,locationDependent",DN_TrimmedMean_10,19
8,trimmed_mean_25,"distribution,location,raw,locationDependent",DN_TrimmedMean_25,20
9,trimmed_mean_50,"distribution,location,raw,locationDependent",DN_TrimmedMean_50,21
10,midhinge,"distribution,location,raw,locationDependent",DN_midhinge,9
11,maximum,"distribution",DN_max,3
12,miminmum,"distribution",DN_min,4
13,rms,"distribution,location,raw,locationDependent,spreadDependent",DN_rms,7
14,burstiness_Goh,"distribution,raw,locationDependent,spreadDependent",DN_burstiness.B,2
15,burstiness_Kim,"distribution,raw,locationDependent,spreadDependent",DN_burstiness.B_Kim,2
16,standard_deviation,"distribution,spread,raw,spreadDependent",DN_Spread_std,22
17,mean_absolute_deviation,"distribution,spread,raw,spreadDependent",DN_Spread_mad,23
18,interquartile_range,"distribution,spread,raw,spreadDependent",DN_Spread_iqr,24
19,median_absolute_deviation,"distribution,spread,raw,spreadDependent",DN_Spread_mead,25
20,DN_Moments_3,"distribution,moment,shape",DN_Moments_3,26
21,DN_Moments_4,"distribution,moment,shape",DN_Moments_4,27
22,DN_Moments_5,"distribution,moment,shape",DN_Moments_5,28
23,DN_Moments_6,"distribution,moment,shape",DN_Moments_6,29
24,DN_Moments_7,"distribution,moment,shape",DN_Moments_7,30
25,DN_Moments_8,"distribution,moment,shape",DN_Moments_8,31
26,DN_Moments_9,"distribution,moment,shape",DN_Moments_9,32
27,DN_Moments_10,"distribution,moment,shape",DN_Moments_10,33
28,DN_Moments_11,"distribution,moment,shape",DN_Moments_11,34
29,DN_Moments_raw_3,"distribution,moment,shape,raw,spreadDependent",DN_Moments_raw_3,35
30,DN_Moments_raw_4,"distribution,moment,shape,raw,spreadDependent",DN_Moments_raw_4,36
31,DN_Moments_raw_5,"distribution,moment,shape,raw,spreadDependent",DN_Moments_raw_5,37
32,DN_Moments_raw_6,"distribution,moment,shape,raw,spreadDependent",DN_Moments_raw_6,38
33,DN_Moments_raw_7,"distribution,moment,shape,raw,spreadDependent",DN_Moments_raw_7,39
34,DN_Moments_raw_8,"distribution,moment,shape,raw,spreadDependent",DN_Moments_raw_8,40
35,DN_Moments_raw_9,"distribution,moment,shape,raw,spreadDependent",DN_Moments_raw_9,41
36,DN_Moments_raw_10,"distribution,moment,shape,raw,spreadDependent",DN_Moments_raw_10,42
37,DN_Moments_raw_11,"distribution,moment,shape,raw,spreadDependent",DN_Moments_raw_11,43
38,skewness_pearson,"distribution,moment,shape,raw,locationDependent",DN_CustomSkewness_pearson,44
39,skewness_bowley,"distribution,moment,shape",DN_CustomSkewness_bowley,45
40,coeff_var_1,"distribution,spread,cv,raw,locationDependent,spreadDependent",DN_cv_1,87
41,coeff_var_2,"distribution,spread,cv,raw,locationDependent,spreadDependent",DN_cv_2,88
42,DN_HistogramMode_5,"distribution",DN_HistogramMode_5,10
43,DN_HistogramMode_10,"distribution",DN_HistogramMode_10,11
44,DN_HistogramMode_21,"distribution",DN_HistogramMode_21,12
45,DN_HistogramMode_abs_5,"distribution",DN_HistogramMode_abs_5,13
46,DN_HistogramMode_abs_10,"distribution",DN_HistogramMode_abs_10,14
47,DN_HistogramMode_abs_21,"distribution",DN_HistogramMode_abs_21,15
48,DN_HistogramAsymmetry_11_densityDiff,"distribution",DN_HistogramAsymmetry_11.densityDiff,16
49,DN_HistogramAsymmetry_11_modeProbPos,"distribution",DN_HistogramAsymmetry_11.modeProbPos,16
50,DN_HistogramAsymmetry_11_modeProbNeg,"distribution",DN_HistogramAsymmetry_11.modeProbNeg,16
51,DN_HistogramAsymmetry_11_modeDiff,"distribution",DN_HistogramAsymmetry_11.modeDiff,16
52,DN_HistogramAsymmetry_11_posMode,"distribution",DN_HistogramAsymmetry_11.posMode,16
53,DN_HistogramAsymmetry_11_negMode,"distribution",DN_HistogramAsymmetry_11.negMode,16
54,DN_HistogramAsymmetry_11_modeAsymmetry,"distribution",DN_HistogramAsymmetry_11.modeAsymmetry,16
55,DN_Withinp_05,"distribution,spread",DN_Withinp_05,46
56,DN_Withinp_10,"distribution,spread",DN_Withinp_10,47
57,DN_Withinp_15,"distribution,spread",DN_Withinp_15,48
58,DN_Withinp_20,"distribution,spread",DN_Withinp_20,49
59,DN_Withinp_25,"distribution,spread",DN_Withinp_25,50
60,DN_Withinp_30,"distribution,spread",DN_Withinp_30,51
61,DN_Withinp_median_05,"distribution,spread",DN_Withinp_median_05,52
62,DN_Withinp_median_10,"distribution,spread",DN_Withinp_median_10,53
63,DN_Withinp_median_15,"distribution,spread",DN_Withinp_median_15,54
64,DN_Withinp_median_20,"distribution,spread",DN_Withinp_median_20,55
65,DN_Withinp_median_25,"distribution,spread",DN_Withinp_median_25,56
66,DN_Withinp_median_30,"distribution,spread",DN_Withinp_median_30,57
67,DN_pleft005,"distribution,spread",DN_pleft_005,58
68,DN_pleft01,"distribution,spread",DN_pleft_01,59
69,DN_pleft02,"distribution,spread",DN_pleft_02,60
70,DN_pleft03,"distribution,spread",DN_pleft_03,61
71,DN_pleft04,"distribution,spread",DN_pleft_04,62
72,DN_pleft05,"distribution,spread",DN_pleft_05,63
73,quantile_1,"distribution",DN_Quantile_1,64
74,quantile_2,"distribution",DN_Quantile_2,65
75,quantile_3,"distribution",DN_Quantile_3,66
76,quantile_4,"distribution",DN_Quantile_4,67
77,quantile_5,"distribution",DN_Quantile_5,68
78,quantile_10,"distribution",DN_Quantile_10,69
79,quantile_20,"distribution",DN_Quantile_20,70
80,quantile_30,"distribution",DN_Quantile_30,71
81,quantile_40,"distribution",DN_Quantile_40,72
82,quantile_50,"distribution",DN_Quantile_50,73
83,quantile_60,"distribution",DN_Quantile_60,74
84,quantile_70,"distribution",DN_Quantile_70,75
85,quantile_80,"distribution",DN_Quantile_80,76
86,quantile_90,"distribution",DN_Quantile_90,77
87,quantile_91,"distribution",DN_Quantile_91,78
88,quantile_92,"distribution",DN_Quantile_92,79
89,quantile_93,"distribution",DN_Quantile_93,80
90,quantile_94,"distribution",DN_Quantile_94,81
91,quantile_95,"distribution",DN_Quantile_95,82
92,quantile_96,"distribution",DN_Quantile_96,83
93,quantile_97,"distribution",DN_Quantile_97,84
94,quantile_98,"distribution",DN_Quantile_98,85
95,quantile_99,"distribution",DN_Quantile_99,86
96,HighLowMu,"distribution,raw,locationDependent,spreadDependent",DN_HighLowMu,89
97,propUnique,"distribution,raw",DN_Unique,90
98,ST_SimpleStats_zcross,"noisiness",ST_SimpleStats_zcross,91
99,ST_SimpleStats_pmcross,"distribution",ST_SimpleStats_pmcross,92
100,DN_ProportionValues_zeros,"distribution,raw",DN_ProportionValues_zeros,93
101,DN_ProportionValues_geq0,"distribution,raw,locationDependent",DN_ProportionValues_geq0,94
102,DN_ProportionValues_positive,"distribution,raw,locationDependent",DN_ProportionValues_positive,95
103,AC_1,"correlation",AC_1,96
104,AC_2,"correlation",AC_2,97
105,AC_3,"correlation",AC_3,98
106,AC_4,"correlation",AC_4,99
107,AC_5,"correlation",AC_5,100
108,AC_6,"correlation",AC_6,101
109,AC_7,"correlation",AC_7,102
110,AC_8,"correlation",AC_8,103
111,AC_9,"correlation",AC_9,104
112,AC_10,"correlation",AC_10,105
113,AC_11,"correlation",AC_11,106
114,AC_12,"correlation",AC_12,107
115,AC_13,"correlation",AC_13,108
116,AC_14,"correlation",AC_14,109
117,AC_15,"correlation",AC_15,110
118,AC_16,"correlation",AC_16,111
119,AC_17,"correlation",AC_17,112
120,AC_18,"correlation",AC_18,113
121,AC_19,"correlation",AC_19,114
122,AC_20,"correlation",AC_20,115
123,AC_21,"correlation",AC_21,116
124,AC_22,"correlation",AC_22,117
125,AC_23,"correlation",AC_23,118
126,AC_24,"correlation",AC_24,119
127,AC_25,"correlation",AC_25,120
128,AC_26,"correlation",AC_26,121
129,AC_27,"correlation",AC_27,122
130,AC_28,"correlation",AC_28,123
131,AC_29,"correlation",AC_29,124
132,AC_30,"correlation",AC_30,125
133,AC_31,"correlation",AC_31,126
134,AC_32,"correlation",AC_32,127
135,AC_33,"correlation",AC_33,128
136,AC_34,"correlation",AC_34,129
137,AC_35,"correlation",AC_35,130
138,AC_36,"correlation",AC_36,131
139,AC_37,"correlation",AC_37,132
140,AC_38,"correlation",AC_38,133
141,AC_39,"correlation",AC_39,134
142,AC_40,"correlation",AC_40,135
143,firstZero_acf_tau,"correlation,timescale",CO_FirstCrossing_acf_0.firstCrossing,136
144,firstZero_acf_point,"correlation,timescale",CO_FirstCrossing_acf_0.pointOfCrossing,136
145,firstCrossing_1e_acf_tau,"correlation,timescale",CO_FirstCrossing_acf_1e.firstCrossing,137
146,firstCrossing_1e_acf_point,"correlation,timescale",CO_FirstCrossing_acf_1e.pointOfCrossing,137
147,firstMin_acf,"correlation,timescale",CO_FirstMin_ac,138
148,firstMin_mi-gaussian,"correlation,AMI",CO_FirstMin_mi-gaussian,139
149,firstMin_mi-kraskov1_4,"correlation,AMI",CO_FirstMin_mi-kraskov1_4,140
150,firstMin_mi-kraskov2_4,"correlation,AMI",CO_FirstMin_mi-kraskov2_4,141
151,firstMin_mi-hist_5,"correlation,AMI",CO_FirstMin_mi-hist_5,142
152,firstMin_mi-hist_10,"correlation,AMI",CO_FirstMin_mi-hist_10,143
153,firstMax_acf,"correlation",CO_FirstMax_ac,144
154,firstMax_mi-gaussian,"correlation,AMI",CO_FirstMax_mi-gaussian,145
155,firstMax_mi-kraskov1_4,"correlation,AMI",CO_FirstMax_mi-kraskov1_4,146
156,firstMax_mi-kraskov2_4,"correlation,AMI",CO_FirstMax_mi-kraskov2_4,147
157,firstMax_mi-hist_5,"correlation,AMI",CO_FirstMax_mi-hist_5,148
158,firstMax_mi-hist_10,"correlation,AMI",CO_FirstMax_mi-hist_10,149
159,AC_nl_12,"correlation,nonlinearautocorr",AC_nl_12,150
160,AC_nl_123,"correlation,nonlinearautocorr",AC_nl_123,151
161,AC_nl_1234,"correlation,nonlinearautocorr",AC_nl_1234,152
162,AC_nl_12345,"correlation,nonlinearautocorr",AC_nl_12345,153
163,AC_nl_123456,"correlation,nonlinearautocorr",AC_nl_123456,154
164,AC_nl_1234567,"correlation,nonlinearautocorr",AC_nl_1234567,155
165,AC_nl_12345678,"correlation,nonlinearautocorr",AC_nl_12345678,156
166,AC_nl_13,"correlation,nonlinearautocorr",AC_nl_13,157
167,AC_nl_24,"correlation,nonlinearautocorr",AC_nl_24,158
168,AC_nl_135,"correlation,nonlinearautocorr",AC_nl_135,159
169,AC_nl_246,"correlation,nonlinearautocorr",AC_nl_246,160
170,AC_nl_1357,"correlation,nonlinearautocorr",AC_nl_1357,161
171,AC_nl_2468,"correlation,nonlinearautocorr",AC_nl_2468,162
172,AC_nl_124,"correlation,nonlinearautocorr",AC_nl_124,163
173,AC_nl_134,"correlation,nonlinearautocorr",AC_nl_134,164
174,AC_nl_14,"correlation,nonlinearautocorr",AC_nl_14,165
175,AC_nl_11,"correlation,nonlinearautocorr",AC_nl_11,166
176,AC_nl_22,"correlation,nonlinearautocorr",AC_nl_22,167
177,AC_nl_33,"correlation,nonlinearautocorr",AC_nl_33,168
178,AC_nl_44,"correlation,nonlinearautocorr",AC_nl_44,169
179,AC_nl_55,"correlation,nonlinearautocorr",AC_nl_55,170
180,AC_nl_66,"correlation,nonlinearautocorr",AC_nl_66,171
181,AC_nl_011,"correlation,nonlinearautocorr",AC_nl_011,172
182,AC_nl_022,"correlation,nonlinearautocorr",AC_nl_022,173
183,AC_nl_033,"correlation,nonlinearautocorr",AC_nl_033,174
184,AC_nl_044,"correlation,nonlinearautocorr",AC_nl_044,175
185,AC_nl_055,"correlation,nonlinearautocorr",AC_nl_055,176
186,AC_nl_066,"correlation,nonlinearautocorr",AC_nl_066,177
187,AC_nl_001,"correlation,nonlinearautocorr",AC_nl_001,178
188,AC_nl_002,"correlation,nonlinearautocorr",AC_nl_002,179
189,AC_nl_003,"correlation,nonlinearautocorr",AC_nl_003,180
190,AC_nl_004,"correlation,nonlinearautocorr",AC_nl_004,181
191,AC_nl_005,"correlation,nonlinearautocorr",AC_nl_005,182
192,AC_nl_006,"correlation,nonlinearautocorr",AC_nl_006,183
193,AC_nl_012,"correlation,nonlinearautocorr",AC_nl_012,184
194,AC_nl_013,"correlation,nonlinearautocorr",AC_nl_013,185
195,AC_nl_023,"correlation,nonlinearautocorr",AC_nl_023,186
196,AC_nl_014,"correlation,nonlinearautocorr",AC_nl_014,187
197,AC_nl_024,"correlation,nonlinearautocorr",AC_nl_024,188
198,AC_nl_034,"correlation,nonlinearautocorr",AC_nl_034,189
199,AC_nl_015,"correlation,nonlinearautocorr",AC_nl_015,190
200,AC_nl_025,"correlation,nonlinearautocorr",AC_nl_025,191
201,AC_nl_035,"correlation,nonlinearautocorr",AC_nl_035,192
202,AC_nl_045,"correlation,nonlinearautocorr",AC_nl_045,193
203,AC_nl_016,"correlation,nonlinearautocorr",AC_nl_016,194
204,AC_nl_026,"correlation,nonlinearautocorr",AC_nl_026,195
205,AC_nl_036,"correlation,nonlinearautocorr",AC_nl_036,196
206,AC_nl_046,"correlation,nonlinearautocorr",AC_nl_046,197
207,AC_nl_056,"correlation,nonlinearautocorr",AC_nl_056,198
208,AC_nl_112,"correlation,nonlinearautocorr",AC_nl_112,199
209,AC_nl_113,"correlation,nonlinearautocorr",AC_nl_113,200
210,AC_nl_122,"correlation,nonlinearautocorr",AC_nl_122,201
211,AC_nl_133,"correlation,nonlinearautocorr",AC_nl_133,202
212,AC_nl_223,"correlation,nonlinearautocorr",AC_nl_223,203
213,AC_nl_233,"correlation,nonlinearautocorr",AC_nl_233,204
214,RM_ami_0,"information,correlation,AMI",CO_RM_AMInformation_0,205
215,RM_ami_1,"information,correlation,AMI",CO_RM_AMInformation_1,206
216,RM_ami_2,"information,correlation,AMI",CO_RM_AMInformation_2,207
217,RM_ami_3,"information,correlation,AMI",CO_RM_AMInformation_3,208
218,RM_ami_4,"information,correlation,AMI",CO_RM_AMInformation_4,209
219,RM_ami_5,"information,correlation,AMI",CO_RM_AMInformation_5,210
220,RM_ami_6,"information,correlation,AMI",CO_RM_AMInformation_6,211
221,RM_ami_7,"information,correlation,AMI",CO_RM_AMInformation_7,212
222,RM_ami_8,"information,correlation,AMI",CO_RM_AMInformation_8,213
223,RM_ami_9,"information,correlation,AMI",CO_RM_AMInformation_9,214
224,RM_ami_10,"information,correlation,AMI",CO_RM_AMInformation_10,215
225,CO_HistogramAMI_std1_2bin_ami1,"information,correlation,AMI",CO_HistogramAMI_std1_2bin.ami1,216
226,CO_HistogramAMI_std1_2bin_ami2,"information,correlation,AMI",CO_HistogramAMI_std1_2bin.ami2,216
227,CO_HistogramAMI_std1_2bin_ami3,"information,correlation,AMI",CO_HistogramAMI_std1_2bin.ami3,216
228,CO_HistogramAMI_std1_2bin_ami4,"information,correlation,AMI",CO_HistogramAMI_std1_2bin.ami4,216
229,CO_HistogramAMI_std1_2bin_ami5,"information,correlation,AMI",CO_HistogramAMI_std1_2bin.ami5,216
230,CO_HistogramAMI_std1_5bin_ami1,"information,correlation,AMI",CO_HistogramAMI_std1_5bin.ami1,217
231,CO_HistogramAMI_std1_5bin_ami2,"information,correlation,AMI",CO_HistogramAMI_std1_5bin.ami2,217
232,CO_HistogramAMI_std1_5bin_ami3,"information,correlation,AMI",CO_HistogramAMI_std1_5bin.ami3,217
233,CO_HistogramAMI_std1_5bin_ami4,"information,correlation,AMI",CO_HistogramAMI_std1_5bin.ami4,217
234,CO_HistogramAMI_std1_5bin_ami5,"information,correlation,AMI",CO_HistogramAMI_std1_5bin.ami5,217
235,CO_HistogramAMI_std1_10bin_ami1,"information,correlation,AMI",CO_HistogramAMI_std1_10bin.ami1,218
236,CO_HistogramAMI_std1_10bin_ami2,"information,correlation,AMI",CO_HistogramAMI_std1_10bin.ami2,218
237,CO_HistogramAMI_std1_10bin_ami3,"information,correlation,AMI",CO_HistogramAMI_std1_10bin.ami3,218
238,CO_HistogramAMI_std1_10bin_ami4,"information,correlation,AMI",CO_HistogramAMI_std1_10bin.ami4,218
239,CO_HistogramAMI_std1_10bin_ami5,"information,correlation,AMI",CO_HistogramAMI_std1_10bin.ami5,218
240,CO_HistogramAMI_std2_2bin_ami1,"information,correlation,AMI",CO_HistogramAMI_std2_2bin.ami1,219
241,CO_HistogramAMI_std2_2bin_ami2,"information,correlation,AMI",CO_HistogramAMI_std2_2bin.ami2,219
242,CO_HistogramAMI_std2_2bin_ami3,"information,correlation,AMI",CO_HistogramAMI_std2_2bin.ami3,219
243,CO_HistogramAMI_std2_2bin_ami4,"information,correlation,AMI",CO_HistogramAMI_std2_2bin.ami4,219
244,CO_HistogramAMI_std2_2bin_ami5,"information,correlation,AMI",CO_HistogramAMI_std2_2bin.ami5,219
245,CO_HistogramAMI_std2_5bin_ami1,"information,correlation,AMI",CO_HistogramAMI_std2_5bin.ami1,220
246,CO_HistogramAMI_std2_5bin_ami2,"information,correlation,AMI",CO_HistogramAMI_std2_5bin.ami2,220
247,CO_HistogramAMI_std2_5bin_ami3,"information,correlation,AMI",CO_HistogramAMI_std2_5bin.ami3,220
248,CO_HistogramAMI_std2_5bin_ami4,"information,correlation,AMI",CO_HistogramAMI_std2_5bin.ami4,220
249,CO_HistogramAMI_std2_5bin_ami5,"information,correlation,AMI",CO_HistogramAMI_std2_5bin.ami5,220
250,CO_HistogramAMI_std2_10bin_ami1,"information,correlation,AMI",CO_HistogramAMI_std2_10bin.ami1,221
251,CO_HistogramAMI_std2_10bin_ami2,"information,correlation,AMI",CO_HistogramAMI_std2_10bin.ami2,221
252,CO_HistogramAMI_std2_10bin_ami3,"information,correlation,AMI",CO_HistogramAMI_std2_10bin.ami3,221
253,CO_HistogramAMI_std2_10bin_ami4,"information,correlation,AMI",CO_HistogramAMI_std2_10bin.ami4,221
254,CO_HistogramAMI_std2_10bin_ami5,"information,correlation,AMI",CO_HistogramAMI_std2_10bin.ami5,221
255,CO_HistogramAMI_even_2bin_ami1,"information,correlation,AMI",CO_HistogramAMI_even_2bin.ami1,222
256,CO_HistogramAMI_even_2bin_ami2,"information,correlation,AMI",CO_HistogramAMI_even_2bin.ami2,222
257,CO_HistogramAMI_even_2bin_ami3,"information,correlation,AMI",CO_HistogramAMI_even_2bin.ami3,222
258,CO_HistogramAMI_even_2bin_ami4,"information,correlation,AMI",CO_HistogramAMI_even_2bin.ami4,222
259,CO_HistogramAMI_even_2bin_ami5,"information,correlation,AMI",CO_HistogramAMI_even_2bin.ami5,222
260,CO_HistogramAMI_even_5bin_ami1,"information,correlation,AMI",CO_HistogramAMI_even_5bin.ami1,223
261,CO_HistogramAMI_even_5bin_ami2,"information,correlation,AMI",CO_HistogramAMI_even_5bin.ami2,223
262,CO_HistogramAMI_even_5bin_ami3,"information,correlation,AMI",CO_HistogramAMI_even_5bin.ami3,223
263,CO_HistogramAMI_even_5bin_ami4,"information,correlation,AMI",CO_HistogramAMI_even_5bin.ami4,223
264,CO_HistogramAMI_even_5bin_ami5,"information,correlation,AMI",CO_HistogramAMI_even_5bin.ami5,223
265,CO_HistogramAMI_even_10bin_ami1,"information,correlation,AMI",CO_HistogramAMI_even_10bin.ami1,224
266,CO_HistogramAMI_even_10bin_ami2,"information,correlation,AMI",CO_HistogramAMI_even_10bin.ami2,224
267,CO_HistogramAMI_even_10bin_ami3,"information,correlation,AMI",CO_HistogramAMI_even_10bin.ami3,224
268,CO_HistogramAMI_even_10bin_ami4,"information,correlation,AMI",CO_HistogramAMI_even_10bin.ami4,224
269,CO_HistogramAMI_even_10bin_ami5,"information,correlation,AMI",CO_HistogramAMI_even_10bin.ami5,224
270,CO_HistogramAMI_quantiles_2bin_ami1,"information,correlation,AMI",CO_HistogramAMI_quantiles_2bin.ami1,225
271,CO_HistogramAMI_quantiles_2bin_ami2,"information,correlation,AMI",CO_HistogramAMI_quantiles_2bin.ami2,225
272,CO_HistogramAMI_quantiles_2bin_ami3,"information,correlation,AMI",CO_HistogramAMI_quantiles_2bin.ami3,225
273,CO_HistogramAMI_quantiles_2bin_ami4,"information,correlation,AMI",CO_HistogramAMI_quantiles_2bin.ami4,225
274,CO_HistogramAMI_quantiles_2bin_ami5,"information,correlation,AMI",CO_HistogramAMI_quantiles_2bin.ami5,225
275,CO_HistogramAMI_quantiles_5bin_ami1,"information,correlation,AMI",CO_HistogramAMI_quantiles_5bin.ami1,226
276,CO_HistogramAMI_quantiles_5bin_ami2,"information,correlation,AMI",CO_HistogramAMI_quantiles_5bin.ami2,226
277,CO_HistogramAMI_quantiles_5bin_ami3,"information,correlation,AMI",CO_HistogramAMI_quantiles_5bin.ami3,226
278,CO_HistogramAMI_quantiles_5bin_ami4,"information,correlation,AMI",CO_HistogramAMI_quantiles_5bin.ami4,226
279,CO_HistogramAMI_quantiles_5bin_ami5,"information,correlation,AMI",CO_HistogramAMI_quantiles_5bin.ami5,226
280,CO_HistogramAMI_quantiles_10bin_ami1,"information,correlation,AMI",CO_HistogramAMI_quantiles_10bin.ami1,227
281,CO_HistogramAMI_quantiles_10bin_ami2,"information,correlation,AMI",CO_HistogramAMI_quantiles_10bin.ami2,227
282,CO_HistogramAMI_quantiles_10bin_ami3,"information,correlation,AMI",CO_HistogramAMI_quantiles_10bin.ami3,227
283,CO_HistogramAMI_quantiles_10bin_ami4,"information,correlation,AMI",CO_HistogramAMI_quantiles_10bin.ami4,227
284,CO_HistogramAMI_quantiles_10bin_ami5,"information,correlation,AMI",CO_HistogramAMI_quantiles_10bin.ami5,227
285,IN_AutoMutualInfoStats_40_gaussian_ami1,"information,correlation,AMI",IN_AutoMutualInfoStats_40_gaussian.ami1,723
286,IN_AutoMutualInfoStats_40_gaussian_ami2,"information,correlation,AMI",IN_AutoMutualInfoStats_40_gaussian.ami2,723
287,IN_AutoMutualInfoStats_40_gaussian_ami3,"information,correlation,AMI",IN_AutoMutualInfoStats_40_gaussian.ami3,723
288,IN_AutoMutualInfoStats_40_gaussian_ami4,"information,correlation,AMI",IN_AutoMutualInfoStats_40_gaussian.ami4,723
289,IN_AutoMutualInfoStats_40_gaussian_ami5,"information,correlation,AMI",IN_AutoMutualInfoStats_40_gaussian.ami5,723
290,IN_AutoMutualInfoStats_40_gaussian_ami6,"information,correlation,AMI",IN_AutoMutualInfoStats_40_gaussian.ami6,723
291,IN_AutoMutualInfoStats_40_gaussian_ami7,"information,correlation,AMI",IN_AutoMutualInfoStats_40_gaussian.ami7,723
292,IN_AutoMutualInfoStats_40_gaussian_ami8,"information,correlation,AMI",IN_AutoMutualInfoStats_40_gaussian.ami8,723
293,IN_AutoMutualInfoStats_40_gaussian_ami9,"information,correlation,AMI",IN_AutoMutualInfoStats_40_gaussian.ami9,723
294,IN_AutoMutualInfoStats_40_gaussian_ami10,"information,correlation,AMI",IN_AutoMutualInfoStats_40_gaussian.ami10,723
295,IN_AutoMutualInfoStats_40_gaussian_ami11,"information,correlation,AMI",IN_AutoMutualInfoStats_40_gaussian.ami11,723
296,IN_AutoMutualInfoStats_40_gaussian_ami12,"information,correlation,AMI",IN_AutoMutualInfoStats_40_gaussian.ami12,723
297,IN_AutoMutualInfoStats_40_gaussian_ami13,"information,correlation,AMI",IN_AutoMutualInfoStats_40_gaussian.ami13,723
298,IN_AutoMutualInfoStats_40_gaussian_ami14,"information,correlation,AMI",IN_AutoMutualInfoStats_40_gaussian.ami14,723
299,IN_AutoMutualInfoStats_40_gaussian_ami15,"information,correlation,AMI",IN_AutoMutualInfoStats_40_gaussian.ami15,723
300,IN_AutoMutualInfoStats_40_gaussian_ami16,"information,correlation,AMI",IN_AutoMutualInfoStats_40_gaussian.ami16,723
301,IN_AutoMutualInfoStats_40_gaussian_ami17,"information,correlation,AMI",IN_AutoMutualInfoStats_40_gaussian.ami17,723
302,IN_AutoMutualInfoStats_40_gaussian_ami18,"information,correlation,AMI",IN_AutoMutualInfoStats_40_gaussian.ami18,723
303,IN_AutoMutualInfoStats_40_gaussian_ami19,"information,correlation,AMI",IN_AutoMutualInfoStats_40_gaussian.ami19,723
304,IN_AutoMutualInfoStats_40_gaussian_ami20,"information,correlation,AMI",IN_AutoMutualInfoStats_40_gaussian.ami20,723
305,IN_AutoMutualInfoStats_40_gaussian_ami21,"information,correlation,AMI",IN_AutoMutualInfoStats_40_gaussian.ami21,723
306,IN_AutoMutualInfoStats_40_gaussian_ami22,"information,correlation,AMI",IN_AutoMutualInfoStats_40_gaussian.ami22,723
307,IN_AutoMutualInfoStats_40_gaussian_ami23,"information,correlation,AMI",IN_AutoMutualInfoStats_40_gaussian.ami23,723
308,IN_AutoMutualInfoStats_40_gaussian_ami24,"information,correlation,AMI",IN_AutoMutualInfoStats_40_gaussian.ami24,723
309,IN_AutoMutualInfoStats_40_gaussian_ami25,"information,correlation,AMI",IN_AutoMutualInfoStats_40_gaussian.ami25,723
310,IN_AutoMutualInfoStats_40_gaussian_ami26,"information,correlation,AMI",IN_AutoMutualInfoStats_40_gaussian.ami26,723
311,IN_AutoMutualInfoStats_40_gaussian_ami27,"information,correlation,AMI",IN_AutoMutualInfoStats_40_gaussian.ami27,723
312,IN_AutoMutualInfoStats_40_gaussian_ami28,"information,correlation,AMI",IN_AutoMutualInfoStats_40_gaussian.ami28,723
313,IN_AutoMutualInfoStats_40_gaussian_ami29,"information,correlation,AMI",IN_AutoMutualInfoStats_40_gaussian.ami29,723
314,IN_AutoMutualInfoStats_40_gaussian_ami30,"information,correlation,AMI",IN_AutoMutualInfoStats_40_gaussian.ami30,723
315,IN_AutoMutualInfoStats_40_gaussian_ami31,"information,correlation,AMI",IN_AutoMutualInfoStats_40_gaussian.ami31,723
316,IN_AutoMutualInfoStats_40_gaussian_ami32,"information,correlation,AMI",IN_AutoMutualInfoStats_40_gaussian.ami32,723
317,IN_AutoMutualInfoStats_40_gaussian_ami33,"information,correlation,AMI",IN_AutoMutualInfoStats_40_gaussian.ami33,723
318,IN_AutoMutualInfoStats_40_gaussian_ami34,"information,correlation,AMI",IN_AutoMutualInfoStats_40_gaussian.ami34,723
319,IN_AutoMutualInfoStats_40_gaussian_ami35,"information,correlation,AMI",IN_AutoMutualInfoStats_40_gaussian.ami35,723
320,IN_AutoMutualInfoStats_40_gaussian_ami36,"information,correlation,AMI",IN_AutoMutualInfoStats_40_gaussian.ami36,723
321,IN_AutoMutualInfoStats_40_gaussian_ami37,"information,correlation,AMI",IN_AutoMutualInfoStats_40_gaussian.ami37,723
322,IN_AutoMutualInfoStats_40_gaussian_ami38,"information,correlation,AMI",IN_AutoMutualInfoStats_40_gaussian.ami38,723
323,IN_AutoMutualInfoStats_40_gaussian_ami39,"information,correlation,AMI",IN_AutoMutualInfoStats_40_gaussian.ami39,723
324,IN_AutoMutualInfoStats_40_gaussian_ami40,"information,correlation,AMI",IN_AutoMutualInfoStats_40_gaussian.ami40,723
325,IN_AutoMutualInfoStats_40_gaussian_mami,"information,correlation,AMI",IN_AutoMutualInfoStats_40_gaussian.mami,723
326,IN_AutoMutualInfoStats_40_gaussian_stdami,"information,correlation,AMI",IN_AutoMutualInfoStats_40_gaussian.stdami,723
327,IN_AutoMutualInfoStats_40_gaussian_pextrema,"information,correlation,AMI",IN_AutoMutualInfoStats_40_gaussian.pextrema,723
328,IN_AutoMutualInfoStats_40_gaussian_fmmi,"information,correlation,AMI",IN_AutoMutualInfoStats_40_gaussian.fmmi,723
329,IN_AutoMutualInfoStats_40_gaussian_pmaxima,"information,correlation,AMI",IN_AutoMutualInfoStats_40_gaussian.pmaxima,723
330,IN_AutoMutualInfoStats_40_gaussian_modeperiodmax,"information,correlation,AMI",IN_AutoMutualInfoStats_40_gaussian.modeperiodmax,723
331,IN_AutoMutualInfoStats_40_gaussian_pmodeperiodmax,"information,correlation,AMI",IN_AutoMutualInfoStats_40_gaussian.pmodeperiodmax,723
332,IN_AutoMutualInfoStats_40_gaussian_pminima,"information,correlation,AMI",IN_AutoMutualInfoStats_40_gaussian.pminima,723
333,IN_AutoMutualInfoStats_40_gaussian_modeperiodmin,"information,correlation,AMI",IN_AutoMutualInfoStats_40_gaussian.modeperiodmin,723
334,IN_AutoMutualInfoStats_40_gaussian_pmodeperiodmin,"information,correlation,AMI",IN_AutoMutualInfoStats_40_gaussian.pmodeperiodmin,723
335,IN_AutoMutualInfoStats_40_gaussian_pcrossmean,"information,correlation,AMI",IN_AutoMutualInfoStats_40_gaussian.pcrossmean,723
336,IN_AutoMutualInfoStats_40_gaussian_pcrossmedian,"information,correlation,AMI",IN_AutoMutualInfoStats_40_gaussian.pcrossmedian,723
337,IN_AutoMutualInfoStats_40_gaussian_pcrossq10,"information,correlation,AMI",IN_AutoMutualInfoStats_40_gaussian.pcrossq10,723
338,IN_AutoMutualInfoStats_40_gaussian_pcrossq90,"information,correlation,AMI",IN_AutoMutualInfoStats_40_gaussian.pcrossq90,723
339,IN_AutoMutualInfoStats_40_gaussian_amiac1,"information,correlation,AMI",IN_AutoMutualInfoStats_40_gaussian.amiac1,723
340,IN_AutoMutualInfoStats_40_kraskov1_4_ami1,"information,correlation,AMI",IN_AutoMutualInfoStats_40_kraskov1_4.ami1,724
341,IN_AutoMutualInfoStats_40_kraskov1_4_ami2,"information,correlation,AMI",IN_AutoMutualInfoStats_40_kraskov1_4.ami2,724
342,IN_AutoMutualInfoStats_40_kraskov1_4_ami3,"information,correlation,AMI",IN_AutoMutualInfoStats_40_kraskov1_4.ami3,724
343,IN_AutoMutualInfoStats_40_kraskov1_4_ami4,"information,correlation,AMI",IN_AutoMutualInfoStats_40_kraskov1_4.ami4,724
344,IN_AutoMutualInfoStats_40_kraskov1_4_ami5,"information,correlation,AMI",IN_AutoMutualInfoStats_40_kraskov1_4.ami5,724
345,IN_AutoMutualInfoStats_40_kraskov1_4_ami6,"information,correlation,AMI",IN_AutoMutualInfoStats_40_kraskov1_4.ami6,724
346,IN_AutoMutualInfoStats_40_kraskov1_4_ami7,"information,correlation,AMI",IN_AutoMutualInfoStats_40_kraskov1_4.ami7,724
347,IN_AutoMutualInfoStats_40_kraskov1_4_ami8,"information,correlation,AMI",IN_AutoMutualInfoStats_40_kraskov1_4.ami8,724
348,IN_AutoMutualInfoStats_40_kraskov1_4_ami9,"information,correlation,AMI",IN_AutoMutualInfoStats_40_kraskov1_4.ami9,724
349,IN_AutoMutualInfoStats_40_kraskov1_4_ami10,"information,correlation,AMI",IN_AutoMutualInfoStats_40_kraskov1_4.ami10,724
350,IN_AutoMutualInfoStats_40_kraskov1_4_ami11,"information,correlation,AMI",IN_AutoMutualInfoStats_40_kraskov1_4.ami11,724
351,IN_AutoMutualInfoStats_40_kraskov1_4_ami12,"information,correlation,AMI",IN_AutoMutualInfoStats_40_kraskov1_4.ami12,724
352,IN_AutoMutualInfoStats_40_kraskov1_4_ami13,"information,correlation,AMI",IN_AutoMutualInfoStats_40_kraskov1_4.ami13,724
353,IN_AutoMutualInfoStats_40_kraskov1_4_ami14,"information,correlation,AMI",IN_AutoMutualInfoStats_40_kraskov1_4.ami14,724
354,IN_AutoMutualInfoStats_40_kraskov1_4_ami15,"information,correlation,AMI",IN_AutoMutualInfoStats_40_kraskov1_4.ami15,724
355,IN_AutoMutualInfoStats_40_kraskov1_4_ami16,"information,correlation,AMI",IN_AutoMutualInfoStats_40_kraskov1_4.ami16,724
356,IN_AutoMutualInfoStats_40_kraskov1_4_ami17,"information,correlation,AMI",IN_AutoMutualInfoStats_40_kraskov1_4.ami17,724
357,IN_AutoMutualInfoStats_40_kraskov1_4_ami18,"information,correlation,AMI",IN_AutoMutualInfoStats_40_kraskov1_4.ami18,724
358,IN_AutoMutualInfoStats_40_kraskov1_4_ami19,"information,correlation,AMI",IN_AutoMutualInfoStats_40_kraskov1_4.ami19,724
359,IN_AutoMutualInfoStats_40_kraskov1_4_ami20,"information,correlation,AMI",IN_AutoMutualInfoStats_40_kraskov1_4.ami20,724
360,IN_AutoMutualInfoStats_40_kraskov1_4_ami21,"information,correlation,AMI",IN_AutoMutualInfoStats_40_kraskov1_4.ami21,724
361,IN_AutoMutualInfoStats_40_kraskov1_4_ami22,"information,correlation,AMI",IN_AutoMutualInfoStats_40_kraskov1_4.ami22,724
362,IN_AutoMutualInfoStats_40_kraskov1_4_ami23,"information,correlation,AMI",IN_AutoMutualInfoStats_40_kraskov1_4.ami23,724
363,IN_AutoMutualInfoStats_40_kraskov1_4_ami24,"information,correlation,AMI",IN_AutoMutualInfoStats_40_kraskov1_4.ami24,724
364,IN_AutoMutualInfoStats_40_kraskov1_4_ami25,"information,correlation,AMI",IN_AutoMutualInfoStats_40_kraskov1_4.ami25,724
365,IN_AutoMutualInfoStats_40_kraskov1_4_ami26,"information,correlation,AMI",IN_AutoMutualInfoStats_40_kraskov1_4.ami26,724
366,IN_AutoMutualInfoStats_40_kraskov1_4_ami27,"information,correlation,AMI",IN_AutoMutualInfoStats_40_kraskov1_4.ami27,724
367,IN_AutoMutualInfoStats_40_kraskov1_4_ami28,"information,correlation,AMI",IN_AutoMutualInfoStats_40_kraskov1_4.ami28,724
368,IN_AutoMutualInfoStats_40_kraskov1_4_ami29,"information,correlation,AMI",IN_AutoMutualInfoStats_40_kraskov1_4.ami29,724
369,IN_AutoMutualInfoStats_40_kraskov1_4_ami30,"information,correlation,AMI",IN_AutoMutualInfoStats_40_kraskov1_4.ami30,724
370,IN_AutoMutualInfoStats_40_kraskov1_4_ami31,"information,correlation,AMI",IN_AutoMutualInfoStats_40_kraskov1_4.ami31,724
371,IN_AutoMutualInfoStats_40_kraskov1_4_ami32,"information,correlation,AMI",IN_AutoMutualInfoStats_40_kraskov1_4.ami32,724
372,IN_AutoMutualInfoStats_40_kraskov1_4_ami33,"information,correlation,AMI",IN_AutoMutualInfoStats_40_kraskov1_4.ami33,724
373,IN_AutoMutualInfoStats_40_kraskov1_4_ami34,"information,correlation,AMI",IN_AutoMutualInfoStats_40_kraskov1_4.ami34,724
374,IN_AutoMutualInfoStats_40_kraskov1_4_ami35,"information,correlation,AMI",IN_AutoMutualInfoStats_40_kraskov1_4.ami35,724
375,IN_AutoMutualInfoStats_40_kraskov1_4_ami36,"information,correlation,AMI",IN_AutoMutualInfoStats_40_kraskov1_4.ami36,724
376,IN_AutoMutualInfoStats_40_kraskov1_4_ami37,"information,correlation,AMI",IN_AutoMutualInfoStats_40_kraskov1_4.ami37,724
377,IN_AutoMutualInfoStats_40_kraskov1_4_ami38,"information,correlation,AMI",IN_AutoMutualInfoStats_40_kraskov1_4.ami38,724
378,IN_AutoMutualInfoStats_40_kraskov1_4_ami39,"information,correlation,AMI",IN_AutoMutualInfoStats_40_kraskov1_4.ami39,724
379,IN_AutoMutualInfoStats_40_kraskov1_4_ami40,"information,correlation,AMI",IN_AutoMutualInfoStats_40_kraskov1_4.ami40,724
380,IN_AutoMutualInfoStats_40_kraskov1_4_mami,"information,correlation,AMI",IN_AutoMutualInfoStats_40_kraskov1_4.mami,724
381,IN_AutoMutualInfoStats_40_kraskov1_4_stdami,"information,correlation,AMI",IN_AutoMutualInfoStats_40_kraskov1_4.stdami,724
382,IN_AutoMutualInfoStats_40_kraskov1_4_pextrema,"information,correlation,AMI",IN_AutoMutualInfoStats_40_kraskov1_4.pextrema,724
383,IN_AutoMutualInfoStats_40_kraskov1_4_fmmi,"information,correlation,AMI",IN_AutoMutualInfoStats_40_kraskov1_4.fmmi,724
384,IN_AutoMutualInfoStats_40_kraskov1_4_pmaxima,"information,correlation,AMI",IN_AutoMutualInfoStats_40_kraskov1_4.pmaxima,724
385,IN_AutoMutualInfoStats_40_kraskov1_4_modeperiodmax,"information,correlation,AMI",IN_AutoMutualInfoStats_40_kraskov1_4.modeperiodmax,724
386,IN_AutoMutualInfoStats_40_kraskov1_4_pmodeperiodmax,"information,correlation,AMI",IN_AutoMutualInfoStats_40_kraskov1_4.pmodeperiodmax,724
387,IN_AutoMutualInfoStats_40_kraskov1_4_pminima,"information,correlation,AMI",IN_AutoMutualInfoStats_40_kraskov1_4.pminima,724
388,IN_AutoMutualInfoStats_40_kraskov1_4_modeperiodmin,"information,correlation,AMI",IN_AutoMutualInfoStats_40_kraskov1_4.modeperiodmin,724
389,IN_AutoMutualInfoStats_40_kraskov1_4_pmodeperiodmin,"information,correlation,AMI",IN_AutoMutualInfoStats_40_kraskov1_4.pmodeperiodmin,724
390,IN_AutoMutualInfoStats_40_kraskov1_4_pcrossmean,"information,correlation,AMI",IN_AutoMutualInfoStats_40_kraskov1_4.pcrossmean,724
391,IN_AutoMutualInfoStats_40_kraskov1_4_pcrossmedian,"information,correlation,AMI",IN_AutoMutualInfoStats_40_kraskov1_4.pcrossmedian,724
392,IN_AutoMutualInfoStats_40_kraskov1_4_pcrossq10,"information,correlation,AMI",IN_AutoMutualInfoStats_40_kraskov1_4.pcrossq10,724
393,IN_AutoMutualInfoStats_40_kraskov1_4_pcrossq90,"information,correlation,AMI",IN_AutoMutualInfoStats_40_kraskov1_4.pcrossq90,724
394,IN_AutoMutualInfoStats_40_kraskov1_4_amiac1,"information,correlation,AMI",IN_AutoMutualInfoStats_40_kraskov1_4.amiac1,724
395,IN_AutoMutualInfoStats_diff_20_gaussian_ami1,"information,correlation,AMI",IN_AutoMutualInfoStats_diff_20_gaussian.ami1,725
396,IN_AutoMutualInfoStats_diff_20_gaussian_ami2,"information,correlation,AMI",IN_AutoMutualInfoStats_diff_20_gaussian.ami2,725
397,IN_AutoMutualInfoStats_diff_20_gaussian_ami3,"information,correlation,AMI",IN_AutoMutualInfoStats_diff_20_gaussian.ami3,725
398,IN_AutoMutualInfoStats_diff_20_gaussian_ami4,"information,correlation,AMI",IN_AutoMutualInfoStats_diff_20_gaussian.ami4,725
399,IN_AutoMutualInfoStats_diff_20_gaussian_ami5,"information,correlation,AMI",IN_AutoMutualInfoStats_diff_20_gaussian.ami5,725
400,IN_AutoMutualInfoStats_diff_20_gaussian_ami6,"information,correlation,AMI",IN_AutoMutualInfoStats_diff_20_gaussian.ami6,725
401,IN_AutoMutualInfoStats_diff_20_gaussian_ami7,"information,correlation,AMI",IN_AutoMutualInfoStats_diff_20_gaussian.ami7,725
402,IN_AutoMutualInfoStats_diff_20_gaussian_ami8,"information,correlation,AMI",IN_AutoMutualInfoStats_diff_20_gaussian.ami8,725
403,IN_AutoMutualInfoStats_diff_20_gaussian_ami9,"information,correlation,AMI",IN_AutoMutualInfoStats_diff_20_gaussian.ami9,725
404,IN_AutoMutualInfoStats_diff_20_gaussian_ami10,"information,correlation,AMI",IN_AutoMutualInfoStats_diff_20_gaussian.ami10,725
405,IN_AutoMutualInfoStats_diff_20_gaussian_ami11,"information,correlation,AMI",IN_AutoMutualInfoStats_diff_20_gaussian.ami11,725
406,IN_AutoMutualInfoStats_diff_20_gaussian_ami12,"information,correlation,AMI",IN_AutoMutualInfoStats_diff_20_gaussian.ami12,725
407,IN_AutoMutualInfoStats_diff_20_gaussian_ami13,"information,correlation,AMI",IN_AutoMutualInfoStats_diff_20_gaussian.ami13,725
408,IN_AutoMutualInfoStats_diff_20_gaussian_ami14,"information,correlation,AMI",IN_AutoMutualInfoStats_diff_20_gaussian.ami14,725
409,IN_AutoMutualInfoStats_diff_20_gaussian_ami15,"information,correlation,AMI",IN_AutoMutualInfoStats_diff_20_gaussian.ami15,725
410,IN_AutoMutualInfoStats_diff_20_gaussian_ami16,"information,correlation,AMI",IN_AutoMutualInfoStats_diff_20_gaussian.ami16,725
411,IN_AutoMutualInfoStats_diff_20_gaussian_ami17,"information,correlation,AMI",IN_AutoMutualInfoStats_diff_20_gaussian.ami17,725
412,IN_AutoMutualInfoStats_diff_20_gaussian_ami18,"information,correlation,AMI",IN_AutoMutualInfoStats_diff_20_gaussian.ami18,725
413,IN_AutoMutualInfoStats_diff_20_gaussian_ami19,"information,correlation,AMI",IN_AutoMutualInfoStats_diff_20_gaussian.ami19,725
414,IN_AutoMutualInfoStats_diff_20_gaussian_ami20,"information,correlation,AMI",IN_AutoMutualInfoStats_diff_20_gaussian.ami20,725
415,IN_AutoMutualInfoStats_diff_20_gaussian_mami,"information,correlation,AMI",IN_AutoMutualInfoStats_diff_20_gaussian.mami,725
416,IN_AutoMutualInfoStats_diff_20_gaussian_stdami,"information,correlation,AMI",IN_AutoMutualInfoStats_diff_20_gaussian.stdami,725
417,IN_AutoMutualInfoStats_diff_20_gaussian_pextrema,"information,correlation,AMI",IN_AutoMutualInfoStats_diff_20_gaussian.pextrema,725
418,IN_AutoMutualInfoStats_diff_20_gaussian_fmmi,"information,correlation,AMI",IN_AutoMutualInfoStats_diff_20_gaussian.fmmi,725
419,IN_AutoMutualInfoStats_diff_20_gaussian_pmaxima,"information,correlation,AMI",IN_AutoMutualInfoStats_diff_20_gaussian.pmaxima,725
420,IN_AutoMutualInfoStats_diff_20_gaussian_modeperiodmax,"information,correlation,AMI",IN_AutoMutualInfoStats_diff_20_gaussian.modeperiodmax,725
421,IN_AutoMutualInfoStats_diff_20_gaussian_pmodeperiodmax,"information,correlation,AMI",IN_AutoMutualInfoStats_diff_20_gaussian.pmodeperiodmax,725
422,IN_AutoMutualInfoStats_diff_20_gaussian_pminima,"information,correlation,AMI",IN_AutoMutualInfoStats_diff_20_gaussian.pminima,725
423,IN_AutoMutualInfoStats_diff_20_gaussian_modeperiodmin,"information,correlation,AMI",IN_AutoMutualInfoStats_diff_20_gaussian.modeperiodmin,725
424,IN_AutoMutualInfoStats_diff_20_gaussian_pmodeperiodmin,"information,correlation,AMI",IN_AutoMutualInfoStats_diff_20_gaussian.pmodeperiodmin,725
425,IN_AutoMutualInfoStats_diff_20_gaussian_pcrossmean,"information,correlation,AMI",IN_AutoMutualInfoStats_diff_20_gaussian.pcrossmean,725
426,IN_AutoMutualInfoStats_diff_20_gaussian_pcrossmedian,"information,correlation,AMI",IN_AutoMutualInfoStats_diff_20_gaussian.pcrossmedian,725
427,IN_AutoMutualInfoStats_diff_20_gaussian_pcrossq10,"information,correlation,AMI",IN_AutoMutualInfoStats_diff_20_gaussian.pcrossq10,725
428,IN_AutoMutualInfoStats_diff_20_gaussian_pcrossq90,"information,correlation,AMI",IN_AutoMutualInfoStats_diff_20_gaussian.pcrossq90,725
429,IN_AutoMutualInfoStats_diff_20_gaussian_amiac1,"information,correlation,AMI",IN_AutoMutualInfoStats_diff_20_gaussian.amiac1,725
430,IN_AutoMutualInfoStats_diff_20_kraskov1_4_ami1,"information,correlation,AMI",IN_AutoMutualInfoStats_diff_20_kraskov1_4.ami1,726
431,IN_AutoMutualInfoStats_diff_20_kraskov1_4_ami2,"information,correlation,AMI",IN_AutoMutualInfoStats_diff_20_kraskov1_4.ami2,726
432,IN_AutoMutualInfoStats_diff_20_kraskov1_4_ami3,"information,correlation,AMI",IN_AutoMutualInfoStats_diff_20_kraskov1_4.ami3,726
433,IN_AutoMutualInfoStats_diff_20_kraskov1_4_ami4,"information,correlation,AMI",IN_AutoMutualInfoStats_diff_20_kraskov1_4.ami4,726
434,IN_AutoMutualInfoStats_diff_20_kraskov1_4_ami5,"information,correlation,AMI",IN_AutoMutualInfoStats_diff_20_kraskov1_4.ami5,726
435,IN_AutoMutualInfoStats_diff_20_kraskov1_4_ami6,"information,correlation,AMI",IN_AutoMutualInfoStats_diff_20_kraskov1_4.ami6,726
436,IN_AutoMutualInfoStats_diff_20_kraskov1_4_ami7,"information,correlation,AMI",IN_AutoMutualInfoStats_diff_20_kraskov1_4.ami7,726
437,IN_AutoMutualInfoStats_diff_20_kraskov1_4_ami8,"information,correlation,AMI",IN_AutoMutualInfoStats_diff_20_kraskov1_4.ami8,726
438,IN_AutoMutualInfoStats_diff_20_kraskov1_4_ami9,"information,correlation,AMI",IN_AutoMutualInfoStats_diff_20_kraskov1_4.ami9,726
439,IN_AutoMutualInfoStats_diff_20_kraskov1_4_ami10,"information,correlation,AMI",IN_AutoMutualInfoStats_diff_20_kraskov1_4.ami10,726
440,IN_AutoMutualInfoStats_diff_20_kraskov1_4_ami11,"information,correlation,AMI",IN_AutoMutualInfoStats_diff_20_kraskov1_4.ami11,726
441,IN_AutoMutualInfoStats_diff_20_kraskov1_4_ami12,"information,correlation,AMI",IN_AutoMutualInfoStats_diff_20_kraskov1_4.ami12,726
442,IN_AutoMutualInfoStats_diff_20_kraskov1_4_ami13,"information,correlation,AMI",IN_AutoMutualInfoStats_diff_20_kraskov1_4.ami13,726
443,IN_AutoMutualInfoStats_diff_20_kraskov1_4_ami14,"information,correlation,AMI",IN_AutoMutualInfoStats_diff_20_kraskov1_4.ami14,726
444,IN_AutoMutualInfoStats_diff_20_kraskov1_4_ami15,"information,correlation,AMI",IN_AutoMutualInfoStats_diff_20_kraskov1_4.ami15,726
445,IN_AutoMutualInfoStats_diff_20_kraskov1_4_ami16,"information,correlation,AMI",IN_AutoMutualInfoStats_diff_20_kraskov1_4.ami16,726
446,IN_AutoMutualInfoStats_diff_20_kraskov1_4_ami17,"information,correlation,AMI",IN_AutoMutualInfoStats_diff_20_kraskov1_4.ami17,726
447,IN_AutoMutualInfoStats_diff_20_kraskov1_4_ami18,"information,correlation,AMI",IN_AutoMutualInfoStats_diff_20_kraskov1_4.ami18,726
448,IN_AutoMutualInfoStats_diff_20_kraskov1_4_ami19,"information,correlation,AMI",IN_AutoMutualInfoStats_diff_20_kraskov1_4.ami19,726
449,IN_AutoMutualInfoStats_diff_20_kraskov1_4_ami20,"information,correlation,AMI",IN_AutoMutualInfoStats_diff_20_kraskov1_4.ami20,726
450,IN_AutoMutualInfoStats_diff_20_kraskov1_4_mami,"information,correlation,AMI",IN_AutoMutualInfoStats_diff_20_kraskov1_4.mami,726
451,IN_AutoMutualInfoStats_diff_20_kraskov1_4_stdami,"information,correlation,AMI",IN_AutoMutualInfoStats_diff_20_kraskov1_4.stdami,726
452,IN_AutoMutualInfoStats_diff_20_kraskov1_4_pextrema,"information,correlation,AMI",IN_AutoMutualInfoStats_diff_20_kraskov1_4.pextrema,726
453,IN_AutoMutualInfoStats_diff_20_kraskov1_4_fmmi,"information,correlation,AMI",IN_AutoMutualInfoStats_diff_20_kraskov1_4.fmmi,726
454,IN_AutoMutualInfoStats_diff_20_kraskov1_4_pmaxima,"information,correlation,AMI",IN_AutoMutualInfoStats_diff_20_kraskov1_4.pmaxima,726
455,IN_AutoMutualInfoStats_diff_20_kraskov1_4_modeperiodmax,"information,correlation,AMI",IN_AutoMutualInfoStats_diff_20_kraskov1_4.modeperiodmax,726
456,IN_AutoMutualInfoStats_diff_20_kraskov1_4_pmodeperiodmax,"information,correlation,AMI",IN_AutoMutualInfoStats_diff_20_kraskov1_4.pmodeperiodmax,726
457,IN_AutoMutualInfoStats_diff_20_kraskov1_4_pminima,"information,correlation,AMI",IN_AutoMutualInfoStats_diff_20_kraskov1_4.pminima,726
458,IN_AutoMutualInfoStats_diff_20_kraskov1_4_modeperiodmin,"information,correlation,AMI",IN_AutoMutualInfoStats_diff_20_kraskov1_4.modeperiodmin,726
459,IN_AutoMutualInfoStats_diff_20_kraskov1_4_pmodeperiodmin,"information,correlation,AMI",IN_AutoMutualInfoStats_diff_20_kraskov1_4.pmodeperiodmin,726
460,IN_AutoMutualInfoStats_diff_20_kraskov1_4_pcrossmean,"information,correlation,AMI",IN_AutoMutualInfoStats_diff_20_kraskov1_4.pcrossmean,726
461,IN_AutoMutualInfoStats_diff_20_kraskov1_4_pcrossmedian,"information,correlation,AMI",IN_AutoMutualInfoStats_diff_20_kraskov1_4.pcrossmedian,726
462,IN_AutoMutualInfoStats_diff_20_kraskov1_4_pcrossq10,"information,correlation,AMI",IN_AutoMutualInfoStats_diff_20_kraskov1_4.pcrossq10,726
463,IN_AutoMutualInfoStats_diff_20_kraskov1_4_pcrossq90,"information,correlation,AMI",IN_AutoMutualInfoStats_diff_20_kraskov1_4.pcrossq90,726
464,IN_AutoMutualInfoStats_diff_20_kraskov1_4_amiac1,"information,correlation,AMI",IN_AutoMutualInfoStats_diff_20_kraskov1_4.amiac1,726
465,CO_CompareMinAMI_std1_2_80_min,"correlation,AMI",CO_CompareMinAMI_std1_2_80.min,727
466,CO_CompareMinAMI_std1_2_80_max,"correlation,AMI",CO_CompareMinAMI_std1_2_80.max,727
467,CO_CompareMinAMI_std1_2_80_range,"correlation,AMI",CO_CompareMinAMI_std1_2_80.range,727
468,CO_CompareMinAMI_std1_2_80_median,"correlation,AMI",CO_CompareMinAMI_std1_2_80.median,727
469,CO_CompareMinAMI_std1_2_80_mean,"correlation,AMI",CO_CompareMinAMI_std1_2_80.mean,727
470,CO_CompareMinAMI_std1_2_80_std,"correlation,AMI",CO_CompareMinAMI_std1_2_80.std,727
471,CO_CompareMinAMI_std1_2_80_nunique,"correlation,AMI",CO_CompareMinAMI_std1_2_80.nunique,727
472,CO_CompareMinAMI_std1_2_80_mode,"correlation,AMI",CO_CompareMinAMI_std1_2_80.mode,727
473,CO_CompareMinAMI_std1_2_80_modef,"correlation,AMI",CO_CompareMinAMI_std1_2_80.modef,727
474,CO_CompareMinAMI_std1_2_80_conv4,"correlation,AMI",CO_CompareMinAMI_std1_2_80.conv4,727
475,CO_CompareMinAMI_std1_2_80_nlocmax,"correlation,AMI",CO_CompareMinAMI_std1_2_80.nlocmax,727
476,CO_CompareMinAMI_quantiles_2_80_min,"correlation,AMI",CO_CompareMinAMI_quantiles_2_80.min,728
477,CO_CompareMinAMI_quantiles_2_80_max,"correlation,AMI",CO_CompareMinAMI_quantiles_2_80.max,728
478,CO_CompareMinAMI_quantiles_2_80_range,"correlation,AMI",CO_CompareMinAMI_quantiles_2_80.range,728
479,CO_CompareMinAMI_quantiles_2_80_median,"correlation,AMI",CO_CompareMinAMI_quantiles_2_80.median,728
480,CO_CompareMinAMI_quantiles_2_80_mean,"correlation,AMI",CO_CompareMinAMI_quantiles_2_80.mean,728
481,CO_CompareMinAMI_quantiles_2_80_std,"correlation,AMI",CO_CompareMinAMI_quantiles_2_80.std,728
482,CO_CompareMinAMI_quantiles_2_80_nunique,"correlation,AMI",CO_CompareMinAMI_quantiles_2_80.nunique,728
483,CO_CompareMinAMI_quantiles_2_80_mode,"correlation,AMI",CO_CompareMinAMI_quantiles_2_80.mode,728
484,CO_CompareMinAMI_quantiles_2_80_modef,"correlation,AMI",CO_CompareMinAMI_quantiles_2_80.modef,728
485,CO_CompareMinAMI_quantiles_2_80_conv4,"correlation,AMI",CO_CompareMinAMI_quantiles_2_80.conv4,728
486,CO_CompareMinAMI_quantiles_2_80_nlocmax,"correlation,AMI",CO_CompareMinAMI_quantiles_2_80.nlocmax,728
487,CO_CompareMinAMI_even_2_80_min,"correlation,AMI",CO_CompareMinAMI_even_2_80.min,729
488,CO_CompareMinAMI_even_2_80_max,"correlation,AMI",CO_CompareMinAMI_even_2_80.max,729
489,CO_CompareMinAMI_even_2_80_range,"correlation,AMI",CO_CompareMinAMI_even_2_80.range,729
490,CO_CompareMinAMI_even_2_80_median,"correlation,AMI",CO_CompareMinAMI_even_2_80.median,729
491,CO_CompareMinAMI_even_2_80_mean,"correlation,AMI",CO_CompareMinAMI_even_2_80.mean,729
492,CO_CompareMinAMI_even_2_80_std,"correlation,AMI",CO_CompareMinAMI_even_2_80.std,729
493,CO_CompareMinAMI_even_2_80_nunique,"correlation,AMI",CO_CompareMinAMI_even_2_80.nunique,729
494,CO_CompareMinAMI_even_2_80_mode,"correlation,AMI",CO_CompareMinAMI_even_2_80.mode,729
495,CO_CompareMinAMI_even_2_80_modef,"correlation,AMI",CO_CompareMinAMI_even_2_80.modef,729
496,CO_CompareMinAMI_even_2_80_conv4,"correlation,AMI",CO_CompareMinAMI_even_2_80.conv4,729
497,CO_CompareMinAMI_even_2_80_nlocmax,"correlation,AMI",CO_CompareMinAMI_even_2_80.nlocmax,729
498,CO_CompareMinAMI_std2_2_80_min,"correlation,AMI",CO_CompareMinAMI_std2_2_80.min,730
499,CO_CompareMinAMI_std2_2_80_max,"correlation,AMI",CO_CompareMinAMI_std2_2_80.max,730
500,CO_CompareMinAMI_std2_2_80_range,"correlation,AMI",CO_CompareMinAMI_std2_2_80.range,730
501,CO_CompareMinAMI_std2_2_80_median,"correlation,AMI",CO_CompareMinAMI_std2_2_80.median,730
502,CO_CompareMinAMI_std2_2_80_mean,"correlation,AMI",CO_CompareMinAMI_std2_2_80.mean,730
503,CO_CompareMinAMI_std2_2_80_std,"correlation,AMI",CO_CompareMinAMI_std2_2_80.std,730
504,CO_CompareMinAMI_std2_2_80_nunique,"correlation,AMI",CO_CompareMinAMI_std2_2_80.nunique,730
505,CO_CompareMinAMI_std2_2_80_mode,"correlation,AMI",CO_CompareMinAMI_std2_2_80.mode,730
506,CO_CompareMinAMI_std2_2_80_modef,"correlation,AMI",CO_CompareMinAMI_std2_2_80.modef,730
507,CO_CompareMinAMI_std2_2_80_conv4,"correlation,AMI",CO_CompareMinAMI_std2_2_80.conv4,730
508,CO_CompareMinAMI_std2_2_80_nlocmax,"correlation,AMI",CO_CompareMinAMI_std2_2_80.nlocmax,730
509,CO_glscf_1_1_1,"correlation,glscf",CO_glscf_1_1_1,228
510,CO_glscf_1_1_2,"correlation,glscf",CO_glscf_1_1_2,229
511,CO_glscf_1_1_3,"correlation,glscf",CO_glscf_1_1_3,230
512,CO_glscf_1_1_4,"correlation,glscf",CO_glscf_1_1_4,231
513,CO_glscf_1_1_5,"correlation,glscf",CO_glscf_1_1_5,232
514,CO_glscf_1_1_tau,"correlation,glscf",CO_glscf_1_1_tau,233
515,CO_glscf_1_2_1,"correlation,glscf",CO_glscf_1_2_1,234
516,CO_glscf_1_2_2,"correlation,glscf",CO_glscf_1_2_2,235
517,CO_glscf_1_2_3,"correlation,glscf",CO_glscf_1_2_3,236
518,CO_glscf_1_2_4,"correlation,glscf",CO_glscf_1_2_4,237
519,CO_glscf_1_2_5,"correlation,glscf",CO_glscf_1_2_5,238
520,CO_glscf_1_2_tau,"correlation,glscf",CO_glscf_1_2_tau,239
521,CO_glscf_1_5_1,"correlation,glscf",CO_glscf_1_5_1,240
522,CO_glscf_1_5_2,"correlation,glscf",CO_glscf_1_5_2,241
523,CO_glscf_1_5_3,"correlation,glscf",CO_glscf_1_5_3,242
524,CO_glscf_1_5_4,"correlation,glscf",CO_glscf_1_5_4,243
525,CO_glscf_1_5_5,"correlation,glscf",CO_glscf_1_5_5,244
526,CO_glscf_1_5_tau,"correlation,glscf",CO_glscf_1_5_tau,245
527,CO_glscf_1_10_1,"correlation,glscf",CO_glscf_1_10_1,246
528,CO_glscf_1_10_2,"correlation,glscf",CO_glscf_1_10_2,247
529,CO_glscf_1_10_3,"correlation,glscf",CO_glscf_1_10_3,248
530,CO_glscf_1_10_4,"correlation,glscf",CO_glscf_1_10_4,249
531,CO_glscf_1_10_5,"correlation,glscf",CO_glscf_1_10_5,250
532,CO_glscf_1_10_tau,"correlation,glscf",CO_glscf_1_10_tau,251
533,CO_glscf_2_2_1,"correlation,glscf",CO_glscf_2_2_1,252
534,CO_glscf_2_2_2,"correlation,glscf",CO_glscf_2_2_2,253
535,CO_glscf_2_2_3,"correlation,glscf",CO_glscf_2_2_3,254
536,CO_glscf_2_2_4,"correlation,glscf",CO_glscf_2_2_4,255
537,CO_glscf_2_2_5,"correlation,glscf",CO_glscf_2_2_5,256
538,CO_glscf_2_2_tau,"correlation,glscf",CO_glscf_2_2_tau,257
539,CO_glscf_2_5_1,"correlation,glscf",CO_glscf_2_5_1,258
540,CO_glscf_2_5_2,"correlation,glscf",CO_glscf_2_5_2,259
541,CO_glscf_2_5_3,"correlation,glscf",CO_glscf_2_5_3,260
542,CO_glscf_2_5_4,"correlation,glscf",CO_glscf_2_5_4,261
543,CO_glscf_2_5_5,"correlation,glscf",CO_glscf_2_5_5,262
544,CO_glscf_2_5_tau,"correlation,glscf",CO_glscf_2_5_tau,263
545,CO_fzcglscf_1_1,"correlation,glscf,tau",CO_fzcglscf_1_1,264
546,CO_fzcglscf_1_2,"correlation,glscf,tau",CO_fzcglscf_1_2,265
547,CO_fzcglscf_1_3,"correlation,glscf,tau",CO_fzcglscf_1_3,266
548,CO_fzcglscf_1_4,"correlation,glscf,tau",CO_fzcglscf_1_4,267
549,CO_fzcglscf_1_5,"correlation,glscf,tau",CO_fzcglscf_1_5,268
550,CO_fzcglscf_1_6,"correlation,glscf,tau",CO_fzcglscf_1_6,269
551,CO_fzcglscf_1_7,"correlation,glscf,tau",CO_fzcglscf_1_7,270
552,CO_fzcglscf_1_8,"correlation,glscf,tau",CO_fzcglscf_1_8,271
553,CO_fzcglscf_1_9,"correlation,glscf,tau",CO_fzcglscf_1_9,272
554,CO_fzcglscf_1_10,"correlation,glscf,tau",CO_fzcglscf_1_10,273
555,CO_fzcglscf_2_2,"correlation,glscf,tau",CO_fzcglscf_2_2,274
556,CO_fzcglscf_2_5,"correlation,glscf,tau",CO_fzcglscf_2_5,275
557,CO_fzcglscf_2_10,"correlation,glscf,tau",CO_fzcglscf_2_10,276
558,CO_fzcglscf_5_5,"correlation,glscf,tau",CO_fzcglscf_5_5,277
559,CO_fzcglscf_5_10,"correlation,glscf,tau",CO_fzcglscf_5_10,278
560,CO_fzcglscf_10_10,"correlation,glscf,tau",CO_fzcglscf_10_10,279
561,seasonality_test,"periodicity",DT_IsSeasonal,280
562,StatAvl25,"stationarity,StatAv",StatAvl25,281
563,StatAvl50,"stationarity,StatAv",StatAvl50,282
564,StatAvl100,"stationarity,StatAv",StatAvl100,283
565,StatAvl150,"stationarity,StatAv",StatAvl150,284
566,StatAvl200,"stationarity,StatAv",StatAvl200,285
567,StatAvl250,"stationarity,StatAv",StatAvl250,286
568,StatAvl500,"stationarity,StatAv",StatAvl500,287
569,StatAvl1000,"stationarity,StatAv",StatAvl1000,288
570,StatAv2,"stationarity,StatAv",SY_SlidingWindow_m_s_2_1,289
571,StatAv3,"stationarity,StatAv",SY_SlidingWindow_m_s_3_1,290
572,StatAv4,"stationarity,StatAv",SY_SlidingWindow_m_s_4_1,291
573,StatAv5,"stationarity,StatAv",SY_SlidingWindow_m_s_5_1,292
574,StatAv6,"stationarity,StatAv",SY_SlidingWindow_m_s_6_1,293
575,StatAv7,"stationarity,StatAv",SY_SlidingWindow_m_s_7_1,294
576,StatAv8,"stationarity,StatAv",SY_SlidingWindow_m_s_8_1,295
577,StatAv9,"stationarity,StatAv",SY_SlidingWindow_m_s_9_1,296
578,StatAv10,"stationarity,StatAv",SY_SlidingWindow_m_s_10_1,297
579,SY_SlidingWindow_m_s2_2,"stationarity",SY_SlidingWindow_m_s2_2,298
580,SY_SlidingWindow_m_s2_10,"stationarity",SY_SlidingWindow_m_s2_10,299
581,SY_SlidingWindow_m_s5_2,"stationarity",SY_SlidingWindow_m_s5_2,300
582,SY_SlidingWindow_m_s5_10,"stationarity",SY_SlidingWindow_m_s5_10,301
583,SY_SlidingWindow_m_s10_2,"stationarity",SY_SlidingWindow_m_s10_2,302
584,SY_SlidingWindow_m_s10_10,"stationarity",SY_SlidingWindow_m_s10_10,303
585,SY_SlidingWindow_m_sampen2_10,"stationarity",SY_SlidingWindow_m_sampen2_10,304
586,SY_SlidingWindow_m_sampen5_10,"stationarity",SY_SlidingWindow_m_sampen5_10,305
587,SY_SlidingWindow_m_sampen10_1,"stationarity",SY_SlidingWindow_m_sampen10_1,306
588,SY_SlidingWindow_m_sampen10_2,"stationarity",SY_SlidingWindow_m_sampen10_2,307
589,SY_SlidingWindow_m_sampen10_10,"stationarity",SY_SlidingWindow_m_sampen10_10,308
590,SY_SlidingWindow_m_ent2_1,"stationarity",SY_SlidingWindow_m_ent2_1,309
591,SY_SlidingWindow_m_ent2_2,"stationarity",SY_SlidingWindow_m_ent2_2,310
592,SY_SlidingWindow_m_ent2_10,"stationarity",SY_SlidingWindow_m_ent2_10,311
593,SY_SlidingWindow_m_ent5_1,"stationarity",SY_SlidingWindow_m_ent5_1,312
594,SY_SlidingWindow_m_ent5_2,"stationarity",SY_SlidingWindow_m_ent5_2,313
595,SY_SlidingWindow_m_ent5_10,"stationarity",SY_SlidingWindow_m_ent5_10,314
596,SY_SlidingWindow_m_ent10_1,"stationarity",SY_SlidingWindow_m_ent10_1,315
597,SY_SlidingWindow_m_ent10_2,"stationarity",SY_SlidingWindow_m_ent10_2,316
598,SY_SlidingWindow_m_ent10_10,"stationarity",SY_SlidingWindow_m_ent10_10,317
599,SY_SlidingWindow_s_s2_1,"stationarity",SY_SlidingWindow_s_s2_1,318
600,SY_SlidingWindow_s_s2_2,"stationarity",SY_SlidingWindow_s_s2_2,319
601,SY_SlidingWindow_s_s2_10,"stationarity",SY_SlidingWindow_s_s2_10,320
602,SY_SlidingWindow_s_s5_1,"stationarity",SY_SlidingWindow_s_s5_1,321
603,SY_SlidingWindow_s_s5_2,"stationarity",SY_SlidingWindow_s_s5_2,322
604,SY_SlidingWindow_s_s5_10,"stationarity",SY_SlidingWindow_s_s5_10,323
605,SY_SlidingWindow_s_s10_1,"stationarity",SY_SlidingWindow_s_s10_1,324
606,SY_SlidingWindow_s_s10_2,"stationarity",SY_SlidingWindow_s_s10_2,325
607,SY_SlidingWindow_s_s10_10,"stationarity",SY_SlidingWindow_s_s10_10,326
608,SY_SlidingWindow_s_sampen2_10,"stationarity",SY_SlidingWindow_s_sampen2_10,327
609,SY_SlidingWindow_s_sampen5_10,"stationarity",SY_SlidingWindow_s_sampen5_10,328
610,SY_SlidingWindow_s_sampen10_1,"stationarity",SY_SlidingWindow_s_sampen10_1,329
611,SY_SlidingWindow_s_sampen10_2,"stationarity",SY_SlidingWindow_s_sampen10_2,330
612,SY_SlidingWindow_s_sampen10_10,"stationarity",SY_SlidingWindow_s_sampen10_10,331
613,SY_SlidingWindow_s_ent2_1,"stationarity",SY_SlidingWindow_s_ent2_1,332
614,SY_SlidingWindow_s_ent2_2,"stationarity",SY_SlidingWindow_s_ent2_2,333
615,SY_SlidingWindow_s_ent2_10,"stationarity",SY_SlidingWindow_s_ent2_10,334
616,SY_SlidingWindow_s_ent5_1,"stationarity",SY_SlidingWindow_s_ent5_1,335
617,SY_SlidingWindow_s_ent5_2,"stationarity",SY_SlidingWindow_s_ent5_2,336
618,SY_SlidingWindow_s_ent5_10,"stationarity",SY_SlidingWindow_s_ent5_10,337
619,SY_SlidingWindow_s_ent10_1,"stationarity",SY_SlidingWindow_s_ent10_1,338
620,SY_SlidingWindow_s_ent10_2,"stationarity",SY_SlidingWindow_s_ent10_2,339
621,SY_SlidingWindow_s_ent10_10,"stationarity",SY_SlidingWindow_s_ent10_10,340
622,SY_SlidingWindow_ent_s2_1,"stationarity",SY_SlidingWindow_ent_s2_1,341
623,SY_SlidingWindow_ent_s2_2,"stationarity",SY_SlidingWindow_ent_s2_2,342
624,SY_SlidingWindow_ent_s2_10,"stationarity",SY_SlidingWindow_ent_s2_10,343
625,SY_SlidingWindow_ent_s5_1,"stationarity",SY_SlidingWindow_ent_s5_1,344
626,SY_SlidingWindow_ent_s5_2,"stationarity",SY_SlidingWindow_ent_s5_2,345
627,SY_SlidingWindow_ent_s5_10,"stationarity",SY_SlidingWindow_ent_s5_10,346
628,SY_SlidingWindow_ent_s10_1,"stationarity",SY_SlidingWindow_ent_s10_1,347
629,SY_SlidingWindow_ent_s10_2,"stationarity",SY_SlidingWindow_ent_s10_2,348
630,SY_SlidingWindow_ent_s10_10,"stationarity",SY_SlidingWindow_ent_s10_10,349
631,SY_SlidingWindow_ent_sampen2_10,"stationarity",SY_SlidingWindow_ent_sampen2_10,350
632,SY_SlidingWindow_ent_sampen5_10,"stationarity",SY_SlidingWindow_ent_sampen5_10,351
633,SY_SlidingWindow_ent_sampen10_2,"stationarity",SY_SlidingWindow_ent_sampen10_2,352
634,SY_SlidingWindow_ent_sampen10_10,"stationarity",SY_SlidingWindow_ent_sampen10_10,353
635,SY_SlidingWindow_ent_ent2_1,"stationarity",SY_SlidingWindow_ent_ent2_1,354
636,SY_SlidingWindow_ent_ent2_2,"stationarity",SY_SlidingWindow_ent_ent2_2,355
637,SY_SlidingWindow_ent_ent2_10,"stationarity",SY_SlidingWindow_ent_ent2_10,356
638,SY_SlidingWindow_ent_ent5_1,"stationarity",SY_SlidingWindow_ent_ent5_1,357
639,SY_SlidingWindow_ent_ent5_2,"stationarity",SY_SlidingWindow_ent_ent5_2,358
640,SY_SlidingWindow_ent_ent5_10,"stationarity",SY_SlidingWindow_ent_ent5_10,359
641,SY_SlidingWindow_ent_ent10_1,"stationarity",SY_SlidingWindow_ent_ent10_1,360
642,SY_SlidingWindow_ent_ent10_2,"stationarity",SY_SlidingWindow_ent_ent10_2,361
643,SY_SlidingWindow_ent_ent10_10,"stationarity",SY_SlidingWindow_ent_ent10_10,362
644,SY_SlidingWindow_sampen_s2_1,"stationarity",SY_SlidingWindow_sampen_s2_1,363
645,SY_SlidingWindow_sampen_s2_2,"stationarity",SY_SlidingWindow_sampen_s2_2,364
646,SY_SlidingWindow_sampen_s2_10,"stationarity",SY_SlidingWindow_sampen_s2_10,365
647,SY_SlidingWindow_sampen_s5_1,"stationarity",SY_SlidingWindow_sampen_s5_1,366
648,SY_SlidingWindow_sampen_s5_2,"stationarity",SY_SlidingWindow_sampen_s5_2,367
649,SY_SlidingWindow_sampen_s5_10,"stationarity",SY_SlidingWindow_sampen_s5_10,368
650,SY_SlidingWindow_sampen_s10_1,"stationarity",SY_SlidingWindow_sampen_s10_1,369
651,SY_SlidingWindow_sampen_s10_2,"stationarity",SY_SlidingWindow_sampen_s10_2,370
652,SY_SlidingWindow_sampen_s10_10,"stationarity",SY_SlidingWindow_sampen_s10_10,371
653,SY_SlidingWindow_sampen_sampen2_10,"stationarity",SY_SlidingWindow_sampen_sampen2_10,372
654,SY_SlidingWindow_sampen_sampen5_10,"stationarity",SY_SlidingWindow_sampen_sampen5_10,373
655,SY_SlidingWindow_sampen_sampen10_1,"stationarity",SY_SlidingWindow_sampen_sampen10_1,374
656,SY_SlidingWindow_sampen_sampen10_2,"stationarity",SY_SlidingWindow_sampen_sampen10_2,375
657,SY_SlidingWindow_sampen_sampen10_10,"stationarity",SY_SlidingWindow_sampen_sampen10_10,376
658,SY_SlidingWindow_sampen_ent2_1,"stationarity",SY_SlidingWindow_sampen_ent2_1,377
659,SY_SlidingWindow_sampen_ent2_2,"stationarity",SY_SlidingWindow_sampen_ent2_2,378
660,SY_SlidingWindow_sampen_ent2_10,"stationarity",SY_SlidingWindow_sampen_ent2_10,379
661,SY_SlidingWindow_sampen_ent5_1,"stationarity",SY_SlidingWindow_sampen_ent5_1,380
662,SY_SlidingWindow_sampen_ent5_2,"stationarity",SY_SlidingWindow_sampen_ent5_2,381
663,SY_SlidingWindow_sampen_ent5_10,"stationarity",SY_SlidingWindow_sampen_ent5_10,382
664,SY_SlidingWindow_sampen_ent10_1,"stationarity",SY_SlidingWindow_sampen_ent10_1,383
665,SY_SlidingWindow_sampen_ent10_2,"stationarity",SY_SlidingWindow_sampen_ent10_2,384
666,SY_SlidingWindow_sampen_ent10_10,"stationarity",SY_SlidingWindow_sampen_ent10_10,385
667,SY_SlidingWindow_mom3_s2_1,"stationarity",SY_SlidingWindow_mom3_s2_1,386
668,SY_SlidingWindow_mom3_s2_2,"stationarity",SY_SlidingWindow_mom3_s2_2,387
669,SY_SlidingWindow_mom3_s2_10,"stationarity",SY_SlidingWindow_mom3_s2_10,388
670,SY_SlidingWindow_mom3_s5_1,"stationarity",SY_SlidingWindow_mom3_s5_1,389
671,SY_SlidingWindow_mom3_s5_2,"stationarity",SY_SlidingWindow_mom3_s5_2,390
672,SY_SlidingWindow_mom3_s5_10,"stationarity",SY_SlidingWindow_mom3_s5_10,391
673,SY_SlidingWindow_mom3_s10_1,"stationarity",SY_SlidingWindow_mom3_s10_1,392
674,SY_SlidingWindow_mom3_s10_2,"stationarity",SY_SlidingWindow_mom3_s10_2,393
675,SY_SlidingWindow_mom3_s10_10,"stationarity",SY_SlidingWindow_mom3_s10_10,394
676,SY_SlidingWindow_mom3_sampen2_10,"stationarity",SY_SlidingWindow_mom3_sampen2_10,395
677,SY_SlidingWindow_mom3_sampen5_10,"stationarity",SY_SlidingWindow_mom3_sampen5_10,396
678,SY_SlidingWindow_mom3_sampen10_1,"stationarity",SY_SlidingWindow_mom3_sampen10_1,397
679,SY_SlidingWindow_mom3_sampen10_2,"stationarity",SY_SlidingWindow_mom3_sampen10_2,398
680,SY_SlidingWindow_mom3_sampen10_10,"stationarity",SY_SlidingWindow_mom3_sampen10_10,399
681,SY_SlidingWindow_mom3_ent2_1,"stationarity",SY_SlidingWindow_mom3_ent2_1,400
682,SY_SlidingWindow_mom3_ent2_2,"stationarity",SY_SlidingWindow_mom3_ent2_2,401
683,SY_SlidingWindow_mom3_ent2_10,"stationarity",SY_SlidingWindow_mom3_ent2_10,402
684,SY_SlidingWindow_mom3_ent5_1,"stationarity",SY_SlidingWindow_mom3_ent5_1,403
685,SY_SlidingWindow_mom3_ent5_2,"stationarity",SY_SlidingWindow_mom3_ent5_2,404
686,SY_SlidingWindow_mom3_ent5_10,"stationarity",SY_SlidingWindow_mom3_ent5_10,405
687,SY_SlidingWindow_mom3_ent10_1,"stationarity",SY_SlidingWindow_mom3_ent10_1,406
688,SY_SlidingWindow_mom3_ent10_2,"stationarity",SY_SlidingWindow_mom3_ent10_2,407
689,SY_SlidingWindow_mom3_ent10_10,"stationarity",SY_SlidingWindow_mom3_ent10_10,408
690,SY_SlidingWindow_mom4_s2_1,"stationarity",SY_SlidingWindow_mom4_s2_1,409
691,SY_SlidingWindow_mom4_s2_2,"stationarity",SY_SlidingWindow_mom4_s2_2,410
692,SY_SlidingWindow_mom4_s2_10,"stationarity",SY_SlidingWindow_mom4_s2_10,411
693,SY_SlidingWindow_mom4_s5_1,"stationarity",SY_SlidingWindow_mom4_s5_1,412
694,SY_SlidingWindow_mom4_s5_2,"stationarity",SY_SlidingWindow_mom4_s5_2,413
695,SY_SlidingWindow_mom4_s5_10,"stationarity",SY_SlidingWindow_mom4_s5_10,414
696,SY_SlidingWindow_mom4_s10_1,"stationarity",SY_SlidingWindow_mom4_s10_1,415
697,SY_SlidingWindow_mom4_s10_2,"stationarity",SY_SlidingWindow_mom4_s10_2,416
698,SY_SlidingWindow_mom4_s10_10,"stationarity",SY_SlidingWindow_mom4_s10_10,417
699,SY_SlidingWindow_mom4_sampen2_10,"stationarity",SY_SlidingWindow_mom4_sampen2_10,418
700,SY_SlidingWindow_mom4_sampen5_10,"stationarity",SY_SlidingWindow_mom4_sampen5_10,419
701,SY_SlidingWindow_mom4_sampen10_1,"stationarity",SY_SlidingWindow_mom4_sampen10_1,420
702,SY_SlidingWindow_mom4_sampen10_2,"stationarity",SY_SlidingWindow_mom4_sampen10_2,421
703,SY_SlidingWindow_mom4_sampen10_10,"stationarity",SY_SlidingWindow_mom4_sampen10_10,422
704,SY_SlidingWindow_mom4_ent2_1,"stationarity",SY_SlidingWindow_mom4_ent2_1,423
705,SY_SlidingWindow_mom4_ent2_2,"stationarity",SY_SlidingWindow_mom4_ent2_2,424
706,SY_SlidingWindow_mom4_ent2_10,"stationarity",SY_SlidingWindow_mom4_ent2_10,425
707,SY_SlidingWindow_mom4_ent5_1,"stationarity",SY_SlidingWindow_mom4_ent5_1,426
708,SY_SlidingWindow_mom4_ent5_2,"stationarity",SY_SlidingWindow_mom4_ent5_2,427
709,SY_SlidingWindow_mom4_ent5_10,"stationarity",SY_SlidingWindow_mom4_ent5_10,428
710,SY_SlidingWindow_mom4_ent10_1,"stationarity",SY_SlidingWindow_mom4_ent10_1,429
711,SY_SlidingWindow_mom4_ent10_2,"stationarity",SY_SlidingWindow_mom4_ent10_2,430
712,SY_SlidingWindow_mom4_ent10_10,"stationarity",SY_SlidingWindow_mom4_ent10_10,431
713,SY_SlidingWindow_lil_s2_1,"stationarity",SY_SlidingWindow_lil_s2_1,432
714,SY_SlidingWindow_lil_s2_2,"stationarity",SY_SlidingWindow_lil_s2_2,433
715,SY_SlidingWindow_lil_s2_10,"stationarity",SY_SlidingWindow_lil_s2_10,434
716,SY_SlidingWindow_lil_s5_1,"stationarity",SY_SlidingWindow_lil_s5_1,435
717,SY_SlidingWindow_lil_s5_2,"stationarity",SY_SlidingWindow_lil_s5_2,436
718,SY_SlidingWindow_lil_s5_10,"stationarity",SY_SlidingWindow_lil_s5_10,437
719,SY_SlidingWindow_lil_s10_1,"stationarity",SY_SlidingWindow_lil_s10_1,438
720,SY_SlidingWindow_lil_s10_2,"stationarity",SY_SlidingWindow_lil_s10_2,439
721,SY_SlidingWindow_lil_s10_10,"stationarity",SY_SlidingWindow_lil_s10_10,440
722,SY_SlidingWindow_lil_sampen2_10,"stationarity",SY_SlidingWindow_lil_sampen2_10,441
723,SY_SlidingWindow_lil_sampen5_10,"stationarity",SY_SlidingWindow_lil_sampen5_10,442
724,SY_SlidingWindow_lil_sampen10_1,"stationarity",SY_SlidingWindow_lil_sampen10_1,443
725,SY_SlidingWindow_lil_sampen10_2,"stationarity",SY_SlidingWindow_lil_sampen10_2,444
726,SY_SlidingWindow_lil_sampen10_10,"stationarity",SY_SlidingWindow_lil_sampen10_10,445
727,SY_SlidingWindow_lil_ent2_1,"stationarity",SY_SlidingWindow_lil_ent2_1,446
728,SY_SlidingWindow_lil_ent2_2,"stationarity",SY_SlidingWindow_lil_ent2_2,447
729,SY_SlidingWindow_lil_ent2_10,"stationarity",SY_SlidingWindow_lil_ent2_10,448
730,SY_SlidingWindow_lil_ent5_1,"stationarity",SY_SlidingWindow_lil_ent5_1,449
731,SY_SlidingWindow_lil_ent5_2,"stationarity",SY_SlidingWindow_lil_ent5_2,450
732,SY_SlidingWindow_lil_ent5_10,"stationarity",SY_SlidingWindow_lil_ent5_10,451
733,SY_SlidingWindow_lil_ent10_1,"stationarity",SY_SlidingWindow_lil_ent10_1,452
734,SY_SlidingWindow_lil_ent10_2,"stationarity",SY_SlidingWindow_lil_ent10_2,453
735,SY_SlidingWindow_lil_ent10_10,"stationarity",SY_SlidingWindow_lil_ent10_10,454
736,SY_SlidingWindow_ac1_s2_1,"stationarity",SY_SlidingWindow_ac1_s2_1,455
737,SY_SlidingWindow_ac1_s2_2,"stationarity",SY_SlidingWindow_ac1_s2_2,456
738,SY_SlidingWindow_ac1_s2_10,"stationarity",SY_SlidingWindow_ac1_s2_10,457
739,SY_SlidingWindow_ac1_s5_1,"stationarity",SY_SlidingWindow_ac1_s5_1,458
740,SY_SlidingWindow_ac1_s5_2,"stationarity",SY_SlidingWindow_ac1_s5_2,459
741,SY_SlidingWindow_ac1_s5_10,"stationarity",SY_SlidingWindow_ac1_s5_10,460
742,SY_SlidingWindow_ac1_s10_1,"stationarity",SY_SlidingWindow_ac1_s10_1,461
743,SY_SlidingWindow_ac1_s10_2,"stationarity",SY_SlidingWindow_ac1_s10_2,462
744,SY_SlidingWindow_ac1_s10_10,"stationarity",SY_SlidingWindow_ac1_s10_10,463
745,SY_SlidingWindow_ac1_sampen2_10,"stationarity",SY_SlidingWindow_ac1_sampen2_10,464
746,SY_SlidingWindow_ac1_sampen5_10,"stationarity",SY_SlidingWindow_ac1_sampen5_10,465
747,SY_SlidingWindow_ac1_sampen10_1,"stationarity",SY_SlidingWindow_ac1_sampen10_1,466
748,SY_SlidingWindow_ac1_sampen10_2,"stationarity",SY_SlidingWindow_ac1_sampen10_2,467
749,SY_SlidingWindow_ac1_sampen10_10,"stationarity",SY_SlidingWindow_ac1_sampen10_10,468
750,SY_SlidingWindow_ac1_ent2_1,"stationarity",SY_SlidingWindow_ac1_ent2_1,469
751,SY_SlidingWindow_ac1_ent2_2,"stationarity",SY_SlidingWindow_ac1_ent2_2,470
752,SY_SlidingWindow_ac1_ent2_10,"stationarity",SY_SlidingWindow_ac1_ent2_10,471
753,SY_SlidingWindow_ac1_ent5_1,"stationarity",SY_SlidingWindow_ac1_ent5_1,472
754,SY_SlidingWindow_ac1_ent5_2,"stationarity",SY_SlidingWindow_ac1_ent5_2,473
755,SY_SlidingWindow_ac1_ent5_10,"stationarity",SY_SlidingWindow_ac1_ent5_10,474
756,SY_SlidingWindow_ac1_ent10_1,"stationarity",SY_SlidingWindow_ac1_ent10_1,475
757,SY_SlidingWindow_ac1_ent10_2,"stationarity",SY_SlidingWindow_ac1_ent10_2,476
758,SY_SlidingWindow_ac1_ent10_10,"stationarity",SY_SlidingWindow_ac1_ent10_10,477
759,SY_Trend_stdRatio,"stationarity",SY_Trend.stdRatio,478
760,SY_Trend_gradient,"stationarity",SY_Trend.gradient,478
761,SY_Trend_intercept,"stationarity",SY_Trend.intercept,478
762,SY_Trend_meanYC,"stationarity",SY_Trend.meanYC,478
763,SY_Trend_stdYC,"stationarity",SY_Trend.stdYC,478
764,SY_Trend_gradientYC,"stationarity",SY_Trend.gradientYC,478
765,SY_Trend_interceptYC,"stationarity",SY_Trend.interceptYC,478
766,SY_Trend_meanYC12,"stationarity",SY_Trend.meanYC12,478
767,SY_Trend_meanYC22,"stationarity",SY_Trend.meanYC22,478
768,SC_fastdfa_exponent,"scaling,mex",SC_fastdfa,904
769,SY_StdNthDer_1,"entropy",SY_StdNthDer_1,479
770,SY_StdNthDer_2,"entropy",SY_StdNthDer_2,480
771,SY_StdNthDer_3,"entropy",SY_StdNthDer_3,481
772,SY_StdNthDer_4,"entropy",SY_StdNthDer_4,482
773,SY_StdNthDer_5,"entropy",SY_StdNthDer_5,483
774,SY_StdNthDer_10,"entropy",SY_StdNthDer_10,484
775,SY_LocalDistributions_2_each,"stationarity",SY_LocalDistributions_2_each,500
776,SY_LocalGlobal_absmean_l10,"stationarity,distribution",SY_LocalGlobal_l10.absmean,505
777,SY_LocalGlobal_absmean_l20,"stationarity,distribution",SY_LocalGlobal_l20.absmean,506
778,SY_LocalGlobal_absmean_l50,"stationarity,distribution",SY_LocalGlobal_l50.absmean,507
779,SY_LocalGlobal_absmean_l100,"stationarity,distribution",SY_LocalGlobal_l100.absmean,508
780,SY_LocalGlobal_absmean_l500,"stationarity,distribution",SY_LocalGlobal_l500.absmean,509
781,SY_LocalGlobal_absmean_p01,"stationarity,distribution",SY_LocalGlobal_p01.absmean,510
782,SY_LocalGlobal_absmean_p05,"stationarity,distribution",SY_LocalGlobal_p05.absmean,511
783,SY_LocalGlobal_absmean_p1,"stationarity,distribution",SY_LocalGlobal_p1.absmean,512
784,SY_LocalGlobal_absmean_p5,"stationarity,distribution",SY_LocalGlobal_p5.absmean,513
785,SY_LocalGlobal_absmean_unicg10,"stationarity,distribution",SY_LocalGlobal_unicg10.absmean,514
786,SY_LocalGlobal_absmean_unicg20,"stationarity,distribution",SY_LocalGlobal_unicg20.absmean,515
787,SY_LocalGlobal_absmean_unicg50,"stationarity,distribution",SY_LocalGlobal_unicg50.absmean,516
788,SY_LocalGlobal_absmean_unicg100,"stationarity,distribution",SY_LocalGlobal_unicg100.absmean,517
789,SY_LocalGlobal_absmean_unicg500,"stationarity,distribution",SY_LocalGlobal_unicg500.absmean,518
790,SY_LocalGlobal_std_l10,"stationarity,distribution",SY_LocalGlobal_l10.std,505
791,SY_LocalGlobal_std_l20,"stationarity,distribution",SY_LocalGlobal_l20.std,506
792,SY_LocalGlobal_std_l50,"stationarity,distribution",SY_LocalGlobal_l50.std,507
793,SY_LocalGlobal_std_l100,"stationarity,distribution",SY_LocalGlobal_l100.std,508
794,SY_LocalGlobal_std_l500,"stationarity,distribution",SY_LocalGlobal_l500.std,509
795,SY_LocalGlobal_std_p01,"stationarity,distribution",SY_LocalGlobal_p01.std,510
796,SY_LocalGlobal_std_p05,"stationarity,distribution",SY_LocalGlobal_p05.std,511
797,SY_LocalGlobal_std_p1,"stationarity,distribution",SY_LocalGlobal_p1.std,512
798,SY_LocalGlobal_std_p5,"stationarity,distribution",SY_LocalGlobal_p5.std,513
799,SY_LocalGlobal_std_unicg10,"stationarity,distribution",SY_LocalGlobal_unicg10.std,514
800,SY_LocalGlobal_std_unicg20,"stationarity,distribution",SY_LocalGlobal_unicg20.std,515
801,SY_LocalGlobal_std_unicg50,"stationarity,distribution",SY_LocalGlobal_unicg50.std,516
802,SY_LocalGlobal_std_unicg100,"stationarity,distribution",SY_LocalGlobal_unicg100.std,517
803,SY_LocalGlobal_std_unicg500,"stationarity,distribution",SY_LocalGlobal_unicg500.std,518
804,SY_LocalGlobal_median_l10,"stationarity,distribution",SY_LocalGlobal_l10.median,505
805,SY_LocalGlobal_median_l20,"stationarity,distribution",SY_LocalGlobal_l20.median,506
806,SY_LocalGlobal_median_l50,"stationarity,distribution",SY_LocalGlobal_l50.median,507
807,SY_LocalGlobal_median_l100,"stationarity,distribution",SY_LocalGlobal_l100.median,508
808,SY_LocalGlobal_median_l500,"stationarity,distribution",SY_LocalGlobal_l500.median,509
809,SY_LocalGlobal_median_p01,"stationarity,distribution",SY_LocalGlobal_p01.median,510
810,SY_LocalGlobal_median_p05,"stationarity,distribution",SY_LocalGlobal_p05.median,511
811,SY_LocalGlobal_median_p1,"stationarity,distribution",SY_LocalGlobal_p1.median,512
812,SY_LocalGlobal_median_p5,"stationarity,distribution",SY_LocalGlobal_p5.median,513
813,SY_LocalGlobal_median_unicg10,"stationarity,distribution",SY_LocalGlobal_unicg10.median,514
814,SY_LocalGlobal_median_unicg20,"stationarity,distribution",SY_LocalGlobal_unicg20.median,515
815,SY_LocalGlobal_median_unicg50,"stationarity,distribution",SY_LocalGlobal_unicg50.median,516
816,SY_LocalGlobal_median_unicg100,"stationarity,distribution",SY_LocalGlobal_unicg100.median,517
817,SY_LocalGlobal_median_unicg500,"stationarity,distribution",SY_LocalGlobal_unicg500.median,518
818,SY_LocalGlobal_iqr_l10,"stationarity,distribution",SY_LocalGlobal_l10.iqr,505
819,SY_LocalGlobal_iqr_l20,"stationarity,distribution",SY_LocalGlobal_l20.iqr,506
820,SY_LocalGlobal_iqr_l50,"stationarity,distribution",SY_LocalGlobal_l50.iqr,507
821,SY_LocalGlobal_iqr_l100,"stationarity,distribution",SY_LocalGlobal_l100.iqr,508
822,SY_LocalGlobal_iqr_l500,"stationarity,distribution",SY_LocalGlobal_l500.iqr,509
823,SY_LocalGlobal_iqr_p01,"stationarity,distribution",SY_LocalGlobal_p01.iqr,510
824,SY_LocalGlobal_iqr_p05,"stationarity,distribution",SY_LocalGlobal_p05.iqr,511
825,SY_LocalGlobal_iqr_p1,"stationarity,distribution",SY_LocalGlobal_p1.iqr,512
826,SY_LocalGlobal_iqr_p5,"stationarity,distribution",SY_LocalGlobal_p5.iqr,513
827,SY_LocalGlobal_iqr_unicg10,"stationarity,distribution",SY_LocalGlobal_unicg10.iqr,514
828,SY_LocalGlobal_iqr_unicg20,"stationarity,distribution",SY_LocalGlobal_unicg20.iqr,515
829,SY_LocalGlobal_iqr_unicg50,"stationarity,distribution",SY_LocalGlobal_unicg50.iqr,516
830,SY_LocalGlobal_iqr_unicg100,"stationarity,distribution",SY_LocalGlobal_unicg100.iqr,517
831,SY_LocalGlobal_iqr_unicg500,"stationarity,distribution",SY_LocalGlobal_unicg500.iqr,518
832,SY_LocalGlobal_skewness_l10,"stationarity,distribution",SY_LocalGlobal_l10.skewness,505
833,SY_LocalGlobal_skewness_l20,"stationarity,distribution",SY_LocalGlobal_l20.skewness,506
834,SY_LocalGlobal_skewness_l50,"stationarity,distribution",SY_LocalGlobal_l50.skewness,507
835,SY_LocalGlobal_skewness_l100,"stationarity,distribution",SY_LocalGlobal_l100.skewness,508
836,SY_LocalGlobal_skewness_l500,"stationarity,distribution",SY_LocalGlobal_l500.skewness,509
837,SY_LocalGlobal_skewness_p01,"stationarity,distribution",SY_LocalGlobal_p01.skewness,510
838,SY_LocalGlobal_skewness_p05,"stationarity,distribution",SY_LocalGlobal_p05.skewness,511
839,SY_LocalGlobal_skewness_p1,"stationarity,distribution",SY_LocalGlobal_p1.skewness,512
840,SY_LocalGlobal_skewness_p5,"stationarity,distribution",SY_LocalGlobal_p5.skewness,513
841,SY_LocalGlobal_skewness_unicg10,"stationarity,distribution",SY_LocalGlobal_unicg10.skewness,514
842,SY_LocalGlobal_skewness_unicg20,"stationarity,distribution",SY_LocalGlobal_unicg20.skewness,515
843,SY_LocalGlobal_skewness_unicg50,"stationarity,distribution",SY_LocalGlobal_unicg50.skewness,516
844,SY_LocalGlobal_skewness_unicg100,"stationarity,distribution",SY_LocalGlobal_unicg100.skewness,517
845,SY_LocalGlobal_skewness_unicg500,"stationarity,distribution",SY_LocalGlobal_unicg500.skewness,518
846,SY_LocalGlobal_kurtosis_l10,"stationarity,distribution",SY_LocalGlobal_l10.kurtosis,505
847,SY_LocalGlobal_kurtosis_l20,"stationarity,distribution",SY_LocalGlobal_l20.kurtosis,506
848,SY_LocalGlobal_kurtosis_l50,"stationarity,distribution",SY_LocalGlobal_l50.kurtosis,507
849,SY_LocalGlobal_kurtosis_l100,"stationarity,distribution",SY_LocalGlobal_l100.kurtosis,508
850,SY_LocalGlobal_kurtosis_l500,"stationarity,distribution",SY_LocalGlobal_l500.kurtosis,509
851,SY_LocalGlobal_kurtosis_p01,"stationarity,distribution",SY_LocalGlobal_p01.kurtosis,510
852,SY_LocalGlobal_kurtosis_p05,"stationarity,distribution",SY_LocalGlobal_p05.kurtosis,511
853,SY_LocalGlobal_kurtosis_p1,"stationarity,distribution",SY_LocalGlobal_p1.kurtosis,512
854,SY_LocalGlobal_kurtosis_p5,"stationarity,distribution",SY_LocalGlobal_p5.kurtosis,513
855,SY_LocalGlobal_kurtosis_unicg10,"stationarity,distribution",SY_LocalGlobal_unicg10.kurtosis,514
856,SY_LocalGlobal_kurtosis_unicg20,"stationarity,distribution",SY_LocalGlobal_unicg20.kurtosis,515
857,SY_LocalGlobal_kurtosis_unicg50,"stationarity,distribution",SY_LocalGlobal_unicg50.kurtosis,516
858,SY_LocalGlobal_kurtosis_unicg100,"stationarity,distribution",SY_LocalGlobal_unicg100.kurtosis,517
859,SY_LocalGlobal_kurtosis_unicg500,"stationarity,distribution",SY_LocalGlobal_unicg500.kurtosis,518
860,SY_LocalGlobal_AC1_l10,"stationarity",SY_LocalGlobal_l10.ac1,505
861,SY_LocalGlobal_AC1_l20,"stationarity",SY_LocalGlobal_l20.ac1,506
862,SY_LocalGlobal_AC1_l50,"stationarity",SY_LocalGlobal_l50.ac1,507
863,SY_LocalGlobal_AC1_l100,"stationarity",SY_LocalGlobal_l100.ac1,508
864,SY_LocalGlobal_AC1_l500,"stationarity",SY_LocalGlobal_l500.ac1,509
865,SY_LocalGlobal_AC1_p01,"stationarity",SY_LocalGlobal_p01.ac1,510
866,SY_LocalGlobal_AC1_p05,"stationarity",SY_LocalGlobal_p05.ac1,511
867,SY_LocalGlobal_AC1_p1,"stationarity",SY_LocalGlobal_p1.ac1,512
868,SY_LocalGlobal_AC1_p5,"stationarity",SY_LocalGlobal_p5.ac1,513
869,SY_LocalGlobal_AC1_unicg10,"stationarity",SY_LocalGlobal_unicg10.ac1,514
870,SY_LocalGlobal_AC1_unicg20,"stationarity",SY_LocalGlobal_unicg20.ac1,515
871,SY_LocalGlobal_AC1_unicg50,"stationarity",SY_LocalGlobal_unicg50.ac1,516
872,SY_LocalGlobal_AC1_unicg100,"stationarity",SY_LocalGlobal_unicg100.ac1,517
873,SY_LocalGlobal_AC1_unicg500,"stationarity",SY_LocalGlobal_unicg500.ac1,518
874,EN_wentropy_shannon,"entropy",EN_wentropy_shannon,519
875,EN_wentropy_logenent,"entropy",EN_wentropy_logenent,520
876,EN_rpde_3_1_H,"entropy",EN_rpde_3_1.H,521
877,EN_rpde_3_1_H_norm,"entropy",EN_rpde_3_1.H_norm,521
878,EN_rpde_3_1_propNonZero,"entropy",EN_rpde_3_1.propNonZero,521
879,EN_rpde_3_1_meanNonZero,"entropy",EN_rpde_3_1.meanNonZero,521
880,EN_rpde_3_1_maxRPD,"entropy",EN_rpde_3_1.maxRPD,521
881,EN_rpde_3_ac_H,"entropy",EN_rpde_3_ac.H,522
882,EN_rpde_3_ac_H_norm,"entropy",EN_rpde_3_ac.H_norm,522
883,EN_rpde_3_ac_propNonZero,"entropy",EN_rpde_3_ac.propNonZero,522
884,EN_rpde_3_ac_meanNonZero,"entropy",EN_rpde_3_ac.meanNonZero,522
885,EN_rpde_3_ac_maxRPD,"entropy",EN_rpde_3_ac.maxRPD,522
886,RM_entropy,"entropy",RM_entropy,523
887,EN_CID_CE2,"entropy",EN_CID.CE2,524
888,EN_CID_minCE1,"entropy,distribution",EN_CID.minCE1,524
889,EN_CID_minCE2,"entropy,distribution",EN_CID.minCE2,524
890,EN_CID_CE1_norm,"entropy",EN_CID.CE1_norm,524
891,EN_CID_CE2_norm,"entropy",EN_CID.CE2_norm,524
892,EN_DistributionEntropy_ks_001_0,"entropy",EN_DistributionEntropy_ks_001_0,525
893,EN_DistributionEntropy_ks_01_0,"entropy",EN_DistributionEntropy_ks_01_0,526
894,EN_DistributionEntropy_ks_05_0,"entropy",EN_DistributionEntropy_ks_05_0,527
895,EN_DistributionEntropy_ks_1_0,"entropy",EN_DistributionEntropy_ks_1_0,528
896,EN_DistributionEntropy_ks__001,"entropy",EN_DistributionEntropy_ks__001,529
897,EN_DistributionEntropy_ks__002,"entropy",EN_DistributionEntropy_ks__002,530
898,EN_DistributionEntropy_ks__005,"entropy",EN_DistributionEntropy_ks__005,531
899,EN_DistributionEntropy_ks__01,"entropy",EN_DistributionEntropy_ks__01,532
900,EN_DistributionEntropy_ks__02,"entropy",EN_DistributionEntropy_ks__02,533
901,EN_DistributionEntropy_ks__03,"entropy",EN_DistributionEntropy_ks__03,534
902,EN_DistributionEntropy_raw_ks__001,"entropy,raw,spreadDependent",EN_DistributionEntropy_raw_ks__001,535
903,EN_DistributionEntropy_raw_ks__002,"entropy,raw,spreadDependent",EN_DistributionEntropy_raw_ks__002,536
904,EN_DistributionEntropy_raw_ks__005,"entropy,raw,spreadDependent",EN_DistributionEntropy_raw_ks__005,537
905,EN_DistributionEntropy_raw_ks__01,"entropy,raw,spreadDependent",EN_DistributionEntropy_raw_ks__01,538
906,EN_DistributionEntropy_raw_ks__02,"entropy,raw,spreadDependent",EN_DistributionEntropy_raw_ks__02,539
907,EN_DistributionEntropy_raw_ks__03,"entropy,raw,spreadDependent",EN_DistributionEntropy_raw_ks__03,540
908,EN_DistributionEntropy_hist_5_0,"entropy",EN_DistributionEntropy_hist_5_0,541
909,EN_DistributionEntropy_hist_10_0,"entropy",EN_DistributionEntropy_hist_10_0,542
910,EN_DistributionEntropy_hist_20_0,"entropy",EN_DistributionEntropy_hist_20_0,543
911,EN_DistributionEntropy_hist_50_0,"entropy",EN_DistributionEntropy_hist_50_0,544
912,EN_DistributionEntropy_hist_auto_0,"entropy",EN_DistributionEntropy_hist_auto_0,545
913,EN_DistributionEntropy_hist_sqrt_0,"entropy",EN_DistributionEntropy_hist_sqrt_0,546
914,EN_DistributionEntropy_hist_fd_0,"entropy",EN_DistributionEntropy_hist_fd_0,547
915,EN_DistributionEntropy_hist_sturges_0,"entropy",EN_DistributionEntropy_hist_sturges_0,548
916,EN_DistributionEntropy_hist_10_001,"entropy",EN_DistributionEntropy_hist_10_001,549
917,EN_DistributionEntropy_hist_10_002,"entropy",EN_DistributionEntropy_hist_10_002,550
918,EN_DistributionEntropy_hist_10_005,"entropy",EN_DistributionEntropy_hist_10_005,551
919,EN_DistributionEntropy_hist_10_01,"entropy",EN_DistributionEntropy_hist_10_01,552
920,EN_DistributionEntropy_hist_10_02,"entropy",EN_DistributionEntropy_hist_10_02,553
921,EN_DistributionEntropy_hist_10_03,"entropy",EN_DistributionEntropy_hist_10_03,554
922,EN_DistributionEntropy_hist_auto_001,"entropy",EN_DistributionEntropy_hist_auto_001,555
923,EN_DistributionEntropy_hist_auto_002,"entropy",EN_DistributionEntropy_hist_auto_002,556
924,EN_DistributionEntropy_hist_auto_005,"entropy",EN_DistributionEntropy_hist_auto_005,557
925,EN_DistributionEntropy_hist_auto_01,"entropy",EN_DistributionEntropy_hist_auto_01,558
926,EN_DistributionEntropy_hist_auto_02,"entropy",EN_DistributionEntropy_hist_auto_02,559
927,EN_DistributionEntropy_hist_auto_03,"entropy",EN_DistributionEntropy_hist_auto_03,560
928,SB_BinaryStretch_lseq1,"binary",SB_BinaryStretch_lseq1,561
929,SB_BinaryStretch_lseq0,"binary",SB_BinaryStretch_lseq0,562
930,ApEn1_01,"entropy",ApEn1_01,563
931,ApEn1_02,"entropy",ApEn1_02,564
932,ApEn2_01,"entropy",ApEn2_01,565
933,ApEn2_02,"entropy",ApEn2_02,566
934,EN_PermEn_2_1_normPermEn,"entropy",EN_PermEn_2_1.normPermEn,567
935,EN_PermEn_3_1_normPermEn,"entropy",EN_PermEn_3_1.normPermEn,568
936,EN_PermEn_4_1_normPermEn,"entropy",EN_PermEn_4_1.normPermEn,569
937,EN_PermEn_5_1_normPermEn,"entropy",EN_PermEn_5_1.normPermEn,570
938,EN_PermEn_2_2_normPermEn,"entropy",EN_PermEn_2_2.normPermEn,571
939,EN_PermEn_3_2_normPermEn,"entropy",EN_PermEn_3_2.normPermEn,572
940,EN_PermEn_4_2_normPermEn,"entropy",EN_PermEn_4_2.normPermEn,573
941,EN_PermEn_5_2_normPermEn,"entropy",EN_PermEn_5_2.normPermEn,574
942,EN_PermEn_2_ac_normPermEn,"entropy",EN_PermEn_2_ac.normPermEn,575
943,EN_PermEn_3_ac_normPermEn,"entropy",EN_PermEn_3_ac.normPermEn,576
944,EN_PermEn_4_ac_normPermEn,"entropy",EN_PermEn_4_ac.normPermEn,577
945,EN_PermEn_5_ac_normPermEn,"entropy",EN_PermEn_5_ac.normPermEn,578
946,DN_Fit_mle_geometric,"distribution,fit",DN_Fit_mle_geometric,579
947,DN_FitKernelSmoothraw_numpeaks,"distribution,ksdensity,raw,spreadDependent",DN_FitKernelSmoothraw.npeaks,580
948,DN_FitKernelSmoothraw_entropy,"distribution,ksdensity,entropy,raw,spreadDependent",DN_FitKernelSmoothraw.entropy,580
949,DN_FitKernelSmoothzscore_entropy,"distribution,ksdensity,entropy",DN_FitKernelSmoothzscore.entropy,581
950,DN_FitKernelSmoothraw_max,"distribution,ksdensity,raw,spreadDependent",DN_FitKernelSmoothraw.max,580
951,DN_FitKernelSmoothzscore_max,"distribution,ksdensity",DN_FitKernelSmoothzscore.max,581
952,DN_FitKernelSmoothraw_asym,"distribution,ksdensity,symmetry,raw",DN_FitKernelSmoothraw.asym,580
953,DN_FitKernelSmoothraw_plsym,"distribution,ksdensity,symmetry,raw",DN_FitKernelSmoothraw.plsym,580
954,DN_FitKernelSmooth_ncross_005,"distribution,ksdensity,raw,spreadDependent",DN_FitKernelSmoothraw.numcross_005,580
955,DN_FitKernelSmooth_ncross_01,"distribution,ksdensity,raw,spreadDependent",DN_FitKernelSmoothraw.numcross_010,580
956,DN_FitKernelSmooth_ncross_02,"distribution,ksdensity,raw,spreadDependent",DN_FitKernelSmoothraw.numcross_020,580
957,DN_FitKernelSmooth_ncross_03,"distribution,ksdensity,raw,spreadDependent",DN_FitKernelSmoothraw.numcross_030,580
958,DN_FitKernelSmooth_ncross_04,"distribution,ksdensity,raw,spreadDependent",DN_FitKernelSmoothraw.numcross_040,580
959,DN_FitKernelSmooth_ncross_05,"distribution,ksdensity,raw,spreadDependent",DN_FitKernelSmoothraw.numcross_050,580
960,DN_FitKernelSmooth_area_005,"distribution,ksdensity,raw,spreadDependent",DN_FitKernelSmoothraw.area_005,580
961,DN_FitKernelSmooth_area_01,"distribution,ksdensity,raw,spreadDependent",DN_FitKernelSmoothraw.area_010,580
962,DN_FitKernelSmooth_area_02,"distribution,ksdensity,raw,spreadDependent",DN_FitKernelSmoothraw.area_020,580
963,DN_FitKernelSmooth_area_03,"distribution,ksdensity,raw,spreadDependent",DN_FitKernelSmoothraw.area_030,580
964,DN_FitKernelSmooth_area_04,"distribution,ksdensity,raw,spreadDependent",DN_FitKernelSmoothraw.area_040,580
965,DN_FitKernelSmooth_area_05,"distribution,ksdensity,raw,spreadDependent",DN_FitKernelSmoothraw.area_050,580
966,DN_FitKernelSmooth_arcl_01,"distribution,ksdensity,raw,spreadDependent",DN_FitKernelSmoothraw.arclength_010,580
967,DN_FitKernelSmooth_arcl_05,"distribution,ksdensity,raw,spreadDependent",DN_FitKernelSmoothraw.arclength_050,580
968,DN_FitKernelSmooth_arcl_1,"distribution,ksdensity,raw,spreadDependent",DN_FitKernelSmoothraw.arclength_100,580
969,DN_FitKernelSmooth_arcl_2,"distribution,ksdensity,raw,spreadDependent",DN_FitKernelSmoothraw.arclength_200,580
970,DK_timerev_1,"nonlinearity",DK_timerev_1,582
971,DK_timerev_2,"nonlinearity",DK_timerev_2,583
972,DK_timerev_3,"nonlinearity",DK_timerev_3,584
973,DK_timerev_4,"nonlinearity",DK_timerev_4,585
974,signtest,"hypothesistest,signtest",HT_HypothesisTest_signtest,586
975,runstest,"hypothesistest,randomness,raw",HT_HypothesisTest_runstest,587
976,lbqtest,"hypothesistest,randomness",HT_HypothesisTest_lbqtest,588
977,lbqtestraw,"hypothesistest,randomness,raw",HT_HypothesisTest_lbqtestraw,589
978,ztest,"hypothesistest",HT_HypothesisTest_ztest,590
979,signrank,"hypothesistest",HT_HypothesisTest_signrank,591
980,jbtest,"hypothesistest,raw",HT_HypothesisTest_jbtest,592
981,HT_DistributionTest_chi2norm5,"hypothesistest,distribution,raw",HT_DistributionTest_chi2norm5,593
982,HT_DistributionTest_chi2norm10,"hypothesistest,distribution,raw",HT_DistributionTest_chi2norm10,594
983,HT_DistributionTest_chi2norm25,"hypothesistest,distribution,raw",HT_DistributionTest_chi2norm25,595
984,HT_DistributionTest_chi2norm50,"hypothesistest,distribution,raw",HT_DistributionTest_chi2norm50,596
985,HT_DistributionTest_chi2norm100,"hypothesistest,distribution,raw",HT_DistributionTest_chi2norm100,597
986,HT_DistributionTest_chi2ev5,"hypothesistest,distribution,raw",HT_DistributionTest_chi2ev5,598
987,HT_DistributionTest_chi2ev10,"hypothesistest,distribution,raw",HT_DistributionTest_chi2ev10,599
988,HT_DistributionTest_chi2ev25,"hypothesistest,distribution,raw",HT_DistributionTest_chi2ev25,600
989,HT_DistributionTest_chi2ev50,"hypothesistest,distribution,raw",HT_DistributionTest_chi2ev50,601
990,HT_DistributionTest_chi2ev100,"hypothesistest,distribution,raw",HT_DistributionTest_chi2ev100,602
991,HT_DistributionTest_chi2uni5,"hypothesistest,distribution,raw",HT_DistributionTest_chi2uni5,603
992,HT_DistributionTest_chi2uni10,"hypothesistest,distribution,raw",HT_DistributionTest_chi2uni10,604
993,HT_DistributionTest_chi2uni25,"hypothesistest,distribution,raw",HT_DistributionTest_chi2uni25,605
994,HT_DistributionTest_chi2uni50,"hypothesistest,distribution,raw",HT_DistributionTest_chi2uni50,606
995,HT_DistributionTest_chi2uni100,"hypothesistest,distribution,raw",HT_DistributionTest_chi2uni100,607
996,HT_DistributionTest_chi2beta5,"hypothesistest,distribution,raw",HT_DistributionTest_chi2beta5,608
997,HT_DistributionTest_chi2beta10,"hypothesistest,distribution,raw",HT_DistributionTest_chi2beta10,609
998,HT_DistributionTest_chi2beta25,"hypothesistest,distribution,raw",HT_DistributionTest_chi2beta25,610
999,HT_DistributionTest_chi2beta50,"hypothesistest,distribution,raw",HT_DistributionTest_chi2beta50,611
1000,HT_DistributionTest_chi2beta100,"hypothesistest,distribution,raw",HT_DistributionTest_chi2beta100,612
1001,HT_DistributionTest_chi2rayl5,"hypothesistest,distribution,raw,locationDependent,posOnly",HT_DistributionTest_chi2rayl5,613
1002,HT_DistributionTest_chi2rayl10,"hypothesistest,distribution,raw,locationDependent,posOnly",HT_DistributionTest_chi2rayl10,614
1003,HT_DistributionTest_chi2rayl25,"hypothesistest,distribution,raw,locationDependent,posOnly",HT_DistributionTest_chi2rayl25,615
1004,HT_DistributionTest_chi2rayl50,"hypothesistest,distribution,raw,locationDependent,posOnly",HT_DistributionTest_chi2rayl50,616
1005,HT_DistributionTest_chi2rayl100,"hypothesistest,distribution,raw,posOnly",HT_DistributionTest_chi2rayl100,617
1006,HT_DistributionTest_chi2exp5,"hypothesistest,distribution,raw,locationDependent,posOnly",HT_DistributionTest_chi2exp5,618
1007,HT_DistributionTest_chi2exp10,"hypothesistest,distribution,raw,locationDependent,posOnly",HT_DistributionTest_chi2exp10,619
1008,HT_DistributionTest_chi2exp25,"hypothesistest,distribution,raw,locationDependent,posOnly",HT_DistributionTest_chi2exp25,620
1009,HT_DistributionTest_chi2exp50,"hypothesistest,distribution,raw,posOnly",HT_DistributionTest_chi2exp50,621
1010,HT_DistributionTest_chi2exp100,"hypothesistest,distribution,raw,posOnly",HT_DistributionTest_chi2exp100,622
1011,HT_DistributionTest_chi2gam5,"hypothesistest,distribution,raw,locationDependent,posOnly",HT_DistributionTest_chi2gam5,623
1012,HT_DistributionTest_chi2gam10,"hypothesistest,distribution,raw,locationDependent,posOnly",HT_DistributionTest_chi2gam10,624
1013,HT_DistributionTest_chi2gam25,"hypothesistest,distribution,raw,locationDependent,posOnly",HT_DistributionTest_chi2gam25,625
1014,HT_DistributionTest_chi2gam50,"hypothesistest,distribution,raw,locationDependent,posOnly",HT_DistributionTest_chi2gam50,626
1015,HT_DistributionTest_chi2gam100,"hypothesistest,distribution,raw,locationDependent,posOnly",HT_DistributionTest_chi2gam100,627
1016,HT_DistributionTest_chi2logn5,"hypothesistest,distribution,raw,locationDependent,posOnly",HT_DistributionTest_chi2logn5,628
1017,HT_DistributionTest_chi2logn10,"hypothesistest,distribution,raw,locationDependent,posOnly",HT_DistributionTest_chi2logn10,629
1018,HT_DistributionTest_chi2logn25,"hypothesistest,distribution,raw,locationDependent,posOnly",HT_DistributionTest_chi2logn25,630
1019,HT_DistributionTest_chi2logn50,"hypothesistest,distribution,raw,locationDependent,posOnly",HT_DistributionTest_chi2logn50,631
1020,HT_DistributionTest_chi2logn100,"hypothesistest,distribution,raw,locationDependent,posOnly",HT_DistributionTest_chi2logn100,632
1021,HT_DistributionTest_chi2wbl5,"hypothesistest,distribution,raw,locationDependent,posOnly",HT_DistributionTest_chi2wbl5,633
1022,HT_DistributionTest_chi2wbl10,"hypothesistest,distribution,raw,locationDependent,posOnly",HT_DistributionTest_chi2wbl10,634
1023,HT_DistributionTest_chi2wbl25,"hypothesistest,distribution,raw,locationDependent,posOnly",HT_DistributionTest_chi2wbl25,635
1024,HT_DistributionTest_chi2wbl50,"hypothesistest,distribution,raw,locationDependent,posOnly",HT_DistributionTest_chi2wbl50,636
1025,HT_DistributionTest_chi2wbl100,"hypothesistest,distribution,raw,locationDependent,posOnly",HT_DistributionTest_chi2wbl100,637
1026,HT_DistributionTest_ks_norm,"hypothesistest,distribution,ks,raw",HT_DistributionTest_ks_norm,638
1027,HT_DistributionTest_ks_ev,"hypothesistest,distribution,ks,raw",HT_DistributionTest_ks_ev,639
1028,HT_DistributionTest_ks_uni,"hypothesistest,distribution,ks,raw",HT_DistributionTest_ks_uni,640
1029,HT_DistributionTest_ks_beta,"hypothesistest,distribution,ks,raw",HT_DistributionTest_ks_beta,641
1030,HT_DistributionTest_ks_rayl,"hypothesistest,distribution,ks,raw,locationDependent,posOnly",HT_DistributionTest_ks_rayl,642
1031,HT_DistributionTest_ks_exp,"hypothesistest,distribution,ks,raw,locationDependent,posOnly",HT_DistributionTest_ks_exp,643
1032,HT_DistributionTest_ks_gam,"hypothesistest,distribution,ks,raw,locationDependent,posOnly",HT_DistributionTest_ks_gam,644
1033,HT_DistributionTest_ks_logn,"hypothesistest,distribution,ks,raw,locationDependent,posOnly",HT_DistributionTest_ks_logn,645
1034,HT_DistributionTest_ks_wbl,"hypothesistest,distribution,ks,raw,locationDependent,posOnly",HT_DistributionTest_ks_wbl,646
1035,HT_DistributionTest_lillie_norm,"hypothesistest,distribution,lillie,raw",HT_DistributionTest_lillie_norm,647
1036,HT_DistributionTest_lillie_ev,"hypothesistest,distribution,lillie,raw",HT_DistributionTest_lillie_ev,648
1037,HT_DistributionTest_lillie_exp,"hypothesistest,distribution,lillie,raw,locationDependent,posOnly",HT_DistributionTest_lillie_exp,649
1038,NL_TSTL_TakensEstimator_n1_005_005_1_8,"nonlinear,tstool,scaling,dimension",NL_TSTL_TakensEstimator_n1_005_005_1_8,650
1039,NL_TSTL_TakensEstimator_n1_005_005_1_3,"nonlinear,tstool,scaling,dimension",NL_TSTL_TakensEstimator_n1_005_005_1_3,651
1040,NL_TSTL_TakensEstimator_n1_005_005_ac_3,"nonlinear,tstool,scaling,dimension",NL_TSTL_TakensEstimator_n1_005_005_ac_3,652
1041,NL_TSTL_TakensEstimator_n1_005_005_mi_3,"nonlinear,tstool,scaling,dimension",NL_TSTL_TakensEstimator_n1_005_005_mi_3,653
1042,NL_TSTL_TakensEstimator_n1_005_005_mi_fnnmar,"nonlinear,tstool,crptool,scaling,dimension",NL_TSTL_TakensEstimator_n1_005_005_mi_fnnmar,654
1043,NL_TSTL_TakensEstimator_n1_01_005_1_10,"nonlinear,tstool,scaling,dimension",NL_TSTL_TakensEstimator_n1_01_005_1_10,655
1044,NL_DVV_3_100_2_50_10_default_trend,"delayVectorVariance",NL_DVV_3_100_2_50_10_default.trend,656
1045,NL_DVV_3_100_2_50_10_default_max,"delayVectorVariance",NL_DVV_3_100_2_50_10_default.max,656
1046,NL_DVV_3_100_2_50_10_default_min,"delayVectorVariance",NL_DVV_3_100_2_50_10_default.min,656
1047,NL_DVV_3_100_2_50_10_default_mean,"delayVectorVariance",NL_DVV_3_100_2_50_10_default.mean,656
1048,NL_DVV_3_100_2_50_10_default_meanDiff,"delayVectorVariance",NL_DVV_3_100_2_50_10_default.meanDiff,656
1049,NL_DVV_3_100_2_50_10_default_stdDiff,"delayVectorVariance",NL_DVV_3_100_2_50_10_default.stdDiff,656
1050,NL_DVV_3_100_2_50_10_default_trendDiff,"delayVectorVariance",NL_DVV_3_100_2_50_10_default.trendDiff,656
1051,NL_DVV_3_100_2_50_10_default_rmsDiffSurr,"delayVectorVariance",NL_DVV_3_100_2_50_10_default.rmsDiffSurr,656
1052,NL_DVV_3_100_2_50_10_default_meanDiffSurr,"delayVectorVariance",NL_DVV_3_100_2_50_10_default.meanDiffSurr,656
1053,NL_DVV_3_100_2_50_10_default_dataSurrCorr,"delayVectorVariance",NL_DVV_3_100_2_50_10_default.dataSurrCorr,656
1054,NL_DVV_3_100_2_50_10_default_trendDataSurr,"delayVectorVariance",NL_DVV_3_100_2_50_10_default.trendDataSurr,656
1055,NL_DVV_3_100_2_50_10_default_numZeroCrossings,"delayVectorVariance",NL_DVV_3_100_2_50_10_default.numZeroCrossings,656
1056,NL_DVV_3_100_2_50_10_default_trendSurr,"delayVectorVariance",NL_DVV_3_100_2_50_10_default.trendSurr,656
1057,NL_DVV_3_100_2_50_10_default_meanDiffTrendSurr,"delayVectorVariance",NL_DVV_3_100_2_50_10_default.meanDiffTrendSurr,656
1058,NL_DVV_3_100_2_50_10_default_meanNormCDF,"delayVectorVariance",NL_DVV_3_100_2_50_10_default.meanNormCDF,656
1059,DN_OutlierTest2_mean,"spread,distribution,outliers",DN_OutlierTest2.mean,657
1060,DN_OutlierTest2_std,"spread,distribution,outliers",DN_OutlierTest2.std,657
1061,DN_OutlierTest5_mean,"spread,distribution,outliers",DN_OutlierTest5.mean,658
1062,DN_OutlierTest5_std,"spread,distribution,outliers",DN_OutlierTest5.std,658
1063,DN_OutlierTest10_mean,"spread,distribution,outliers",DN_OutlierTest10.mean,659
1064,DN_OutlierTest10_std,"spread,distribution,outliers",DN_OutlierTest10.std,659
1065,ST_FitPolynomial_1,"trend",ST_FitPolynomial_1,660
1066,ST_FitPolynomial_2,"trend",ST_FitPolynomial_2,661
1067,ST_FitPolynomial_3,"trend",ST_FitPolynomial_3,662
1068,ST_FitPolynomial_4,"trend",ST_FitPolynomial_4,663
1069,DK_crinkle_statistic,"misc",DK_crinkle_statistic,664
1070,DK_TheilerQ,"misc",DK_TheilerQ,665
1071,CP_wavelet_varchg_db3_2_10_001,"wavelet,varchg",CP_wavelet_varchg_db3_2_10_001,666
1072,CP_wavelet_varchg_db3_3_10_001,"wavelet,varchg",CP_wavelet_varchg_db3_3_10_001,667
1073,CP_wavelet_varchg_db3_4_10_001,"wavelet,varchg",CP_wavelet_varchg_db3_4_10_001,668
1074,CP_wavelet_varchg_db3_5_10_001,"wavelet,varchg",CP_wavelet_varchg_db3_5_10_001,669
1075,CP_wavelet_varchg_sym2_2_10_001,"wavelet,varchg",CP_wavelet_varchg_sym2_2_10_001,670
1076,CP_wavelet_varchg_sym2_3_10_001,"wavelet,varchg",CP_wavelet_varchg_sym2_3_10_001,671
1077,CP_wavelet_varchg_sym2_4_10_001,"wavelet,varchg",CP_wavelet_varchg_sym2_4_10_001,672
1078,CP_wavelet_varchg_sym2_5_10_001,"wavelet,varchg",CP_wavelet_varchg_sym2_5_10_001,673
1079,EN_MS_LZcomplexity_2,"entropy,mex",EN_MS_LZcomplexity_2,674
1080,EN_MS_LZcomplexity_3,"entropy,mex",EN_MS_LZcomplexity_3,675
1081,EN_MS_LZcomplexity_4,"entropy,mex",EN_MS_LZcomplexity_4,676
1082,EN_MS_LZcomplexity_5,"entropy,mex",EN_MS_LZcomplexity_5,677
1083,EN_MS_LZcomplexity_6,"entropy,mex",EN_MS_LZcomplexity_6,678
1084,EN_MS_LZcomplexity_7,"entropy,mex",EN_MS_LZcomplexity_7,679
1085,EN_MS_LZcomplexity_8,"entropy,mex",EN_MS_LZcomplexity_8,680
1086,EN_MS_LZcomplexity_9,"entropy,mex",EN_MS_LZcomplexity_9,681
1087,EN_MS_LZcomplexity_10,"entropy,mex",EN_MS_LZcomplexity_10,682
1088,EN_MS_LZcomplexity_2_diff,"entropy,mex",EN_MS_LZcomplexity_2_diff,683
1089,EN_MS_LZcomplexity_3_diff,"entropy,mex",EN_MS_LZcomplexity_3_diff,684
1090,EN_MS_LZcomplexity_4_diff,"entropy,mex",EN_MS_LZcomplexity_4_diff,685
1091,EN_MS_LZcomplexity_5_diff,"entropy,mex",EN_MS_LZcomplexity_5_diff,686
1092,EN_MS_LZcomplexity_6_diff,"entropy,mex",EN_MS_LZcomplexity_6_diff,687
1093,EN_MS_LZcomplexity_7_diff,"entropy,mex",EN_MS_LZcomplexity_7_diff,688
1094,EN_MS_LZcomplexity_8_diff,"entropy,mex",EN_MS_LZcomplexity_8_diff,689
1095,EN_MS_LZcomplexity_9_diff,"entropy,mex",EN_MS_LZcomplexity_9_diff,690
1096,EN_MS_LZcomplexity_10_diff,"entropy,mex",EN_MS_LZcomplexity_10_diff,691
1097,MS_shannon_2_2,"entropy,mex",MS_shannon_2_2,692
1098,MS_shannon_2_3,"entropy,mex",MS_shannon_2_3,693
1099,MS_shannon_3_2,"entropy,mex",MS_shannon_3_2,694
1100,MD_polvar_1_3,"medical,symbolic",MD_polvar_1_3,701
1101,MD_polvar_05_3,"medical,symbolic",MD_polvar_05_3,702
1102,MD_polvar_01_3,"medical,symbolic",MD_polvar_01_3,703
1103,MD_polvar_1_5,"medical,symbolic",MD_polvar_1_5,704
1104,MD_polvar_05_5,"medical,symbolic",MD_polvar_05_5,705
1105,MD_polvar_01_5,"medical,symbolic",MD_polvar_01_5,706
1106,MD_polvar_1_4,"medical,symbolic",MD_polvar_1_4,707
1107,MD_polvar_05_4,"medical,symbolic",MD_polvar_05_4,708
1108,MD_polvar_01_4,"medical,symbolic",MD_polvar_01_4,709
1109,MD_polvar_1_6,"medical,symbolic",MD_polvar_1_6,710
1110,MD_polvar_05_6,"medical,symbolic",MD_polvar_05_6,711
1111,MD_polvar_01_6,"medical,symbolic",MD_polvar_01_6,712
1112,CO_tc3_1_raw,"correlation,nonlinear",CO_tc3_1.raw,713
1113,CO_tc3_1_abs,"correlation,nonlinear",CO_tc3_1.abs,713
1114,CO_tc3_1_num,"correlation,nonlinear",CO_tc3_1.num,713
1115,CO_tc3_1_absnum,"correlation,nonlinear",CO_tc3_1.absnum,713
1116,CO_tc3_1_denom,"correlation,nonlinear",CO_tc3_1.denom,713
1117,CO_tc3_2_raw,"correlation,nonlinear",CO_tc3_2.raw,714
1118,CO_tc3_2_abs,"correlation,nonlinear",CO_tc3_2.abs,714
1119,CO_tc3_2_num,"correlation,nonlinear",CO_tc3_2.num,714
1120,CO_tc3_2_absnum,"correlation,nonlinear",CO_tc3_2.absnum,714
1121,CO_tc3_2_denom,"correlation,nonlinear",CO_tc3_2.denom,714
1122,CO_tc3_3_raw,"correlation,nonlinear",CO_tc3_3.raw,715
1123,CO_tc3_3_abs,"correlation,nonlinear",CO_tc3_3.abs,715
1124,CO_tc3_3_num,"correlation,nonlinear",CO_tc3_3.num,715
1125,CO_tc3_3_absnum,"correlation,nonlinear",CO_tc3_3.absnum,715
1126,CO_tc3_3_denom,"correlation,nonlinear",CO_tc3_3.denom,715
1127,CO_tc3_ac_raw,"correlation,nonlinear",CO_tc3_ac.raw,716
1128,CO_tc3_ac_abs,"correlation,nonlinear",CO_tc3_ac.abs,716
1129,CO_tc3_ac_num,"correlation,nonlinear",CO_tc3_ac.num,716
1130,CO_tc3_ac_absnum,"correlation,nonlinear",CO_tc3_ac.absnum,716
1131,CO_tc3_ac_denom,"correlation,nonlinear",CO_tc3_ac.denom,716
1132,CO_tc3_mi_raw,"correlation,nonlinear",CO_tc3_mi.raw,717
1133,CO_tc3_mi_abs,"correlation,nonlinear",CO_tc3_mi.abs,717
1134,CO_tc3_mi_num,"correlation,nonlinear",CO_tc3_mi.num,717
1135,CO_tc3_mi_absnum,"correlation,nonlinear",CO_tc3_mi.absnum,717
1136,CO_tc3_mi_denom,"correlation,nonlinear",CO_tc3_mi.denom,717
1137,CO_trev_1_raw,"correlation,nonlinear",CO_trev_1.raw,718
1138,CO_trev_1_abs,"correlation,nonlinear",CO_trev_1.abs,718
1139,CO_trev_1_num,"correlation,nonlinear",CO_trev_1.num,718
1140,CO_trev_1_absnum,"correlation,nonlinear",CO_trev_1.absnum,718
1141,CO_trev_1_denom,"correlation,nonlinear",CO_trev_1.denom,718
1142,CO_trev_2_raw,"correlation,nonlinear",CO_trev_2.raw,719
1143,CO_trev_2_abs,"correlation,nonlinear",CO_trev_2.abs,719
1144,CO_trev_2_num,"correlation,nonlinear",CO_trev_2.num,719
1145,CO_trev_2_absnum,"correlation,nonlinear",CO_trev_2.absnum,719
1146,CO_trev_2_denom,"correlation,nonlinear",CO_trev_2.denom,719
1147,CO_trev_3_raw,"correlation,nonlinear",CO_trev_3.raw,720
1148,CO_trev_3_abs,"correlation,nonlinear",CO_trev_3.abs,720
1149,CO_trev_3_num,"correlation,nonlinear",CO_trev_3.num,720
1150,CO_trev_3_absnum,"correlation,nonlinear",CO_trev_3.absnum,720
1151,CO_trev_3_denom,"correlation,nonlinear",CO_trev_3.denom,720
1152,CO_trev_ac_raw,"correlation,nonlinear",CO_trev_ac.raw,721
1153,CO_trev_ac_abs,"correlation,nonlinear",CO_trev_ac.abs,721
1154,CO_trev_ac_num,"correlation,nonlinear",CO_trev_ac.num,721
1155,CO_trev_ac_absnum,"correlation,nonlinear",CO_trev_ac.absnum,721
1156,CO_trev_ac_denom,"correlation,nonlinear",CO_trev_ac.denom,721
1157,CO_trev_mi_raw,"correlation,nonlinear",CO_trev_mi.raw,722
1158,CO_trev_mi_abs,"correlation,nonlinear",CO_trev_mi.abs,722
1159,CO_trev_mi_num,"correlation,nonlinear",CO_trev_mi.num,722
1160,CO_trev_mi_absnum,"correlation,nonlinear",CO_trev_mi.absnum,722
1161,CO_trev_mi_denom,"correlation,nonlinear",CO_trev_mi.denom,722
1162,CO_AddNoise_1_quantiles_10_pdec,"correlation,AMI,entropy",CO_AddNoise_1_quantiles_10.pdec,731
1163,CO_AddNoise_1_quantiles_10_meanch,"correlation,AMI,entropy",CO_AddNoise_1_quantiles_10.meanch,731
1164,CO_AddNoise_1_quantiles_10_ac1,"correlation,AMI,entropy",CO_AddNoise_1_quantiles_10.ac1,731
1165,CO_AddNoise_1_quantiles_10_ac2,"correlation,AMI,entropy",CO_AddNoise_1_quantiles_10.ac2,731
1166,CO_AddNoise_1_quantiles_10_firstUnder75,"correlation,AMI,entropy",CO_AddNoise_1_quantiles_10.firstUnder75,731
1167,CO_AddNoise_1_quantiles_10_firstUnder50,"correlation,AMI,entropy",CO_AddNoise_1_quantiles_10.firstUnder50,731
1168,CO_AddNoise_1_quantiles_10_firstUnder25,"correlation,AMI,entropy",CO_AddNoise_1_quantiles_10.firstUnder25,731
1169,CO_AddNoise_1_quantiles_10_ami_at_5,"correlation,AMI,entropy",CO_AddNoise_1_quantiles_10.ami_at_5,731
1170,CO_AddNoise_1_quantiles_10_ami_at_10,"correlation,AMI,entropy",CO_AddNoise_1_quantiles_10.ami_at_10,731
1171,CO_AddNoise_1_quantiles_10_ami_at_15,"correlation,AMI,entropy",CO_AddNoise_1_quantiles_10.ami_at_15,731
1172,CO_AddNoise_1_quantiles_10_ami_at_20,"correlation,AMI,entropy",CO_AddNoise_1_quantiles_10.ami_at_20,731
1173,CO_AddNoise_1_quantiles_10_fitexpa,"correlation,AMI,entropy",CO_AddNoise_1_quantiles_10.fitexpa,731
1174,CO_AddNoise_1_quantiles_10_fitexpb,"correlation,AMI,entropy",CO_AddNoise_1_quantiles_10.fitexpb,731
1175,CO_AddNoise_1_quantiles_10_fitexpr2,"correlation,AMI,entropy",CO_AddNoise_1_quantiles_10.fitexpr2,731
1176,CO_AddNoise_1_quantiles_10_fitexprmse,"correlation,AMI,entropy",CO_AddNoise_1_quantiles_10.fitexprmse,731
1177,CO_AddNoise_1_quantiles_10_fitlina,"correlation,AMI,entropy",CO_AddNoise_1_quantiles_10.fitlina,731
1178,CO_AddNoise_1_quantiles_10_fitlinb,"correlation,AMI,entropy",CO_AddNoise_1_quantiles_10.fitlinb,731
1179,CO_AddNoise_1_quantiles_10_linfit_mse,"correlation,AMI,entropy",CO_AddNoise_1_quantiles_10.linfit_mse,731
1180,CO_AddNoise_1_quantiles_10_pcrossmean,"correlation,AMI,entropy",CO_AddNoise_1_quantiles_10.pcrossmean,731
1181,CO_AddNoise_ac_quantiles_10_pdec,"correlation,AMI,entropy",CO_AddNoise_ac_quantiles_10.pdec,732
1182,CO_AddNoise_ac_quantiles_10_meanch,"correlation,AMI,entropy",CO_AddNoise_ac_quantiles_10.meanch,732
1183,CO_AddNoise_ac_quantiles_10_ac1,"correlation,AMI,entropy",CO_AddNoise_ac_quantiles_10.ac1,732
1184,CO_AddNoise_ac_quantiles_10_ac2,"correlation,AMI,entropy",CO_AddNoise_ac_quantiles_10.ac2,732
1185,CO_AddNoise_ac_quantiles_10_firstUnder75,"correlation,AMI,entropy",CO_AddNoise_ac_quantiles_10.firstUnder75,732
1186,CO_AddNoise_ac_quantiles_10_firstUnder50,"correlation,AMI,entropy",CO_AddNoise_ac_quantiles_10.firstUnder50,732
1187,CO_AddNoise_ac_quantiles_10_firstUnder25,"correlation,AMI,entropy",CO_AddNoise_ac_quantiles_10.firstUnder25,732
1188,CO_AddNoise_ac_quantiles_10_ami_at_5,"correlation,AMI,entropy",CO_AddNoise_ac_quantiles_10.ami_at_5,732
1189,CO_AddNoise_ac_quantiles_10_ami_at_10,"correlation,AMI,entropy",CO_AddNoise_ac_quantiles_10.ami_at_10,732
1190,CO_AddNoise_ac_quantiles_10_ami_at_15,"correlation,AMI,entropy",CO_AddNoise_ac_quantiles_10.ami_at_15,732
1191,CO_AddNoise_ac_quantiles_10_ami_at_20,"correlation,AMI,entropy",CO_AddNoise_ac_quantiles_10.ami_at_20,732
1192,CO_AddNoise_ac_quantiles_10_fitexpa,"correlation,AMI,entropy",CO_AddNoise_ac_quantiles_10.fitexpa,732
1193,CO_AddNoise_ac_quantiles_10_fitexpb,"correlation,AMI,entropy",CO_AddNoise_ac_quantiles_10.fitexpb,732
1194,CO_AddNoise_ac_quantiles_10_fitexpr2,"correlation,AMI,entropy",CO_AddNoise_ac_quantiles_10.fitexpr2,732
1195,CO_AddNoise_ac_quantiles_10_fitexprmse,"correlation,AMI,entropy",CO_AddNoise_ac_quantiles_10.fitexprmse,732
1196,CO_AddNoise_ac_quantiles_10_fitlina,"correlation,AMI,entropy",CO_AddNoise_ac_quantiles_10.fitlina,732
1197,CO_AddNoise_ac_quantiles_10_fitlinb,"correlation,AMI,entropy",CO_AddNoise_ac_quantiles_10.fitlinb,732
1198,CO_AddNoise_ac_quantiles_10_linfit_mse,"correlation,AMI,entropy",CO_AddNoise_ac_quantiles_10.linfit_mse,732
1199,CO_AddNoise_ac_quantiles_10_pcrossmean,"correlation,AMI,entropy",CO_AddNoise_ac_quantiles_10.pcrossmean,732
1200,CO_AddNoise_1_even_10_pdec,"correlation,AMI,entropy",CO_AddNoise_1_even_10.pdec,733
1201,CO_AddNoise_1_even_10_meanch,"correlation,AMI,entropy",CO_AddNoise_1_even_10.meanch,733
1202,CO_AddNoise_1_even_10_ac1,"correlation,AMI,entropy",CO_AddNoise_1_even_10.ac1,733
1203,CO_AddNoise_1_even_10_ac2,"correlation,AMI,entropy",CO_AddNoise_1_even_10.ac2,733
1204,CO_AddNoise_1_even_10_firstUnder75,"correlation,AMI,entropy",CO_AddNoise_1_even_10.firstUnder75,733
1205,CO_AddNoise_1_even_10_firstUnder50,"correlation,AMI,entropy",CO_AddNoise_1_even_10.firstUnder50,733
1206,CO_AddNoise_1_even_10_firstUnder25,"correlation,AMI,entropy",CO_AddNoise_1_even_10.firstUnder25,733
1207,CO_AddNoise_1_even_10_ami_at_5,"correlation,AMI,entropy",CO_AddNoise_1_even_10.ami_at_5,733
1208,CO_AddNoise_1_even_10_ami_at_10,"correlation,AMI,entropy",CO_AddNoise_1_even_10.ami_at_10,733
1209,CO_AddNoise_1_even_10_ami_at_15,"correlation,AMI,entropy",CO_AddNoise_1_even_10.ami_at_15,733
1210,CO_AddNoise_1_even_10_ami_at_20,"correlation,AMI,entropy",CO_AddNoise_1_even_10.ami_at_20,733
1211,CO_AddNoise_1_even_10_fitexpa,"correlation,AMI,entropy",CO_AddNoise_1_even_10.fitexpa,733
1212,CO_AddNoise_1_even_10_fitexpb,"correlation,AMI,entropy",CO_AddNoise_1_even_10.fitexpb,733
1213,CO_AddNoise_1_even_10_fitexpr2,"correlation,AMI,entropy",CO_AddNoise_1_even_10.fitexpr2,733
1214,CO_AddNoise_1_even_10_fitexprmse,"correlation,AMI,entropy",CO_AddNoise_1_even_10.fitexprmse,733
1215,CO_AddNoise_1_even_10_fitlina,"correlation,AMI,entropy",CO_AddNoise_1_even_10.fitlina,733
1216,CO_AddNoise_1_even_10_fitlinb,"correlation,AMI,entropy",CO_AddNoise_1_even_10.fitlinb,733
1217,CO_AddNoise_1_even_10_linfit_mse,"correlation,AMI,entropy",CO_AddNoise_1_even_10.linfit_mse,733
1218,CO_AddNoise_1_even_10_pcrossmean,"correlation,AMI,entropy",CO_AddNoise_1_even_10.pcrossmean,733
1219,CO_AddNoise_ac_even_10_pdec,"correlation,AMI,entropy",CO_AddNoise_ac_even_10.pdec,734
1220,CO_AddNoise_ac_even_10_meanch,"correlation,AMI,entropy",CO_AddNoise_ac_even_10.meanch,734
1221,CO_AddNoise_ac_even_10_ac1,"correlation,AMI,entropy",CO_AddNoise_ac_even_10.ac1,734
1222,CO_AddNoise_ac_even_10_ac2,"correlation,AMI,entropy",CO_AddNoise_ac_even_10.ac2,734
1223,CO_AddNoise_ac_even_10_firstUnder75,"correlation,AMI,entropy",CO_AddNoise_ac_even_10.firstUnder75,734
1224,CO_AddNoise_ac_even_10_firstUnder50,"correlation,AMI,entropy",CO_AddNoise_ac_even_10.firstUnder50,734
1225,CO_AddNoise_ac_even_10_firstUnder25,"correlation,AMI,entropy",CO_AddNoise_ac_even_10.firstUnder25,734
1226,CO_AddNoise_ac_even_10_ami_at_5,"correlation,AMI,entropy",CO_AddNoise_ac_even_10.ami_at_5,734
1227,CO_AddNoise_ac_even_10_ami_at_10,"correlation,AMI,entropy",CO_AddNoise_ac_even_10.ami_at_10,734
1228,CO_AddNoise_ac_even_10_ami_at_15,"correlation,AMI,entropy",CO_AddNoise_ac_even_10.ami_at_15,734
1229,CO_AddNoise_ac_even_10_ami_at_20,"correlation,AMI,entropy",CO_AddNoise_ac_even_10.ami_at_20,734
1230,CO_AddNoise_ac_even_10_fitexpa,"correlation,AMI,entropy",CO_AddNoise_ac_even_10.fitexpa,734
1231,CO_AddNoise_ac_even_10_fitexpb,"correlation,AMI,entropy",CO_AddNoise_ac_even_10.fitexpb,734
1232,CO_AddNoise_ac_even_10_fitexpr2,"correlation,AMI,entropy",CO_AddNoise_ac_even_10.fitexpr2,734
1233,CO_AddNoise_ac_even_10_fitexprmse,"correlation,AMI,entropy",CO_AddNoise_ac_even_10.fitexprmse,734
1234,CO_AddNoise_ac_even_10_fitlina,"correlation,AMI,entropy",CO_AddNoise_ac_even_10.fitlina,734
1235,CO_AddNoise_ac_even_10_fitlinb,"correlation,AMI,entropy",CO_AddNoise_ac_even_10.fitlinb,734
1236,CO_AddNoise_ac_even_10_linfit_mse,"correlation,AMI,entropy",CO_AddNoise_ac_even_10.linfit_mse,734
1237,CO_AddNoise_ac_even_10_pcrossmean,"correlation,AMI,entropy",CO_AddNoise_ac_even_10.pcrossmean,734
1238,CO_AddNoise_1_std1_10_pdec,"correlation,AMI,entropy",CO_AddNoise_1_std1_10.pdec,735
1239,CO_AddNoise_1_std1_10_meanch,"correlation,AMI,entropy",CO_AddNoise_1_std1_10.meanch,735
1240,CO_AddNoise_1_std1_10_ac1,"correlation,AMI,entropy",CO_AddNoise_1_std1_10.ac1,735
1241,CO_AddNoise_1_std1_10_ac2,"correlation,AMI,entropy",CO_AddNoise_1_std1_10.ac2,735
1242,CO_AddNoise_1_std1_10_firstUnder75,"correlation,AMI,entropy",CO_AddNoise_1_std1_10.firstUnder75,735
1243,CO_AddNoise_1_std1_10_firstUnder50,"correlation,AMI,entropy",CO_AddNoise_1_std1_10.firstUnder50,735
1244,CO_AddNoise_1_std1_10_firstUnder25,"correlation,AMI,entropy",CO_AddNoise_1_std1_10.firstUnder25,735
1245,CO_AddNoise_1_std1_10_ami_at_5,"correlation,AMI,entropy",CO_AddNoise_1_std1_10.ami_at_5,735
1246,CO_AddNoise_1_std1_10_ami_at_10,"correlation,AMI,entropy",CO_AddNoise_1_std1_10.ami_at_10,735
1247,CO_AddNoise_1_std1_10_ami_at_15,"correlation,AMI,entropy",CO_AddNoise_1_std1_10.ami_at_15,735
1248,CO_AddNoise_1_std1_10_ami_at_20,"correlation,AMI,entropy",CO_AddNoise_1_std1_10.ami_at_20,735
1249,CO_AddNoise_1_std1_10_fitexpa,"correlation,AMI,entropy",CO_AddNoise_1_std1_10.fitexpa,735
1250,CO_AddNoise_1_std1_10_fitexpb,"correlation,AMI,entropy",CO_AddNoise_1_std1_10.fitexpb,735
1251,CO_AddNoise_1_std1_10_fitexpr2,"correlation,AMI,entropy",CO_AddNoise_1_std1_10.fitexpr2,735
1252,CO_AddNoise_1_std1_10_fitexprmse,"correlation,AMI,entropy",CO_AddNoise_1_std1_10.fitexprmse,735
1253,CO_AddNoise_1_std1_10_fitlina,"correlation,AMI,entropy",CO_AddNoise_1_std1_10.fitlina,735
1254,CO_AddNoise_1_std1_10_fitlinb,"correlation,AMI,entropy",CO_AddNoise_1_std1_10.fitlinb,735
1255,CO_AddNoise_1_std1_10_linfit_mse,"correlation,AMI,entropy",CO_AddNoise_1_std1_10.linfit_mse,735
1256,CO_AddNoise_1_std1_10_pcrossmean,"correlation,AMI,entropy",CO_AddNoise_1_std1_10.pcrossmean,735
1257,CO_AddNoise_ac_std1_10_pdec,"correlation,AMI,entropy",CO_AddNoise_ac_std1_10.pdec,736
1258,CO_AddNoise_ac_std1_10_meanch,"correlation,AMI,entropy",CO_AddNoise_ac_std1_10.meanch,736
1259,CO_AddNoise_ac_std1_10_ac1,"correlation,AMI,entropy",CO_AddNoise_ac_std1_10.ac1,736
1260,CO_AddNoise_ac_std1_10_ac2,"correlation,AMI,entropy",CO_AddNoise_ac_std1_10.ac2,736
1261,CO_AddNoise_ac_std1_10_firstUnder75,"correlation,AMI,entropy",CO_AddNoise_ac_std1_10.firstUnder75,736
1262,CO_AddNoise_ac_std1_10_firstUnder50,"correlation,AMI,entropy",CO_AddNoise_ac_std1_10.firstUnder50,736
1263,CO_AddNoise_ac_std1_10_firstUnder25,"correlation,AMI,entropy",CO_AddNoise_ac_std1_10.firstUnder25,736
1264,CO_AddNoise_ac_std1_10_ami_at_5,"correlation,AMI,entropy",CO_AddNoise_ac_std1_10.ami_at_5,736
1265,CO_AddNoise_ac_std1_10_ami_at_10,"correlation,AMI,entropy",CO_AddNoise_ac_std1_10.ami_at_10,736
1266,CO_AddNoise_ac_std1_10_ami_at_15,"correlation,AMI,entropy",CO_AddNoise_ac_std1_10.ami_at_15,736
1267,CO_AddNoise_ac_std1_10_ami_at_20,"correlation,AMI,entropy",CO_AddNoise_ac_std1_10.ami_at_20,736
1268,CO_AddNoise_ac_std1_10_fitexpa,"correlation,AMI,entropy",CO_AddNoise_ac_std1_10.fitexpa,736
1269,CO_AddNoise_ac_std1_10_fitexpb,"correlation,AMI,entropy",CO_AddNoise_ac_std1_10.fitexpb,736
1270,CO_AddNoise_ac_std1_10_fitexpr2,"correlation,AMI,entropy",CO_AddNoise_ac_std1_10.fitexpr2,736
1271,CO_AddNoise_ac_std1_10_fitexprmse,"correlation,AMI,entropy",CO_AddNoise_ac_std1_10.fitexprmse,736
1272,CO_AddNoise_ac_std1_10_fitlina,"correlation,AMI,entropy",CO_AddNoise_ac_std1_10.fitlina,736
1273,CO_AddNoise_ac_std1_10_fitlinb,"correlation,AMI,entropy",CO_AddNoise_ac_std1_10.fitlinb,736
1274,CO_AddNoise_ac_std1_10_linfit_mse,"correlation,AMI,entropy",CO_AddNoise_ac_std1_10.linfit_mse,736
1275,CO_AddNoise_ac_std1_10_pcrossmean,"correlation,AMI,entropy",CO_AddNoise_ac_std1_10.pcrossmean,736
1276,CO_AddNoise_1_gaussian_pdec,"correlation,AMI,entropy",CO_AddNoise_1_gaussian.pdec,737
1277,CO_AddNoise_1_gaussian_ac1,"correlation,AMI,entropy",CO_AddNoise_1_gaussian.ac1,737
1278,CO_AddNoise_1_gaussian_ac2,"correlation,AMI,entropy",CO_AddNoise_1_gaussian.ac2,737
1279,CO_AddNoise_1_gaussian_firstUnder75,"correlation,AMI,entropy",CO_AddNoise_1_gaussian.firstUnder75,737
1280,CO_AddNoise_1_gaussian_firstUnder50,"correlation,AMI,entropy",CO_AddNoise_1_gaussian.firstUnder50,737
1281,CO_AddNoise_1_gaussian_firstUnder25,"correlation,AMI,entropy",CO_AddNoise_1_gaussian.firstUnder25,737
1282,CO_AddNoise_1_gaussian_ami_at_5,"correlation,AMI,entropy",CO_AddNoise_1_gaussian.ami_at_5,737
1283,CO_AddNoise_1_gaussian_ami_at_10,"correlation,AMI,entropy",CO_AddNoise_1_gaussian.ami_at_10,737
1284,CO_AddNoise_1_gaussian_ami_at_15,"correlation,AMI,entropy",CO_AddNoise_1_gaussian.ami_at_15,737
1285,CO_AddNoise_1_gaussian_ami_at_20,"correlation,AMI,entropy",CO_AddNoise_1_gaussian.ami_at_20,737
1286,CO_AddNoise_1_gaussian_fitexpa,"correlation,AMI,entropy",CO_AddNoise_1_gaussian.fitexpa,737
1287,CO_AddNoise_1_gaussian_fitexpb,"correlation,AMI,entropy",CO_AddNoise_1_gaussian.fitexpb,737
1288,CO_AddNoise_1_gaussian_fitexpr2,"correlation,AMI,entropy",CO_AddNoise_1_gaussian.fitexpr2,737
1289,CO_AddNoise_1_gaussian_fitexprmse,"correlation,AMI,entropy",CO_AddNoise_1_gaussian.fitexprmse,737
1290,CO_AddNoise_1_gaussian_fitlina,"correlation,AMI,entropy",CO_AddNoise_1_gaussian.fitlina,737
1291,CO_AddNoise_1_gaussian_fitlinb,"correlation,AMI,entropy",CO_AddNoise_1_gaussian.fitlinb,737
1292,CO_AddNoise_1_gaussian_linfit_mse,"correlation,AMI,entropy",CO_AddNoise_1_gaussian.linfit_mse,737
1293,CO_AddNoise_1_gaussian_pcrossmean,"correlation,AMI,entropy",CO_AddNoise_1_gaussian.pcrossmean,737
1294,CO_AddNoise_ac_gaussian_pdec,"correlation,AMI,entropy",CO_AddNoise_ac_gaussian.pdec,738
1295,CO_AddNoise_ac_gaussian_meanch,"correlation,AMI,entropy",CO_AddNoise_ac_gaussian.meanch,738
1296,CO_AddNoise_ac_gaussian_ac1,"correlation,AMI,entropy",CO_AddNoise_ac_gaussian.ac1,738
1297,CO_AddNoise_ac_gaussian_ac2,"correlation,AMI,entropy",CO_AddNoise_ac_gaussian.ac2,738
1298,CO_AddNoise_ac_gaussian_firstUnder75,"correlation,AMI,entropy",CO_AddNoise_ac_gaussian.firstUnder75,738
1299,CO_AddNoise_ac_gaussian_firstUnder50,"correlation,AMI,entropy",CO_AddNoise_ac_gaussian.firstUnder50,738
1300,CO_AddNoise_ac_gaussian_firstUnder25,"correlation,AMI,entropy",CO_AddNoise_ac_gaussian.firstUnder25,738
1301,CO_AddNoise_ac_gaussian_ami_at_5,"correlation,AMI,entropy",CO_AddNoise_ac_gaussian.ami_at_5,738
1302,CO_AddNoise_ac_gaussian_ami_at_10,"correlation,AMI,entropy",CO_AddNoise_ac_gaussian.ami_at_10,738
1303,CO_AddNoise_ac_gaussian_ami_at_15,"correlation,AMI,entropy",CO_AddNoise_ac_gaussian.ami_at_15,738
1304,CO_AddNoise_ac_gaussian_ami_at_20,"correlation,AMI,entropy",CO_AddNoise_ac_gaussian.ami_at_20,738
1305,CO_AddNoise_ac_gaussian_fitexpa,"correlation,AMI,entropy",CO_AddNoise_ac_gaussian.fitexpa,738
1306,CO_AddNoise_ac_gaussian_fitexpb,"correlation,AMI,entropy",CO_AddNoise_ac_gaussian.fitexpb,738
1307,CO_AddNoise_ac_gaussian_fitexpr2,"correlation,AMI,entropy",CO_AddNoise_ac_gaussian.fitexpr2,738
1308,CO_AddNoise_ac_gaussian_fitexprmse,"correlation,AMI,entropy",CO_AddNoise_ac_gaussian.fitexprmse,738
1309,CO_AddNoise_ac_gaussian_fitlina,"correlation,AMI,entropy",CO_AddNoise_ac_gaussian.fitlina,738
1310,CO_AddNoise_ac_gaussian_fitlinb,"correlation,AMI,entropy",CO_AddNoise_ac_gaussian.fitlinb,738
1311,CO_AddNoise_ac_gaussian_linfit_mse,"correlation,AMI,entropy",CO_AddNoise_ac_gaussian.linfit_mse,738
1312,CO_AddNoise_ac_gaussian_pcrossmean,"correlation,AMI,entropy",CO_AddNoise_ac_gaussian.pcrossmean,738
1313,CO_AddNoise_1_kraskov1_4_pdec,"correlation,AMI,entropy",CO_AddNoise_1_kraskov1_4.pdec,739
1314,CO_AddNoise_1_kraskov1_4_meanch,"correlation,AMI,entropy",CO_AddNoise_1_kraskov1_4.meanch,739
1315,CO_AddNoise_1_kraskov1_4_ac1,"correlation,AMI,entropy",CO_AddNoise_1_kraskov1_4.ac1,739
1316,CO_AddNoise_1_kraskov1_4_ac2,"correlation,AMI,entropy",CO_AddNoise_1_kraskov1_4.ac2,739
1317,CO_AddNoise_1_kraskov1_4_firstUnder75,"correlation,AMI,entropy",CO_AddNoise_1_kraskov1_4.firstUnder75,739
1318,CO_AddNoise_1_kraskov1_4_firstUnder50,"correlation,AMI,entropy",CO_AddNoise_1_kraskov1_4.firstUnder50,739
1319,CO_AddNoise_1_kraskov1_4_firstUnder25,"correlation,AMI,entropy",CO_AddNoise_1_kraskov1_4.firstUnder25,739
1320,CO_AddNoise_1_kraskov1_4_ami_at_5,"correlation,AMI,entropy",CO_AddNoise_1_kraskov1_4.ami_at_5,739
1321,CO_AddNoise_1_kraskov1_4_ami_at_10,"correlation,AMI,entropy",CO_AddNoise_1_kraskov1_4.ami_at_10,739
1322,CO_AddNoise_1_kraskov1_4_ami_at_15,"correlation,AMI,entropy",CO_AddNoise_1_kraskov1_4.ami_at_15,739
1323,CO_AddNoise_1_kraskov1_4_ami_at_20,"correlation,AMI,entropy",CO_AddNoise_1_kraskov1_4.ami_at_20,739
1324,CO_AddNoise_1_kraskov1_4_fitexpa,"correlation,AMI,entropy",CO_AddNoise_1_kraskov1_4.fitexpa,739
1325,CO_AddNoise_1_kraskov1_4_fitexpb,"correlation,AMI,entropy",CO_AddNoise_1_kraskov1_4.fitexpb,739
1326,CO_AddNoise_1_kraskov1_4_fitexpr2,"correlation,AMI,entropy",CO_AddNoise_1_kraskov1_4.fitexpr2,739
1327,CO_AddNoise_1_kraskov1_4_fitexprmse,"correlation,AMI,entropy",CO_AddNoise_1_kraskov1_4.fitexprmse,739
1328,CO_AddNoise_1_kraskov1_4_fitlina,"correlation,AMI,entropy",CO_AddNoise_1_kraskov1_4.fitlina,739
1329,CO_AddNoise_1_kraskov1_4_fitlinb,"correlation,AMI,entropy",CO_AddNoise_1_kraskov1_4.fitlinb,739
1330,CO_AddNoise_1_kraskov1_4_linfit_mse,"correlation,AMI,entropy",CO_AddNoise_1_kraskov1_4.linfit_mse,739
1331,CO_AddNoise_1_kraskov1_4_pcrossmean,"correlation,AMI,entropy",CO_AddNoise_1_kraskov1_4.pcrossmean,739
1332,CO_AddNoise_ac_kraskov1_4_pdec,"correlation,AMI,entropy",CO_AddNoise_ac_kraskov1_4.pdec,740
1333,CO_AddNoise_ac_kraskov1_4_meanch,"correlation,AMI,entropy",CO_AddNoise_ac_kraskov1_4.meanch,740
1334,CO_AddNoise_ac_kraskov1_4_ac1,"correlation,AMI,entropy",CO_AddNoise_ac_kraskov1_4.ac1,740
1335,CO_AddNoise_ac_kraskov1_4_ac2,"correlation,AMI,entropy",CO_AddNoise_ac_kraskov1_4.ac2,740
1336,CO_AddNoise_ac_kraskov1_4_firstUnder75,"correlation,AMI,entropy",CO_AddNoise_ac_kraskov1_4.firstUnder75,740
1337,CO_AddNoise_ac_kraskov1_4_firstUnder50,"correlation,AMI,entropy",CO_AddNoise_ac_kraskov1_4.firstUnder50,740
1338,CO_AddNoise_ac_kraskov1_4_firstUnder25,"correlation,AMI,entropy",CO_AddNoise_ac_kraskov1_4.firstUnder25,740
1339,CO_AddNoise_ac_kraskov1_4_ami_at_5,"correlation,AMI,entropy",CO_AddNoise_ac_kraskov1_4.ami_at_5,740
1340,CO_AddNoise_ac_kraskov1_4_ami_at_10,"correlation,AMI,entropy",CO_AddNoise_ac_kraskov1_4.ami_at_10,740
1341,CO_AddNoise_ac_kraskov1_4_ami_at_15,"correlation,AMI,entropy",CO_AddNoise_ac_kraskov1_4.ami_at_15,740
1342,CO_AddNoise_ac_kraskov1_4_ami_at_20,"correlation,AMI,entropy",CO_AddNoise_ac_kraskov1_4.ami_at_20,740
1343,CO_AddNoise_ac_kraskov1_4_fitexpa,"correlation,AMI,entropy",CO_AddNoise_ac_kraskov1_4.fitexpa,740
1344,CO_AddNoise_ac_kraskov1_4_fitexpb,"correlation,AMI,entropy",CO_AddNoise_ac_kraskov1_4.fitexpb,740
1345,CO_AddNoise_ac_kraskov1_4_fitexpr2,"correlation,AMI,entropy",CO_AddNoise_ac_kraskov1_4.fitexpr2,740
1346,CO_AddNoise_ac_kraskov1_4_fitexprmse,"correlation,AMI,entropy",CO_AddNoise_ac_kraskov1_4.fitexprmse,740
1347,CO_AddNoise_ac_kraskov1_4_fitlina,"correlation,AMI,entropy",CO_AddNoise_ac_kraskov1_4.fitlina,740
1348,CO_AddNoise_ac_kraskov1_4_fitlinb,"correlation,AMI,entropy",CO_AddNoise_ac_kraskov1_4.fitlinb,740
1349,CO_AddNoise_ac_kraskov1_4_linfit_mse,"correlation,AMI,entropy",CO_AddNoise_ac_kraskov1_4.linfit_mse,740
1350,CO_AddNoise_ac_kraskov1_4_pcrossmean,"correlation,AMI,entropy",CO_AddNoise_ac_kraskov1_4.pcrossmean,740
1351,SB_TransitionMatrix_21_ondiag,"symbolic,transitionmat",SB_TransitionMatrix_21.ondiag,741
1352,SB_TransitionMatrix_21_stddiag,"symbolic,transitionmat",SB_TransitionMatrix_21.stddiag,741
1353,SB_TransitionMatrix_21_symdiff,"symbolic,transitionmat",SB_TransitionMatrix_21.symdiff,741
1354,SB_TransitionMatrix_21_symsumdiff,"symbolic,transitionmat",SB_TransitionMatrix_21.symsumdiff,741
1355,SB_TransitionMatrix_21_stdeig,"symbolic,transitionmat",SB_TransitionMatrix_21.stdeig,741
1356,SB_TransitionMatrix_21_maxeig,"symbolic,transitionmat",SB_TransitionMatrix_21.maxeig,741
1357,SB_TransitionMatrix_21_mineig,"symbolic,transitionmat",SB_TransitionMatrix_21.mineig,741
1358,SB_TransitionMatrix_21_sumdiagcov,"symbolic,transitionmat",SB_TransitionMatrix_21.sumdiagcov,741
1359,SB_TransitionMatrix_31_ondiag,"symbolic,transitionmat",SB_TransitionMatrix_31.ondiag,742
1360,SB_TransitionMatrix_31_stddiag,"symbolic,transitionmat",SB_TransitionMatrix_31.stddiag,742
1361,SB_TransitionMatrix_31_symdiff,"symbolic,transitionmat",SB_TransitionMatrix_31.symdiff,742
1362,SB_TransitionMatrix_31_symsumdiff,"symbolic,transitionmat",SB_TransitionMatrix_31.symsumdiff,742
1363,SB_TransitionMatrix_31_sumdiagcov,"symbolic,transitionmat",SB_TransitionMatrix_31.sumdiagcov,742
1364,SB_TransitionMatrix_31_stdeig,"symbolic,transitionmat",SB_TransitionMatrix_31.stdeig,742
1365,SB_TransitionMatrix_31_maxeig,"symbolic,transitionmat",SB_TransitionMatrix_31.maxeig,742
1366,SB_TransitionMatrix_31_mineig,"symbolic,transitionmat",SB_TransitionMatrix_31.mineig,742
1367,SB_TransitionMatrix_31_maximeig,"symbolic,transitionmat",SB_TransitionMatrix_31.maximeig,742
1368,SB_TransitionMatrix_41_TD1,"symbolic,transitionmat",SB_TransitionMatrix_41.TD1,743
1369,SB_TransitionMatrix_41_TD2,"symbolic,transitionmat",SB_TransitionMatrix_41.TD2,743
1370,SB_TransitionMatrix_41_TD3,"symbolic,transitionmat",SB_TransitionMatrix_41.TD3,743
1371,SB_TransitionMatrix_41_TD4,"symbolic,transitionmat",SB_TransitionMatrix_41.TD4,743
1372,SB_TransitionMatrix_41_ondiag,"symbolic,transitionmat",SB_TransitionMatrix_41.ondiag,743
1373,SB_TransitionMatrix_41_stddiag,"symbolic,transitionmat",SB_TransitionMatrix_41.stddiag,743
1374,SB_TransitionMatrix_41_symdiff,"symbolic,transitionmat",SB_TransitionMatrix_41.symdiff,743
1375,SB_TransitionMatrix_41_symsumdiff,"symbolic,transitionmat",SB_TransitionMatrix_41.symsumdiff,743
1376,SB_TransitionMatrix_41_sumdiagcov,"symbolic,transitionmat",SB_TransitionMatrix_41.sumdiagcov,743
1377,SB_TransitionMatrix_41_stdeig,"symbolic,transitionmat",SB_TransitionMatrix_41.stdeig,743
1378,SB_TransitionMatrix_41_maxeig,"symbolic,transitionmat",SB_TransitionMatrix_41.maxeig,743
1379,SB_TransitionMatrix_41_mineig,"symbolic,transitionmat",SB_TransitionMatrix_41.mineig,743
1380,SB_TransitionMatrix_41_maximeig,"symbolic,transitionmat",SB_TransitionMatrix_41.maximeig,743
1381,SB_TransitionMatrix_41_maxeigcov,"symbolic,transitionmat",SB_TransitionMatrix_41.maxeigcov,743
1382,SB_TransitionMatrix_41_mineigcov,"symbolic,transitionmat",SB_TransitionMatrix_41.mineigcov,743
1383,SB_TransitionMatrix_41_stdeigcov,"symbolic,transitionmat",SB_TransitionMatrix_41.stdeigcov,743
1384,SB_TransitionMatrix_51_TD1,"symbolic,transitionmat",SB_TransitionMatrix_51.TD1,744
1385,SB_TransitionMatrix_51_TD2,"symbolic,transitionmat",SB_TransitionMatrix_51.TD2,744
1386,SB_TransitionMatrix_51_TD3,"symbolic,transitionmat",SB_TransitionMatrix_51.TD3,744
1387,SB_TransitionMatrix_51_TD4,"symbolic,transitionmat",SB_TransitionMatrix_51.TD4,744
1388,SB_TransitionMatrix_51_TD5,"symbolic,transitionmat",SB_TransitionMatrix_51.TD5,744
1389,SB_TransitionMatrix_51_ondiag,"symbolic,transitionmat",SB_TransitionMatrix_51.ondiag,744
1390,SB_TransitionMatrix_51_stddiag,"symbolic,transitionmat",SB_TransitionMatrix_51.stddiag,744
1391,SB_TransitionMatrix_51_symdiff,"symbolic,transitionmat",SB_TransitionMatrix_51.symdiff,744
1392,SB_TransitionMatrix_51_symsumdiff,"symbolic,transitionmat",SB_TransitionMatrix_51.symsumdiff,744
1393,SB_TransitionMatrix_51_sumdiagcov,"symbolic,transitionmat",SB_TransitionMatrix_51.sumdiagcov,744
1394,SB_TransitionMatrix_51_stdeig,"symbolic,transitionmat",SB_TransitionMatrix_51.stdeig,744
1395,SB_TransitionMatrix_51_maxeig,"symbolic,transitionmat",SB_TransitionMatrix_51.maxeig,744
1396,SB_TransitionMatrix_51_mineig,"symbolic,transitionmat",SB_TransitionMatrix_51.mineig,744
1397,SB_TransitionMatrix_51_maximeig,"symbolic,transitionmat",SB_TransitionMatrix_51.maximeig,744
1398,SB_TransitionMatrix_51_maxeigcov,"symbolic,transitionmat",SB_TransitionMatrix_51.maxeigcov,744
1399,SB_TransitionMatrix_51_mineigcov,"symbolic,transitionmat",SB_TransitionMatrix_51.mineigcov,744
1400,SB_TransitionMatrix_51_stdeigcov,"symbolic,transitionmat",SB_TransitionMatrix_51.stdeigcov,744
1401,SB_TransitionMatrix_2ac_T1,"symbolic,transitionmat",SB_TransitionMatrix_2ac.T1,745
1402,SB_TransitionMatrix_2ac_T2,"symbolic,transitionmat",SB_TransitionMatrix_2ac.T2,745
1403,SB_TransitionMatrix_2ac_T3,"symbolic,transitionmat",SB_TransitionMatrix_2ac.T3,745
1404,SB_TransitionMatrix_2ac_T4,"symbolic,transitionmat",SB_TransitionMatrix_2ac.T4,745
1405,SB_TransitionMatrix_2ac_ondiag,"symbolic,transitionmat",SB_TransitionMatrix_2ac.ondiag,745
1406,SB_TransitionMatrix_2ac_stddiag,"symbolic,transitionmat",SB_TransitionMatrix_2ac.stddiag,745
1407,SB_TransitionMatrix_2ac_symdiff,"symbolic,transitionmat",SB_TransitionMatrix_2ac.symdiff,745
1408,SB_TransitionMatrix_2ac_symsumdiff,"symbolic,transitionmat",SB_TransitionMatrix_2ac.symsumdiff,745
1409,SB_TransitionMatrix_2ac_sumdiagcov,"symbolic,transitionmat",SB_TransitionMatrix_2ac.sumdiagcov,745
1410,SB_TransitionMatrix_2ac_maxeig,"symbolic,transitionmat",SB_TransitionMatrix_2ac.maxeig,745
1411,SB_TransitionMatrix_3ac_T1,"symbolic,transitionmat",SB_TransitionMatrix_3ac.T1,746
1412,SB_TransitionMatrix_3ac_T2,"symbolic,transitionmat",SB_TransitionMatrix_3ac.T2,746
1413,SB_TransitionMatrix_3ac_T3,"symbolic,transitionmat",SB_TransitionMatrix_3ac.T3,746
1414,SB_TransitionMatrix_3ac_T4,"symbolic,transitionmat",SB_TransitionMatrix_3ac.T4,746
1415,SB_TransitionMatrix_3ac_T5,"symbolic,transitionmat",SB_TransitionMatrix_3ac.T5,746
1416,SB_TransitionMatrix_3ac_T6,"symbolic,transitionmat",SB_TransitionMatrix_3ac.T6,746
1417,SB_TransitionMatrix_3ac_T7,"symbolic,transitionmat",SB_TransitionMatrix_3ac.T7,746
1418,SB_TransitionMatrix_3ac_T8,"symbolic,transitionmat",SB_TransitionMatrix_3ac.T8,746
1419,SB_TransitionMatrix_3ac_T9,"symbolic,transitionmat",SB_TransitionMatrix_3ac.T9,746
1420,SB_TransitionMatrix_3ac_ondiag,"symbolic,transitionmat",SB_TransitionMatrix_3ac.ondiag,746
1421,SB_TransitionMatrix_3ac_stddiag,"symbolic,transitionmat",SB_TransitionMatrix_3ac.stddiag,746
1422,SB_TransitionMatrix_3ac_symdiff,"symbolic,transitionmat",SB_TransitionMatrix_3ac.symdiff,746
1423,SB_TransitionMatrix_3ac_symsumdiff,"symbolic,transitionmat",SB_TransitionMatrix_3ac.symsumdiff,746
1424,SB_TransitionMatrix_3ac_sumdiagcov,"symbolic,transitionmat",SB_TransitionMatrix_3ac.sumdiagcov,746
1425,SB_TransitionMatrix_3ac_stdeig,"symbolic,transitionmat",SB_TransitionMatrix_3ac.stdeig,746
1426,SB_TransitionMatrix_3ac_maxeig,"symbolic,transitionmat",SB_TransitionMatrix_3ac.maxeig,746
1427,SB_TransitionMatrix_3ac_mineig,"symbolic,transitionmat",SB_TransitionMatrix_3ac.mineig,746
1428,SB_TransitionMatrix_3ac_maximeig,"symbolic,transitionmat",SB_TransitionMatrix_3ac.maximeig,746
1429,SB_TransitionMatrix_3ac_maxeigcov,"symbolic,transitionmat",SB_TransitionMatrix_3ac.maxeigcov,746
1430,SB_TransitionMatrix_3ac_mineigcov,"symbolic,transitionmat",SB_TransitionMatrix_3ac.mineigcov,746
1431,SB_TransitionMatrix_3ac_stdeigcov,"symbolic,transitionmat",SB_TransitionMatrix_3ac.stdeigcov,746
1432,SB_TransitionMatrix_4ac_TD1,"symbolic,transitionmat",SB_TransitionMatrix_4ac.TD1,747
1433,SB_TransitionMatrix_4ac_TD2,"symbolic,transitionmat",SB_TransitionMatrix_4ac.TD2,747
1434,SB_TransitionMatrix_4ac_TD3,"symbolic,transitionmat",SB_TransitionMatrix_4ac.TD3,747
1435,SB_TransitionMatrix_4ac_TD4,"symbolic,transitionmat",SB_TransitionMatrix_4ac.TD4,747
1436,SB_TransitionMatrix_4ac_ondiag,"symbolic,transitionmat",SB_TransitionMatrix_4ac.ondiag,747
1437,SB_TransitionMatrix_4ac_stddiag,"symbolic,transitionmat",SB_TransitionMatrix_4ac.stddiag,747
1438,SB_TransitionMatrix_4ac_symdiff,"symbolic,transitionmat",SB_TransitionMatrix_4ac.symdiff,747
1439,SB_TransitionMatrix_4ac_symsumdiff,"symbolic,transitionmat",SB_TransitionMatrix_4ac.symsumdiff,747
1440,SB_TransitionMatrix_4ac_sumdiagcov,"symbolic,transitionmat",SB_TransitionMatrix_4ac.sumdiagcov,747
1441,SB_TransitionMatrix_4ac_stdeig,"symbolic,transitionmat",SB_TransitionMatrix_4ac.stdeig,747
1442,SB_TransitionMatrix_4ac_maxeig,"symbolic,transitionmat",SB_TransitionMatrix_4ac.maxeig,747
1443,SB_TransitionMatrix_4ac_mineig,"symbolic,transitionmat",SB_TransitionMatrix_4ac.mineig,747
1444,SB_TransitionMatrix_4ac_maximeig,"symbolic,transitionmat",SB_TransitionMatrix_4ac.maximeig,747
1445,SB_TransitionMatrix_4ac_maxeigcov,"symbolic,transitionmat",SB_TransitionMatrix_4ac.maxeigcov,747
1446,SB_TransitionMatrix_4ac_mineigcov,"symbolic,transitionmat",SB_TransitionMatrix_4ac.mineigcov,747
1447,SB_TransitionMatrix_4ac_stdeigcov,"symbolic,transitionmat",SB_TransitionMatrix_4ac.stdeigcov,747
1448,SB_TransitionMatrix_5ac_TD1,"symbolic,transitionmat",SB_TransitionMatrix_5ac.TD1,748
1449,SB_TransitionMatrix_5ac_TD2,"symbolic,transitionmat",SB_TransitionMatrix_5ac.TD2,748
1450,SB_TransitionMatrix_5ac_TD3,"symbolic,transitionmat",SB_TransitionMatrix_5ac.TD3,748
1451,SB_TransitionMatrix_5ac_TD4,"symbolic,transitionmat",SB_TransitionMatrix_5ac.TD4,748
1452,SB_TransitionMatrix_5ac_TD5,"symbolic,transitionmat",SB_TransitionMatrix_5ac.TD5,748
1453,SB_TransitionMatrix_5ac_ondiag,"symbolic,transitionmat",SB_TransitionMatrix_5ac.ondiag,748
1454,SB_TransitionMatrix_5ac_stddiag,"symbolic,transitionmat",SB_TransitionMatrix_5ac.stddiag,748
1455,SB_TransitionMatrix_5ac_symdiff,"symbolic,transitionmat",SB_TransitionMatrix_5ac.symdiff,748
1456,SB_TransitionMatrix_5ac_symsumdiff,"symbolic,transitionmat",SB_TransitionMatrix_5ac.symsumdiff,748
1457,SB_TransitionMatrix_5ac_sumdiagcov,"symbolic,transitionmat",SB_TransitionMatrix_5ac.sumdiagcov,748
1458,SB_TransitionMatrix_5ac_stdeig,"symbolic,transitionmat",SB_TransitionMatrix_5ac.stdeig,748
1459,SB_TransitionMatrix_5ac_maxeig,"symbolic,transitionmat",SB_TransitionMatrix_5ac.maxeig,748
1460,SB_TransitionMatrix_5ac_mineig,"symbolic,transitionmat",SB_TransitionMatrix_5ac.mineig,748
1461,SB_TransitionMatrix_5ac_maximeig,"symbolic,transitionmat",SB_TransitionMatrix_5ac.maximeig,748
1462,SB_TransitionMatrix_5ac_maxeigcov,"symbolic,transitionmat",SB_TransitionMatrix_5ac.maxeigcov,748
1463,SB_TransitionMatrix_5ac_mineigcov,"symbolic,transitionmat",SB_TransitionMatrix_5ac.mineigcov,748
1464,SB_TransitionMatrix_5ac_stdeigcov,"symbolic,transitionmat",SB_TransitionMatrix_5ac.stdeigcov,748
1465,SB_TransitionpAlphabet_40_1_meandiagfexp_a,"symbolic,transitionmat",SB_TransitionpAlphabet_40_1.meandiagfexp_a,749
1466,SB_TransitionpAlphabet_40_1_meandiagfexp_b,"symbolic,transitionmat",SB_TransitionpAlphabet_40_1.meandiagfexp_b,749
1467,SB_TransitionpAlphabet_40_1_meandiagfexp_r2,"symbolic,transitionmat",SB_TransitionpAlphabet_40_1.meandiagfexp_r2,749
1468,SB_TransitionpAlphabet_40_1_meandiagfexp_rmse,"symbolic,transitionmat",SB_TransitionpAlphabet_40_1.meandiagfexp_rmse,749
1469,SB_TransitionpAlphabet_40_1_maxdiagfexp_a,"symbolic,transitionmat",SB_TransitionpAlphabet_40_1.maxdiagfexp_a,749
1470,SB_TransitionpAlphabet_40_1_maxdiagfexp_b,"symbolic,transitionmat",SB_TransitionpAlphabet_40_1.maxdiagfexp_b,749
1471,SB_TransitionpAlphabet_40_1_maxdiagfexp_r2,"symbolic,transitionmat",SB_TransitionpAlphabet_40_1.maxdiagfexp_r2,749
1472,SB_TransitionpAlphabet_40_1_maxdiagfexp_rmse,"symbolic,transitionmat",SB_TransitionpAlphabet_40_1.maxdiagfexp_rmse,749
1473,SB_TransitionpAlphabet_40_1_trfexp_a,"symbolic,transitionmat",SB_TransitionpAlphabet_40_1.trfexp_a,749
1474,SB_TransitionpAlphabet_40_1_trfexp_b,"symbolic,transitionmat",SB_TransitionpAlphabet_40_1.trfexp_b,749
1475,SB_TransitionpAlphabet_40_1_trfexp_r2,"symbolic,transitionmat",SB_TransitionpAlphabet_40_1.trfexp_r2,749
1476,SB_TransitionpAlphabet_40_1_trfexp_rmse,"symbolic,transitionmat",SB_TransitionpAlphabet_40_1.trfexp_rmse,749
1477,SB_TransitionpAlphabet_40_1_trflin5_adjr2,"symbolic,transitionmat",SB_TransitionpAlphabet_40_1.trflin5_adjr2,749
1478,SB_TransitionpAlphabet_40_1_trflin10adjr2,"symbolic,transitionmat",SB_TransitionpAlphabet_40_1.trflin10adjr2,749
1479,SB_TransitionpAlphabet_40_1_symd_a,"symbolic,transitionmat",SB_TransitionpAlphabet_40_1.symd_a,749
1480,SB_TransitionpAlphabet_40_1_symd_risept,"symbolic,transitionmat",SB_TransitionpAlphabet_40_1.symd_risept,749
1481,SB_TransitionpAlphabet_40_1_trcov_jump,"symbolic,transitionmat",SB_TransitionpAlphabet_40_1.trcov_jump,749
1482,SB_TransitionpAlphabet_40_1_trcovfexp_a,"symbolic,transitionmat",SB_TransitionpAlphabet_40_1.trcovfexp_a,749
1483,SB_TransitionpAlphabet_40_1_trcovfexp_b,"symbolic,transitionmat",SB_TransitionpAlphabet_40_1.trcovfexp_b,749
1484,SB_TransitionpAlphabet_40_1_trcovfexp_r2,"symbolic,transitionmat",SB_TransitionpAlphabet_40_1.trcovfexp_r2,749
1485,SB_TransitionpAlphabet_40_1_trcovfexp_rmse,"symbolic,transitionmat",SB_TransitionpAlphabet_40_1.trcovfexp_rmse,749
1486,SB_TransitionpAlphabet_40_1_stdeigfexp_a,"symbolic,transitionmat",SB_TransitionpAlphabet_40_1.stdeigfexp_a,749
1487,SB_TransitionpAlphabet_40_1_stdeigfexp_b,"symbolic,transitionmat",SB_TransitionpAlphabet_40_1.stdeigfexp_b,749
1488,SB_TransitionpAlphabet_40_1_stdeigfexp_r2,"symbolic,transitionmat",SB_TransitionpAlphabet_40_1.stdeigfexp_r2,749
1489,SB_TransitionpAlphabet_40_1_stdeigfexp_rmse,"symbolic,transitionmat",SB_TransitionpAlphabet_40_1.stdeigfexp_rmse,749
1490,SB_TransitionpAlphabet_40_1_maxeig_fexpa,"symbolic,transitionmat",SB_TransitionpAlphabet_40_1.maxeig_fexpa,749
1491,SB_TransitionpAlphabet_40_1_maxeig_fexpb,"symbolic,transitionmat",SB_TransitionpAlphabet_40_1.maxeig_fexpb,749
1492,SB_TransitionpAlphabet_40_1_maxeig_fexpr2,"symbolic,transitionmat",SB_TransitionpAlphabet_40_1.maxeig_fexpr2,749
1493,SB_TransitionpAlphabet_40_1_maxeig_fexprmse,"symbolic,transitionmat",SB_TransitionpAlphabet_40_1.maxeig_fexprmse,749
1494,SB_TransitionpAlphabet_40_1_mineigfexp_a,"symbolic,transitionmat",SB_TransitionpAlphabet_40_1.mineigfexp_a,749
1495,SB_TransitionpAlphabet_40_1_mineigfexp_b,"symbolic,transitionmat",SB_TransitionpAlphabet_40_1.mineigfexp_b,749
1496,SB_TransitionpAlphabet_40_1_mineigfexp_r2,"symbolic,transitionmat",SB_TransitionpAlphabet_40_1.mineigfexp_r2,749
1497,SB_TransitionpAlphabet_40_1_mineigfexp_rmse,"symbolic,transitionmat",SB_TransitionpAlphabet_40_1.mineigfexp_rmse,749
1498,SB_TransitionpAlphabet_20_ac_meandiagfexp_a,"symbolic,transitionmat",SB_TransitionpAlphabet_20_ac.meandiagfexp_a,750
1499,SB_TransitionpAlphabet_20_ac_meandiagfexp_b,"symbolic,transitionmat",SB_TransitionpAlphabet_20_ac.meandiagfexp_b,750
1500,SB_TransitionpAlphabet_20_ac_meandiagfexp_r2,"symbolic,transitionmat",SB_TransitionpAlphabet_20_ac.meandiagfexp_r2,750
1501,SB_TransitionpAlphabet_20_ac_meandiagfexp_rmse,"symbolic,transitionmat",SB_TransitionpAlphabet_20_ac.meandiagfexp_rmse,750
1502,SB_TransitionpAlphabet_20_ac_maxdiagfexp_a,"symbolic,transitionmat",SB_TransitionpAlphabet_20_ac.maxdiagfexp_a,750
1503,SB_TransitionpAlphabet_20_ac_maxdiagfexp_b,"symbolic,transitionmat",SB_TransitionpAlphabet_20_ac.maxdiagfexp_b,750
1504,SB_TransitionpAlphabet_20_ac_maxdiagfexp_r2,"symbolic,transitionmat",SB_TransitionpAlphabet_20_ac.maxdiagfexp_r2,750
1505,SB_TransitionpAlphabet_20_ac_maxdiagfexp_rmse,"symbolic,transitionmat",SB_TransitionpAlphabet_20_ac.maxdiagfexp_rmse,750
1506,SB_TransitionpAlphabet_20_ac_trfexp_a,"symbolic,transitionmat",SB_TransitionpAlphabet_20_ac.trfexp_a,750
1507,SB_TransitionpAlphabet_20_ac_trfexp_b,"symbolic,transitionmat",SB_TransitionpAlphabet_20_ac.trfexp_b,750
1508,SB_TransitionpAlphabet_20_ac_trfexp_r2,"symbolic,transitionmat",SB_TransitionpAlphabet_20_ac.trfexp_r2,750
1509,SB_TransitionpAlphabet_20_ac_trfexp_rmse,"symbolic,transitionmat",SB_TransitionpAlphabet_20_ac.trfexp_rmse,750
1510,SB_TransitionpAlphabet_20_ac_trflin5_adjr2,"symbolic,transitionmat",SB_TransitionpAlphabet_20_ac.trflin5_adjr2,750
1511,SB_TransitionpAlphabet_20_ac_trflin10adjr2,"symbolic,transitionmat",SB_TransitionpAlphabet_20_ac.trflin10adjr2,750
1512,SB_TransitionpAlphabet_20_ac_symd_a,"symbolic,transitionmat",SB_TransitionpAlphabet_20_ac.symd_a,750
1513,SB_TransitionpAlphabet_20_ac_symd_risept,"symbolic,transitionmat",SB_TransitionpAlphabet_20_ac.symd_risept,750
1514,SB_TransitionpAlphabet_20_ac_trcov_jump,"symbolic,transitionmat",SB_TransitionpAlphabet_20_ac.trcov_jump,750
1515,SB_TransitionpAlphabet_20_ac_trcovfexp_a,"symbolic,transitionmat",SB_TransitionpAlphabet_20_ac.trcovfexp_a,750
1516,SB_TransitionpAlphabet_20_ac_trcovfexp_b,"symbolic,transitionmat",SB_TransitionpAlphabet_20_ac.trcovfexp_b,750
1517,SB_TransitionpAlphabet_20_ac_trcovfexp_r2,"symbolic,transitionmat",SB_TransitionpAlphabet_20_ac.trcovfexp_r2,750
1518,SB_TransitionpAlphabet_20_ac_trcovfexp_rmse,"symbolic,transitionmat",SB_TransitionpAlphabet_20_ac.trcovfexp_rmse,750
1519,SB_TransitionpAlphabet_20_ac_stdeigfexp_a,"symbolic,transitionmat",SB_TransitionpAlphabet_20_ac.stdeigfexp_a,750
1520,SB_TransitionpAlphabet_20_ac_stdeigfexp_b,"symbolic,transitionmat",SB_TransitionpAlphabet_20_ac.stdeigfexp_b,750
1521,SB_TransitionpAlphabet_20_ac_stdeigfexp_r2,"symbolic,transitionmat",SB_TransitionpAlphabet_20_ac.stdeigfexp_r2,750
1522,SB_TransitionpAlphabet_20_ac_stdeigfexp_rmse,"symbolic,transitionmat",SB_TransitionpAlphabet_20_ac.stdeigfexp_rmse,750
1523,SB_TransitionpAlphabet_20_ac_maxeig_fexpa,"symbolic,transitionmat",SB_TransitionpAlphabet_20_ac.maxeig_fexpa,750
1524,SB_TransitionpAlphabet_20_ac_maxeig_fexpb,"symbolic,transitionmat",SB_TransitionpAlphabet_20_ac.maxeig_fexpb,750
1525,SB_TransitionpAlphabet_20_ac_maxeig_fexpr2,"symbolic,transitionmat",SB_TransitionpAlphabet_20_ac.maxeig_fexpr2,750
1526,SB_TransitionpAlphabet_20_ac_maxeig_fexprmse,"symbolic,transitionmat",SB_TransitionpAlphabet_20_ac.maxeig_fexprmse,750
1527,SB_TransitionpAlphabet_20_ac_mineigfexp_a,"symbolic,transitionmat",SB_TransitionpAlphabet_20_ac.mineigfexp_a,750
1528,SB_TransitionpAlphabet_20_ac_mineigfexp_b,"symbolic,transitionmat",SB_TransitionpAlphabet_20_ac.mineigfexp_b,750
1529,SB_TransitionpAlphabet_20_ac_mineigfexp_r2,"symbolic,transitionmat",SB_TransitionpAlphabet_20_ac.mineigfexp_r2,750
1530,SB_TransitionpAlphabet_20_ac_mineigfexp_rmse,"symbolic,transitionmat",SB_TransitionpAlphabet_20_ac.mineigfexp_rmse,750
1531,CO_AutoCorrShape_drown_Nac,"correlation",CO_AutoCorrShape_drown.Nac,751
1532,CO_AutoCorrShape_drown_nminima,"correlation",CO_AutoCorrShape_drown.nminima,751
1533,CO_AutoCorrShape_drown_meanminima,"correlation",CO_AutoCorrShape_drown.meanminima,751
1534,CO_AutoCorrShape_drown_meanmaxima,"correlation",CO_AutoCorrShape_drown.meanmaxima,751
1535,CO_AutoCorrShape_drown_pextrema,"correlation",CO_AutoCorrShape_drown.pextrema,751
1536,CO_AutoCorrShape_drown_sumacf,"correlation",CO_AutoCorrShape_drown.sumacf,751
1537,CO_AutoCorrShape_drown_sumabsacf,"correlation",CO_AutoCorrShape_drown.sumabsacf,751
1538,CO_AutoCorrShape_drown_meanacf,"correlation",CO_AutoCorrShape_drown.meanacf,751
1539,CO_AutoCorrShape_drown_meanabsacf,"correlation",CO_AutoCorrShape_drown.meanabsacf,751
1540,CO_AutoCorrShape_drown_ac1,"correlation",CO_AutoCorrShape_drown.ac1,751
1541,CO_AutoCorrShape_drown_actau,"correlation",CO_AutoCorrShape_drown.actau,751
1542,CO_AutoCorrShape_posDrown_Nac,"correlation",CO_AutoCorrShape_posDrown.Nac,752
1543,CO_AutoCorrShape_posDrown_nminima,"correlation",CO_AutoCorrShape_posDrown.nminima,752
1544,CO_AutoCorrShape_posDrown_meanminima,"correlation",CO_AutoCorrShape_posDrown.meanminima,752
1545,CO_AutoCorrShape_posDrown_meanmaxima,"correlation",CO_AutoCorrShape_posDrown.meanmaxima,752
1546,CO_AutoCorrShape_posDrown_pextrema,"correlation",CO_AutoCorrShape_posDrown.pextrema,752
1547,CO_AutoCorrShape_posDrown_sumacf,"correlation",CO_AutoCorrShape_posDrown.sumacf,752
1548,CO_AutoCorrShape_posDrown_meanacf,"correlation",CO_AutoCorrShape_posDrown.meanacf,752
1549,CO_AutoCorrShape_posDrown_ac1,"correlation",CO_AutoCorrShape_posDrown.ac1,752
1550,CO_AutoCorrShape_posDrown_actau,"correlation",CO_AutoCorrShape_posDrown.actau,752
1551,CO_AutoCorrShape_posDrown_decayTimescale,"correlation",CO_AutoCorrShape_posDrown.decayTimescale,752
1552,CO_AutoCorrShape_posDrown_fexpacf_r2,"correlation",CO_AutoCorrShape_posDrown.fexpacf_r2,752
1553,CO_AutoCorrShape_posDrown_fexpacf_stdres,"correlation",CO_AutoCorrShape_posDrown.fexpacf_stdres,752
1554,CO_Embed2_Basic_1_updiag01,"correlation",CO_Embed2_Basic_1.updiag01,753
1555,CO_Embed2_Basic_1_updiag05,"correlation",CO_Embed2_Basic_1.updiag05,753
1556,CO_Embed2_Basic_1_downdiag01,"correlation",CO_Embed2_Basic_1.downdiag01,753
1557,CO_Embed2_Basic_1_downdiag05,"correlation",CO_Embed2_Basic_1.downdiag05,753
1558,CO_Embed2_Basic_1_ratdiag01,"correlation",CO_Embed2_Basic_1.ratdiag01,753
1559,CO_Embed2_Basic_1_ratdiag05,"correlation",CO_Embed2_Basic_1.ratdiag05,753
1560,CO_Embed2_Basic_1_parabup01,"correlation",CO_Embed2_Basic_1.parabup01,753
1561,CO_Embed2_Basic_1_parabup05,"correlation",CO_Embed2_Basic_1.parabup05,753
1562,CO_Embed2_Basic_1_parabdown01,"correlation",CO_Embed2_Basic_1.parabdown01,753
1563,CO_Embed2_Basic_1_parabdown05,"correlation",CO_Embed2_Basic_1.parabdown05,753
1564,CO_Embed2_Basic_1_parabup01_1,"correlation",CO_Embed2_Basic_1.parabup01_1,753
1565,CO_Embed2_Basic_1_parabup05_1,"correlation",CO_Embed2_Basic_1.parabup05_1,753
1566,CO_Embed2_Basic_1_parabdown01_1,"correlation",CO_Embed2_Basic_1.parabdown01_1,753
1567,CO_Embed2_Basic_1_parabdown05_1,"correlation",CO_Embed2_Basic_1.parabdown05_1,753
1568,CO_Embed2_Basic_1_parabup01_n1,"correlation",CO_Embed2_Basic_1.parabup01_n1,753
1569,CO_Embed2_Basic_1_parabup05_n1,"correlation",CO_Embed2_Basic_1.parabup05_n1,753
1570,CO_Embed2_Basic_1_parabdown01_n1,"correlation",CO_Embed2_Basic_1.parabdown01_n1,753
1571,CO_Embed2_Basic_1_parabdown05_n1,"correlation",CO_Embed2_Basic_1.parabdown05_n1,753
1572,CO_Embed2_Basic_1_ring1_01,"correlation",CO_Embed2_Basic_1.ring1_01,753
1573,CO_Embed2_Basic_1_ring1_02,"correlation",CO_Embed2_Basic_1.ring1_02,753
1574,CO_Embed2_Basic_1_ring1_05,"correlation",CO_Embed2_Basic_1.ring1_05,753
1575,CO_Embed2_Basic_1_incircle_01,"correlation",CO_Embed2_Basic_1.incircle_01,753
1576,CO_Embed2_Basic_1_incircle_02,"correlation",CO_Embed2_Basic_1.incircle_02,753
1577,CO_Embed2_Basic_1_incircle_05,"correlation",CO_Embed2_Basic_1.incircle_05,753
1578,CO_Embed2_Basic_1_incircle_1,"correlation",CO_Embed2_Basic_1.incircle_1,753
1579,CO_Embed2_Basic_1_incircle_2,"correlation",CO_Embed2_Basic_1.incircle_2,753
1580,CO_Embed2_Basic_1_incircle_3,"correlation",CO_Embed2_Basic_1.incircle_3,753
1581,CO_Embed2_Basic_1_medianincircle,"correlation",CO_Embed2_Basic_1.medianincircle,753
1582,CO_Embed2_Basic_1_stdincircle,"correlation",CO_Embed2_Basic_1.stdincircle,753
1583,CO_Embed2_Basic_tau_updiag01,"correlation",CO_Embed2_Basic_tau.updiag01,754
1584,CO_Embed2_Basic_tau_updiag05,"correlation",CO_Embed2_Basic_tau.updiag05,754
1585,CO_Embed2_Basic_tau_downdiag01,"correlation",CO_Embed2_Basic_tau.downdiag01,754
1586,CO_Embed2_Basic_tau_downdiag05,"correlation",CO_Embed2_Basic_tau.downdiag05,754
1587,CO_Embed2_Basic_tau_ratdiag01,"correlation",CO_Embed2_Basic_tau.ratdiag01,754
1588,CO_Embed2_Basic_tau_ratdiag05,"correlation",CO_Embed2_Basic_tau.ratdiag05,754
1589,CO_Embed2_Basic_tau_parabup01,"correlation",CO_Embed2_Basic_tau.parabup01,754
1590,CO_Embed2_Basic_tau_parabup05,"correlation",CO_Embed2_Basic_tau.parabup05,754
1591,CO_Embed2_Basic_tau_parabdown01,"correlation",CO_Embed2_Basic_tau.parabdown01,754
1592,CO_Embed2_Basic_tau_parabdown05,"correlation",CO_Embed2_Basic_tau.parabdown05,754
1593,CO_Embed2_Basic_tau_parabup01_1,"correlation",CO_Embed2_Basic_tau.parabup01_1,754
1594,CO_Embed2_Basic_tau_parabup05_1,"correlation",CO_Embed2_Basic_tau.parabup05_1,754
1595,CO_Embed2_Basic_tau_parabdown01_1,"correlation",CO_Embed2_Basic_tau.parabdown01_1,754
1596,CO_Embed2_Basic_tau_parabdown05_1,"correlation",CO_Embed2_Basic_tau.parabdown05_1,754
1597,CO_Embed2_Basic_tau_parabup01_n1,"correlation",CO_Embed2_Basic_tau.parabup01_n1,754
1598,CO_Embed2_Basic_tau_parabup05_n1,"correlation",CO_Embed2_Basic_tau.parabup05_n1,754
1599,CO_Embed2_Basic_tau_parabdown01_n1,"correlation",CO_Embed2_Basic_tau.parabdown01_n1,754
1600,CO_Embed2_Basic_tau_parabdown05_n1,"correlation",CO_Embed2_Basic_tau.parabdown05_n1,754
1601,CO_Embed2_Basic_tau_ring1_01,"correlation",CO_Embed2_Basic_tau.ring1_01,754
1602,CO_Embed2_Basic_tau_ring1_02,"correlation",CO_Embed2_Basic_tau.ring1_02,754
1603,CO_Embed2_Basic_tau_ring1_05,"correlation",CO_Embed2_Basic_tau.ring1_05,754
1604,CO_Embed2_Basic_tau_incircle_01,"correlation",CO_Embed2_Basic_tau.incircle_01,754
1605,CO_Embed2_Basic_tau_incircle_02,"correlation",CO_Embed2_Basic_tau.incircle_02,754
1606,CO_Embed2_Basic_tau_incircle_05,"correlation",CO_Embed2_Basic_tau.incircle_05,754
1607,CO_Embed2_Basic_tau_incircle_1,"correlation",CO_Embed2_Basic_tau.incircle_1,754
1608,CO_Embed2_Basic_tau_incircle_2,"correlation",CO_Embed2_Basic_tau.incircle_2,754
1609,CO_Embed2_Basic_tau_incircle_3,"correlation",CO_Embed2_Basic_tau.incircle_3,754
1610,CO_Embed2_Basic_tau_medianincircle,"correlation",CO_Embed2_Basic_tau.medianincircle,754
1611,CO_Embed2_Basic_tau_stdincircle,"correlation",CO_Embed2_Basic_tau.stdincircle,754
1612,PD_PeriodicityWang_th0,"periodicity,spline",PD_PeriodicityWang.th1,755
1613,PD_PeriodicityWang_th0.01,"periodicity,spline",PD_PeriodicityWang.th2,755
1614,PD_PeriodicityWang_th0.1,"periodicity,spline",PD_PeriodicityWang.th3,755
1615,PD_PeriodicityWang_th0.2,"periodicity,spline",PD_PeriodicityWang.th4,755
1616,PD_PeriodicityWang_th1_sqrtN,"periodicity,spline",PD_PeriodicityWang.th5,755
1617,PD_PeriodicityWang_th5_sqrtN,"periodicity,spline",PD_PeriodicityWang.th6,755
1618,PD_PeriodicityWang_th10_sqrtN,"periodicity,spline",PD_PeriodicityWang.th7,755
1619,PH_ForcePotential_dblwell_1_02_01_mean,"dynamicalSystem",PH_ForcePotential_dblwell_1_02_01.mean,756
1620,PH_ForcePotential_dblwell_1_02_01_median,"dynamicalSystem",PH_ForcePotential_dblwell_1_02_01.median,756
1621,PH_ForcePotential_dblwell_1_02_01_range,"dynamicalSystem",PH_ForcePotential_dblwell_1_02_01.range,756
1622,PH_ForcePotential_dblwell_1_02_01_proppos,"dynamicalSystem",PH_ForcePotential_dblwell_1_02_01.proppos,756
1623,PH_ForcePotential_dblwell_1_02_01_pcross,"dynamicalSystem",PH_ForcePotential_dblwell_1_02_01.pcross,756
1624,PH_ForcePotential_dblwell_1_02_01_pcrossup,"dynamicalSystem",PH_ForcePotential_dblwell_1_02_01.pcrossup,756
1625,PH_ForcePotential_dblwell_1_02_01_pcrossdown,"dynamicalSystem",PH_ForcePotential_dblwell_1_02_01.pcrossdown,756
1626,PH_ForcePotential_dblwell_1_02_01_ac1,"dynamicalSystem",PH_ForcePotential_dblwell_1_02_01.ac1,756
1627,PH_ForcePotential_dblwell_1_02_01_ac10,"dynamicalSystem",PH_ForcePotential_dblwell_1_02_01.ac10,756
1628,PH_ForcePotential_dblwell_1_02_01_ac50,"dynamicalSystem",PH_ForcePotential_dblwell_1_02_01.ac50,756
1629,PH_ForcePotential_dblwell_1_02_01_tau,"dynamicalSystem",PH_ForcePotential_dblwell_1_02_01.tau,756
1630,PH_ForcePotential_dblwell_1_02_01_finaldev,"dynamicalSystem",PH_ForcePotential_dblwell_1_02_01.finaldev,756
1631,PH_ForcePotential_dblwell_1_02_01_std,"dynamicalSystem",PH_ForcePotential_dblwell_1_02_01.std,756
1632,PH_ForcePotential_dblwell_1_05_02_mean,"dynamicalSystem",PH_ForcePotential_dblwell_1_05_02.mean,757
1633,PH_ForcePotential_dblwell_1_05_02_median,"dynamicalSystem",PH_ForcePotential_dblwell_1_05_02.median,757
1634,PH_ForcePotential_dblwell_1_05_02_range,"dynamicalSystem",PH_ForcePotential_dblwell_1_05_02.range,757
1635,PH_ForcePotential_dblwell_1_05_02_proppos,"dynamicalSystem",PH_ForcePotential_dblwell_1_05_02.proppos,757
1636,PH_ForcePotential_dblwell_1_05_02_pcross,"dynamicalSystem",PH_ForcePotential_dblwell_1_05_02.pcross,757
1637,PH_ForcePotential_dblwell_1_05_02_pcrossup,"dynamicalSystem",PH_ForcePotential_dblwell_1_05_02.pcrossup,757
1638,PH_ForcePotential_dblwell_1_05_02_pcrossdown,"dynamicalSystem",PH_ForcePotential_dblwell_1_05_02.pcrossdown,757
1639,PH_ForcePotential_dblwell_1_05_02_ac1,"dynamicalSystem",PH_ForcePotential_dblwell_1_05_02.ac1,757
1640,PH_ForcePotential_dblwell_1_05_02_ac10,"dynamicalSystem",PH_ForcePotential_dblwell_1_05_02.ac10,757
1641,PH_ForcePotential_dblwell_1_05_02_ac50,"dynamicalSystem",PH_ForcePotential_dblwell_1_05_02.ac50,757
1642,PH_ForcePotential_dblwell_1_05_02_tau,"dynamicalSystem",PH_ForcePotential_dblwell_1_05_02.tau,757
1643,PH_ForcePotential_dblwell_1_05_02_finaldev,"dynamicalSystem",PH_ForcePotential_dblwell_1_05_02.finaldev,757
1644,PH_ForcePotential_dblwell_1_05_02_std,"dynamicalSystem",PH_ForcePotential_dblwell_1_05_02.std,757
1645,PH_ForcePotential_dblwell_2_005_02_mean,"dynamicalSystem",PH_ForcePotential_dblwell_2_005_02.mean,758
1646,PH_ForcePotential_dblwell_2_005_02_median,"dynamicalSystem",PH_ForcePotential_dblwell_2_005_02.median,758
1647,PH_ForcePotential_dblwell_2_005_02_range,"dynamicalSystem",PH_ForcePotential_dblwell_2_005_02.range,758
1648,PH_ForcePotential_dblwell_2_005_02_proppos,"dynamicalSystem",PH_ForcePotential_dblwell_2_005_02.proppos,758
1649,PH_ForcePotential_dblwell_2_005_02_pcross,"dynamicalSystem",PH_ForcePotential_dblwell_2_005_02.pcross,758
1650,PH_ForcePotential_dblwell_2_005_02_pcrossup,"dynamicalSystem",PH_ForcePotential_dblwell_2_005_02.pcrossup,758
1651,PH_ForcePotential_dblwell_2_005_02_pcrossdown,"dynamicalSystem",PH_ForcePotential_dblwell_2_005_02.pcrossdown,758
1652,PH_ForcePotential_dblwell_2_005_02_ac1,"dynamicalSystem",PH_ForcePotential_dblwell_2_005_02.ac1,758
1653,PH_ForcePotential_dblwell_2_005_02_ac10,"dynamicalSystem",PH_ForcePotential_dblwell_2_005_02.ac10,758
1654,PH_ForcePotential_dblwell_2_005_02_ac50,"dynamicalSystem",PH_ForcePotential_dblwell_2_005_02.ac50,758
1655,PH_ForcePotential_dblwell_2_005_02_tau,"dynamicalSystem",PH_ForcePotential_dblwell_2_005_02.tau,758
1656,PH_ForcePotential_dblwell_2_005_02_finaldev,"dynamicalSystem",PH_ForcePotential_dblwell_2_005_02.finaldev,758
1657,PH_ForcePotential_dblwell_2_005_02_std,"dynamicalSystem",PH_ForcePotential_dblwell_2_005_02.std,758
1658,PH_ForcePotential_dblwell_3_001_01_mean,"dynamicalSystem",PH_ForcePotential_dblwell_3_001_01.mean,759
1659,PH_ForcePotential_dblwell_3_001_01_median,"dynamicalSystem",PH_ForcePotential_dblwell_3_001_01.median,759
1660,PH_ForcePotential_dblwell_3_001_01_range,"dynamicalSystem",PH_ForcePotential_dblwell_3_001_01.range,759
1661,PH_ForcePotential_dblwell_3_001_01_proppos,"dynamicalSystem",PH_ForcePotential_dblwell_3_001_01.proppos,759
1662,PH_ForcePotential_dblwell_3_001_01_pcross,"dynamicalSystem",PH_ForcePotential_dblwell_3_001_01.pcross,759
1663,PH_ForcePotential_dblwell_3_001_01_pcrossup,"dynamicalSystem",PH_ForcePotential_dblwell_3_001_01.pcrossup,759
1664,PH_ForcePotential_dblwell_3_001_01_pcrossdown,"dynamicalSystem",PH_ForcePotential_dblwell_3_001_01.pcrossdown,759
1665,PH_ForcePotential_dblwell_3_001_01_ac1,"dynamicalSystem",PH_ForcePotential_dblwell_3_001_01.ac1,759
1666,PH_ForcePotential_dblwell_3_001_01_ac10,"dynamicalSystem",PH_ForcePotential_dblwell_3_001_01.ac10,759
1667,PH_ForcePotential_dblwell_3_001_01_ac50,"dynamicalSystem",PH_ForcePotential_dblwell_3_001_01.ac50,759
1668,PH_ForcePotential_dblwell_3_001_01_tau,"dynamicalSystem",PH_ForcePotential_dblwell_3_001_01.tau,759
1669,PH_ForcePotential_dblwell_3_001_01_finaldev,"dynamicalSystem",PH_ForcePotential_dblwell_3_001_01.finaldev,759
1670,PH_ForcePotential_dblwell_3_001_01_std,"dynamicalSystem",PH_ForcePotential_dblwell_3_001_01.std,759
1671,PH_ForcePotential_sine_3_05_1_mean,"dynamicalSystem",PH_ForcePotential_sine_3_05_1.mean,760
1672,PH_ForcePotential_sine_3_05_1_median,"dynamicalSystem",PH_ForcePotential_sine_3_05_1.median,760
1673,PH_ForcePotential_sine_3_05_1_range,"dynamicalSystem",PH_ForcePotential_sine_3_05_1.range,760
1674,PH_ForcePotential_sine_3_05_1_proppos,"dynamicalSystem",PH_ForcePotential_sine_3_05_1.proppos,760
1675,PH_ForcePotential_sine_3_05_1_pcross,"dynamicalSystem",PH_ForcePotential_sine_3_05_1.pcross,760
1676,PH_ForcePotential_sine_3_05_1_ac1,"dynamicalSystem",PH_ForcePotential_sine_3_05_1.ac1,760
1677,PH_ForcePotential_sine_3_05_1_ac10,"dynamicalSystem",PH_ForcePotential_sine_3_05_1.ac10,760
1678,PH_ForcePotential_sine_3_05_1_ac50,"dynamicalSystem",PH_ForcePotential_sine_3_05_1.ac50,760
1679,PH_ForcePotential_sine_3_05_1_tau,"dynamicalSystem",PH_ForcePotential_sine_3_05_1.tau,760
1680,PH_ForcePotential_sine_3_05_1_finaldev,"dynamicalSystem",PH_ForcePotential_sine_3_05_1.finaldev,760
1681,PH_ForcePotential_sine_3_05_1_std,"dynamicalSystem",PH_ForcePotential_sine_3_05_1.std,760
1682,PH_ForcePotential_sine_1_1_1_mean,"dynamicalSystem",PH_ForcePotential_sine_1_1_1.mean,761
1683,PH_ForcePotential_sine_1_1_1_median,"dynamicalSystem",PH_ForcePotential_sine_1_1_1.median,761
1684,PH_ForcePotential_sine_1_1_1_range,"dynamicalSystem",PH_ForcePotential_sine_1_1_1.range,761
1685,PH_ForcePotential_sine_1_1_1_proppos,"dynamicalSystem",PH_ForcePotential_sine_1_1_1.proppos,761
1686,PH_ForcePotential_sine_1_1_1_pcross,"dynamicalSystem",PH_ForcePotential_sine_1_1_1.pcross,761
1687,PH_ForcePotential_sine_1_1_1_ac1,"dynamicalSystem",PH_ForcePotential_sine_1_1_1.ac1,761
1688,PH_ForcePotential_sine_1_1_1_ac10,"dynamicalSystem",PH_ForcePotential_sine_1_1_1.ac10,761
1689,PH_ForcePotential_sine_1_1_1_ac50,"dynamicalSystem",PH_ForcePotential_sine_1_1_1.ac50,761
1690,PH_ForcePotential_sine_1_1_1_tau,"dynamicalSystem",PH_ForcePotential_sine_1_1_1.tau,761
1691,PH_ForcePotential_sine_1_1_1_finaldev,"dynamicalSystem",PH_ForcePotential_sine_1_1_1.finaldev,761
1692,PH_ForcePotential_sine_1_1_1_std,"dynamicalSystem",PH_ForcePotential_sine_1_1_1.std,761
1693,PH_ForcePotential_sine_10_004_10_mean,"dynamicalSystem",PH_ForcePotential_sine_10_004_10.mean,762
1694,PH_ForcePotential_sine_10_004_10_median,"dynamicalSystem",PH_ForcePotential_sine_10_004_10.median,762
1695,PH_ForcePotential_sine_10_004_10_range,"dynamicalSystem",PH_ForcePotential_sine_10_004_10.range,762
1696,PH_ForcePotential_sine_10_004_10_proppos,"dynamicalSystem",PH_ForcePotential_sine_10_004_10.proppos,762
1697,PH_ForcePotential_sine_10_004_10_pcross,"dynamicalSystem",PH_ForcePotential_sine_10_004_10.pcross,762
1698,PH_ForcePotential_sine_10_004_10_ac1,"dynamicalSystem",PH_ForcePotential_sine_10_004_10.ac1,762
1699,PH_ForcePotential_sine_10_004_10_ac10,"dynamicalSystem",PH_ForcePotential_sine_10_004_10.ac10,762
1700,PH_ForcePotential_sine_10_004_10_ac50,"dynamicalSystem",PH_ForcePotential_sine_10_004_10.ac50,762
1701,PH_ForcePotential_sine_10_004_10_tau,"dynamicalSystem",PH_ForcePotential_sine_10_004_10.tau,762
1702,PH_ForcePotential_sine_10_004_10_finaldev,"dynamicalSystem",PH_ForcePotential_sine_10_004_10.finaldev,762
1703,PH_ForcePotential_sine_10_004_10_std,"dynamicalSystem",PH_ForcePotential_sine_10_004_10.std,762
1704,DN_RemovePoints_absclose_01_remove_fzcacrat,"correlation,outliers",DN_RemovePoints_absclose_01_remove.fzcacrat,763
1705,DN_RemovePoints_absclose_01_remove_ac1rat,"correlation,outliers",DN_RemovePoints_absclose_01_remove.ac1rat,763
1706,DN_RemovePoints_absclose_01_remove_ac1diff,"correlation,outliers",DN_RemovePoints_absclose_01_remove.ac1diff,763
1707,DN_RemovePoints_absclose_01_remove_ac2rat,"correlation,outliers",DN_RemovePoints_absclose_01_remove.ac2rat,763
1708,DN_RemovePoints_absclose_01_remove_ac2diff,"correlation,outliers",DN_RemovePoints_absclose_01_remove.ac2diff,763
1709,DN_RemovePoints_absclose_01_remove_ac3rat,"correlation,outliers",DN_RemovePoints_absclose_01_remove.ac3rat,763
1710,DN_RemovePoints_absclose_01_remove_ac3diff,"correlation,outliers",DN_RemovePoints_absclose_01_remove.ac3diff,763
1711,DN_RemovePoints_absclose_01_remove_sumabsacfdiff,"correlation,outliers",DN_RemovePoints_absclose_01_remove.sumabsacfdiff,763
1712,DN_RemovePoints_absclose_01_remove_mean,"correlation,outliers",DN_RemovePoints_absclose_01_remove.mean,763
1713,DN_RemovePoints_absclose_01_remove_median,"correlation,outliers",DN_RemovePoints_absclose_01_remove.median,763
1714,DN_RemovePoints_absclose_01_remove_std,"correlation,outliers",DN_RemovePoints_absclose_01_remove.std,763
1715,DN_RemovePoints_absclose_01_remove_skewnessrat,"correlation,outliers,distribution",DN_RemovePoints_absclose_01_remove.skewnessrat,763
1716,DN_RemovePoints_absclose_01_remove_kurtosisrat,"correlation,outliers,distribution",DN_RemovePoints_absclose_01_remove.kurtosisrat,763
1717,DN_RemovePoints_absclose_05_remove_fzcacrat,"correlation,outliers",DN_RemovePoints_absclose_05_remove.fzcacrat,764
1718,DN_RemovePoints_absclose_05_remove_ac1rat,"correlation,outliers",DN_RemovePoints_absclose_05_remove.ac1rat,764
1719,DN_RemovePoints_absclose_05_remove_ac1diff,"correlation,outliers",DN_RemovePoints_absclose_05_remove.ac1diff,764
1720,DN_RemovePoints_absclose_05_remove_ac2rat,"correlation,outliers",DN_RemovePoints_absclose_05_remove.ac2rat,764
1721,DN_RemovePoints_absclose_05_remove_ac2diff,"correlation,outliers",DN_RemovePoints_absclose_05_remove.ac2diff,764
1722,DN_RemovePoints_absclose_05_remove_ac3rat,"correlation,outliers",DN_RemovePoints_absclose_05_remove.ac3rat,764
1723,DN_RemovePoints_absclose_05_remove_ac3diff,"correlation,outliers",DN_RemovePoints_absclose_05_remove.ac3diff,764
1724,DN_RemovePoints_absclose_05_remove_sumabsacfdiff,"correlation,outliers",DN_RemovePoints_absclose_05_remove.sumabsacfdiff,764
1725,DN_RemovePoints_absclose_05_remove_mean,"correlation,outliers",DN_RemovePoints_absclose_05_remove.mean,764
1726,DN_RemovePoints_absclose_05_remove_median,"correlation,outliers",DN_RemovePoints_absclose_05_remove.median,764
1727,DN_RemovePoints_absclose_05_remove_std,"correlation,outliers",DN_RemovePoints_absclose_05_remove.std,764
1728,DN_RemovePoints_absclose_05_remove_skewnessrat,"correlation,outliers,distribution",DN_RemovePoints_absclose_05_remove.skewnessrat,764
1729,DN_RemovePoints_absclose_05_remove_kurtosisrat,"correlation,outliers,distribution",DN_RemovePoints_absclose_05_remove.kurtosisrat,764
1730,DN_RemovePoints_absclose_08_remove_fzcacrat,"correlation,outliers",DN_RemovePoints_absclose_08_remove.fzcacrat,765
1731,DN_RemovePoints_absclose_08_remove_ac1rat,"correlation,outliers",DN_RemovePoints_absclose_08_remove.ac1rat,765
1732,DN_RemovePoints_absclose_08_remove_ac1diff,"correlation,outliers",DN_RemovePoints_absclose_08_remove.ac1diff,765
1733,DN_RemovePoints_absclose_08_remove_ac2rat,"correlation,outliers",DN_RemovePoints_absclose_08_remove.ac2rat,765
1734,DN_RemovePoints_absclose_08_remove_ac2diff,"correlation,outliers",DN_RemovePoints_absclose_08_remove.ac2diff,765
1735,DN_RemovePoints_absclose_08_remove_ac3rat,"correlation,outliers",DN_RemovePoints_absclose_08_remove.ac3rat,765
1736,DN_RemovePoints_absclose_08_remove_ac3diff,"correlation,outliers",DN_RemovePoints_absclose_08_remove.ac3diff,765
1737,DN_RemovePoints_absclose_08_remove_sumabsacfdiff,"correlation,outliers",DN_RemovePoints_absclose_08_remove.sumabsacfdiff,765
1738,DN_RemovePoints_absclose_08_remove_mean,"correlation,outliers",DN_RemovePoints_absclose_08_remove.mean,765
1739,DN_RemovePoints_absclose_08_remove_median,"correlation,outliers",DN_RemovePoints_absclose_08_remove.median,765
1740,DN_RemovePoints_absclose_08_remove_std,"correlation,outliers",DN_RemovePoints_absclose_08_remove.std,765
1741,DN_RemovePoints_absclose_08_remove_skewnessrat,"correlation,outliers,distribution",DN_RemovePoints_absclose_08_remove.skewnessrat,765
1742,DN_RemovePoints_absclose_08_remove_kurtosisrat,"correlation,outliers,distribution",DN_RemovePoints_absclose_08_remove.kurtosisrat,765
1743,DN_RemovePoints_absfar_01_remove_fzcacrat,"correlation,outliers",DN_RemovePoints_absfar_01_remove.fzcacrat,766
1744,DN_RemovePoints_absfar_01_remove_ac1rat,"correlation,outliers",DN_RemovePoints_absfar_01_remove.ac1rat,766
1745,DN_RemovePoints_absfar_01_remove_ac1diff,"correlation,outliers",DN_RemovePoints_absfar_01_remove.ac1diff,766
1746,DN_RemovePoints_absfar_01_remove_ac2rat,"correlation,outliers",DN_RemovePoints_absfar_01_remove.ac2rat,766
1747,DN_RemovePoints_absfar_01_remove_ac2diff,"correlation,outliers",DN_RemovePoints_absfar_01_remove.ac2diff,766
1748,DN_RemovePoints_absfar_01_remove_ac3rat,"correlation,outliers",DN_RemovePoints_absfar_01_remove.ac3rat,766
1749,DN_RemovePoints_absfar_01_remove_ac3diff,"correlation,outliers",DN_RemovePoints_absfar_01_remove.ac3diff,766
1750,DN_RemovePoints_absfar_01_remove_sumabsacfdiff,"correlation,outliers",DN_RemovePoints_absfar_01_remove.sumabsacfdiff,766
1751,DN_RemovePoints_absfar_01_remove_mean,"correlation,outliers",DN_RemovePoints_absfar_01_remove.mean,766
1752,DN_RemovePoints_absfar_01_remove_median,"correlation,outliers",DN_RemovePoints_absfar_01_remove.median,766
1753,DN_RemovePoints_absfar_01_remove_std,"correlation,outliers",DN_RemovePoints_absfar_01_remove.std,766
1754,DN_RemovePoints_absfar_01_remove_skewnessrat,"correlation,outliers,distribution",DN_RemovePoints_absfar_01_remove.skewnessrat,766
1755,DN_RemovePoints_absfar_01_remove_kurtosisrat,"correlation,outliers,distribution",DN_RemovePoints_absfar_01_remove.kurtosisrat,766
1756,DN_RemovePoints_absfar_08_remove_fzcacrat,"correlation,outliers",DN_RemovePoints_absfar_08_remove.fzcacrat,767
1757,DN_RemovePoints_absfar_08_remove_ac1rat,"correlation,outliers",DN_RemovePoints_absfar_08_remove.ac1rat,767
1758,DN_RemovePoints_absfar_08_remove_ac1diff,"correlation,outliers",DN_RemovePoints_absfar_08_remove.ac1diff,767
1759,DN_RemovePoints_absfar_08_remove_ac2rat,"correlation,outliers",DN_RemovePoints_absfar_08_remove.ac2rat,767
1760,DN_RemovePoints_absfar_08_remove_ac2diff,"correlation,outliers",DN_RemovePoints_absfar_08_remove.ac2diff,767
1761,DN_RemovePoints_absfar_08_remove_ac3rat,"correlation,outliers",DN_RemovePoints_absfar_08_remove.ac3rat,767
1762,DN_RemovePoints_absfar_08_remove_ac3diff,"correlation,outliers",DN_RemovePoints_absfar_08_remove.ac3diff,767
1763,DN_RemovePoints_absfar_08_remove_sumabsacfdiff,"correlation,outliers",DN_RemovePoints_absfar_08_remove.sumabsacfdiff,767
1764,DN_RemovePoints_absfar_08_remove_mean,"correlation,outliers",DN_RemovePoints_absfar_08_remove.mean,767
1765,DN_RemovePoints_absfar_08_remove_median,"correlation,outliers",DN_RemovePoints_absfar_08_remove.median,767
1766,DN_RemovePoints_absfar_08_remove_std,"correlation,outliers",DN_RemovePoints_absfar_08_remove.std,767
1767,DN_RemovePoints_absfar_08_remove_skewnessrat,"correlation,outliers,distribution",DN_RemovePoints_absfar_08_remove.skewnessrat,767
1768,DN_RemovePoints_absfar_08_remove_kurtosisrat,"correlation,outliers,distribution",DN_RemovePoints_absfar_08_remove.kurtosisrat,767
1769,DN_RemovePoints_absfar_01_saturate_fzcacrat,"correlation,outliers",DN_RemovePoints_absfar_01_saturate.fzcacrat,768
1770,DN_RemovePoints_absfar_01_saturate_ac1rat,"correlation,outliers",DN_RemovePoints_absfar_01_saturate.ac1rat,768
1771,DN_RemovePoints_absfar_01_saturate_ac1diff,"correlation,outliers",DN_RemovePoints_absfar_01_saturate.ac1diff,768
1772,DN_RemovePoints_absfar_01_saturate_ac2rat,"correlation,outliers",DN_RemovePoints_absfar_01_saturate.ac2rat,768
1773,DN_RemovePoints_absfar_01_saturate_ac2diff,"correlation,outliers",DN_RemovePoints_absfar_01_saturate.ac2diff,768
1774,DN_RemovePoints_absfar_01_saturate_ac3rat,"correlation,outliers",DN_RemovePoints_absfar_01_saturate.ac3rat,768
1775,DN_RemovePoints_absfar_01_saturate_ac3diff,"correlation,outliers",DN_RemovePoints_absfar_01_saturate.ac3diff,768
1776,DN_RemovePoints_absfar_01_saturate_sumabsacfdiff,"correlation,outliers",DN_RemovePoints_absfar_01_saturate.sumabsacfdiff,768
1777,DN_RemovePoints_absfar_01_saturate_mean,"correlation,outliers",DN_RemovePoints_absfar_01_saturate.mean,768
1778,DN_RemovePoints_absfar_01_saturate_median,"correlation,outliers",DN_RemovePoints_absfar_01_saturate.median,768
1779,DN_RemovePoints_absfar_01_saturate_std,"correlation,outliers",DN_RemovePoints_absfar_01_saturate.std,768
1780,DN_RemovePoints_absfar_01_saturate_skewnessrat,"correlation,outliers,distribution",DN_RemovePoints_absfar_01_saturate.skewnessrat,768
1781,DN_RemovePoints_absfar_01_saturate_kurtosisrat,"correlation,outliers,distribution",DN_RemovePoints_absfar_01_saturate.kurtosisrat,768
1782,DN_RemovePoints_absfar_08_saturate_fzcacrat,"correlation,outliers",DN_RemovePoints_absfar_08_saturate.fzcacrat,769
1783,DN_RemovePoints_absfar_08_saturate_ac1rat,"correlation,outliers",DN_RemovePoints_absfar_08_saturate.ac1rat,769
1784,DN_RemovePoints_absfar_08_saturate_ac1diff,"correlation,outliers",DN_RemovePoints_absfar_08_saturate.ac1diff,769
1785,DN_RemovePoints_absfar_08_saturate_ac2rat,"correlation,outliers",DN_RemovePoints_absfar_08_saturate.ac2rat,769
1786,DN_RemovePoints_absfar_08_saturate_ac2diff,"correlation,outliers",DN_RemovePoints_absfar_08_saturate.ac2diff,769
1787,DN_RemovePoints_absfar_08_saturate_ac3rat,"correlation,outliers",DN_RemovePoints_absfar_08_saturate.ac3rat,769
1788,DN_RemovePoints_absfar_08_saturate_ac3diff,"correlation,outliers",DN_RemovePoints_absfar_08_saturate.ac3diff,769
1789,DN_RemovePoints_absfar_08_saturate_sumabsacfdiff,"correlation,outliers",DN_RemovePoints_absfar_08_saturate.sumabsacfdiff,769
1790,DN_RemovePoints_absfar_08_saturate_mean,"correlation,outliers",DN_RemovePoints_absfar_08_saturate.mean,769
1791,DN_RemovePoints_absfar_08_saturate_median,"correlation,outliers",DN_RemovePoints_absfar_08_saturate.median,769
1792,DN_RemovePoints_absfar_08_saturate_std,"correlation,outliers",DN_RemovePoints_absfar_08_saturate.std,769
1793,DN_RemovePoints_absfar_08_saturate_skewnessrat,"correlation,outliers,distribution",DN_RemovePoints_absfar_08_saturate.skewnessrat,769
1794,DN_RemovePoints_absfar_08_saturate_kurtosisrat,"correlation,outliers,distribution",DN_RemovePoints_absfar_08_saturate.kurtosisrat,769
1795,DN_RemovePoints_min_01_saturate_fzcacrat,"correlation,outliers",DN_RemovePoints_min_01_saturate.fzcacrat,770
1796,DN_RemovePoints_min_01_saturate_ac1rat,"correlation,outliers",DN_RemovePoints_min_01_saturate.ac1rat,770
1797,DN_RemovePoints_min_01_saturate_ac1diff,"correlation,outliers",DN_RemovePoints_min_01_saturate.ac1diff,770
1798,DN_RemovePoints_min_01_saturate_ac2rat,"correlation,outliers",DN_RemovePoints_min_01_saturate.ac2rat,770
1799,DN_RemovePoints_min_01_saturate_ac2diff,"correlation,outliers",DN_RemovePoints_min_01_saturate.ac2diff,770
1800,DN_RemovePoints_min_01_saturate_ac3rat,"correlation,outliers",DN_RemovePoints_min_01_saturate.ac3rat,770
1801,DN_RemovePoints_min_01_saturate_ac3diff,"correlation,outliers",DN_RemovePoints_min_01_saturate.ac3diff,770
1802,DN_RemovePoints_min_01_saturate_sumabsacfdiff,"correlation,outliers",DN_RemovePoints_min_01_saturate.sumabsacfdiff,770
1803,DN_RemovePoints_min_01_saturate_mean,"correlation,outliers",DN_RemovePoints_min_01_saturate.mean,770
1804,DN_RemovePoints_min_01_saturate_std,"correlation,outliers",DN_RemovePoints_min_01_saturate.std,770
1805,DN_RemovePoints_min_01_saturate_skewnessrat,"correlation,outliers,distribution",DN_RemovePoints_min_01_saturate.skewnessrat,770
1806,DN_RemovePoints_min_01_saturate_kurtosisrat,"correlation,outliers,distribution",DN_RemovePoints_min_01_saturate.kurtosisrat,770
1807,DN_RemovePoints_min_05_saturate_fzcacrat,"correlation,outliers",DN_RemovePoints_min_05_saturate.fzcacrat,771
1808,DN_RemovePoints_min_05_saturate_ac1rat,"correlation,outliers",DN_RemovePoints_min_05_saturate.ac1rat,771
1809,DN_RemovePoints_min_05_saturate_ac1diff,"correlation,outliers",DN_RemovePoints_min_05_saturate.ac1diff,771
1810,DN_RemovePoints_min_05_saturate_ac2rat,"correlation,outliers",DN_RemovePoints_min_05_saturate.ac2rat,771
1811,DN_RemovePoints_min_05_saturate_ac2diff,"correlation,outliers",DN_RemovePoints_min_05_saturate.ac2diff,771
1812,DN_RemovePoints_min_05_saturate_ac3rat,"correlation,outliers",DN_RemovePoints_min_05_saturate.ac3rat,771
1813,DN_RemovePoints_min_05_saturate_ac3diff,"correlation,outliers",DN_RemovePoints_min_05_saturate.ac3diff,771
1814,DN_RemovePoints_min_05_saturate_sumabsacfdiff,"correlation,outliers",DN_RemovePoints_min_05_saturate.sumabsacfdiff,771
1815,DN_RemovePoints_min_05_saturate_mean,"correlation,outliers",DN_RemovePoints_min_05_saturate.mean,771
1816,DN_RemovePoints_min_05_saturate_std,"correlation,outliers",DN_RemovePoints_min_05_saturate.std,771
1817,DN_RemovePoints_min_05_saturate_skewnessrat,"correlation,outliers,distribution",DN_RemovePoints_min_05_saturate.skewnessrat,771
1818,DN_RemovePoints_min_05_saturate_kurtosisrat,"correlation,outliers,distribution",DN_RemovePoints_min_05_saturate.kurtosisrat,771
1819,DN_RemovePoints_min_08_saturate_fzcacrat,"correlation,outliers",DN_RemovePoints_min_08_saturate.fzcacrat,772
1820,DN_RemovePoints_min_08_saturate_ac1rat,"correlation,outliers",DN_RemovePoints_min_08_saturate.ac1rat,772
1821,DN_RemovePoints_min_08_saturate_ac1diff,"correlation,outliers",DN_RemovePoints_min_08_saturate.ac1diff,772
1822,DN_RemovePoints_min_08_saturate_ac2rat,"correlation,outliers",DN_RemovePoints_min_08_saturate.ac2rat,772
1823,DN_RemovePoints_min_08_saturate_ac2diff,"correlation,outliers",DN_RemovePoints_min_08_saturate.ac2diff,772
1824,DN_RemovePoints_min_08_saturate_ac3rat,"correlation,outliers",DN_RemovePoints_min_08_saturate.ac3rat,772
1825,DN_RemovePoints_min_08_saturate_ac3diff,"correlation,outliers",DN_RemovePoints_min_08_saturate.ac3diff,772
1826,DN_RemovePoints_min_08_saturate_sumabsacfdiff,"correlation,outliers",DN_RemovePoints_min_08_saturate.sumabsacfdiff,772
1827,DN_RemovePoints_min_08_saturate_mean,"correlation,outliers",DN_RemovePoints_min_08_saturate.mean,772
1828,DN_RemovePoints_min_08_saturate_std,"correlation,outliers",DN_RemovePoints_min_08_saturate.std,772
1829,DN_RemovePoints_min_08_saturate_skewnessrat,"correlation,outliers,distribution",DN_RemovePoints_min_08_saturate.skewnessrat,772
1830,DN_RemovePoints_min_08_saturate_kurtosisrat,"correlation,outliers,distribution",DN_RemovePoints_min_08_saturate.kurtosisrat,772
1831,DN_RemovePoints_max_01_saturate_fzcacrat,"correlation,outliers",DN_RemovePoints_max_01_saturate.fzcacrat,773
1832,DN_RemovePoints_max_01_saturate_ac1rat,"correlation,outliers",DN_RemovePoints_max_01_saturate.ac1rat,773
1833,DN_RemovePoints_max_01_saturate_ac1diff,"correlation,outliers",DN_RemovePoints_max_01_saturate.ac1diff,773
1834,DN_RemovePoints_max_01_saturate_ac2rat,"correlation,outliers",DN_RemovePoints_max_01_saturate.ac2rat,773
1835,DN_RemovePoints_max_01_saturate_ac2diff,"correlation,outliers",DN_RemovePoints_max_01_saturate.ac2diff,773
1836,DN_RemovePoints_max_01_saturate_ac3rat,"correlation,outliers",DN_RemovePoints_max_01_saturate.ac3rat,773
1837,DN_RemovePoints_max_01_saturate_ac3diff,"correlation,outliers",DN_RemovePoints_max_01_saturate.ac3diff,773
1838,DN_RemovePoints_max_01_saturate_sumabsacfdiff,"correlation,outliers",DN_RemovePoints_max_01_saturate.sumabsacfdiff,773
1839,DN_RemovePoints_max_01_saturate_mean,"correlation,outliers",DN_RemovePoints_max_01_saturate.mean,773
1840,DN_RemovePoints_max_01_saturate_std,"correlation,outliers",DN_RemovePoints_max_01_saturate.std,773
1841,DN_RemovePoints_max_01_saturate_skewnessrat,"correlation,outliers,distribution",DN_RemovePoints_max_01_saturate.skewnessrat,773
1842,DN_RemovePoints_max_01_saturate_kurtosisrat,"correlation,outliers,distribution",DN_RemovePoints_max_01_saturate.kurtosisrat,773
1843,DN_RemovePoints_max_08_saturate_fzcacrat,"correlation,outliers",DN_RemovePoints_max_08_saturate.fzcacrat,774
1844,DN_RemovePoints_max_08_saturate_ac1rat,"correlation,outliers",DN_RemovePoints_max_08_saturate.ac1rat,774
1845,DN_RemovePoints_max_08_saturate_ac1diff,"correlation,outliers",DN_RemovePoints_max_08_saturate.ac1diff,774
1846,DN_RemovePoints_max_08_saturate_ac2rat,"correlation,outliers",DN_RemovePoints_max_08_saturate.ac2rat,774
1847,DN_RemovePoints_max_08_saturate_ac2diff,"correlation,outliers",DN_RemovePoints_max_08_saturate.ac2diff,774
1848,DN_RemovePoints_max_08_saturate_ac3rat,"correlation,outliers",DN_RemovePoints_max_08_saturate.ac3rat,774
1849,DN_RemovePoints_max_08_saturate_ac3diff,"correlation,outliers",DN_RemovePoints_max_08_saturate.ac3diff,774
1850,DN_RemovePoints_max_08_saturate_sumabsacfdiff,"correlation,outliers",DN_RemovePoints_max_08_saturate.sumabsacfdiff,774
1851,DN_RemovePoints_max_08_saturate_mean,"correlation,outliers",DN_RemovePoints_max_08_saturate.mean,774
1852,DN_RemovePoints_max_08_saturate_std,"correlation,outliers",DN_RemovePoints_max_08_saturate.std,774
1853,DN_RemovePoints_max_08_saturate_skewnessrat,"correlation,outliers,distribution",DN_RemovePoints_max_08_saturate.skewnessrat,774
1854,DN_RemovePoints_max_08_saturate_kurtosisrat,"correlation,outliers,distribution",DN_RemovePoints_max_08_saturate.kurtosisrat,774
1855,CO_TranslateShape_circle_15_pts_max,"correlation",CO_TranslateShape_circle_15_pts.max,775
1856,CO_TranslateShape_circle_15_pts_std,"correlation",CO_TranslateShape_circle_15_pts.std,775
1857,CO_TranslateShape_circle_15_pts_mean,"correlation",CO_TranslateShape_circle_15_pts.mean,775
1858,CO_TranslateShape_circle_15_pts_npatmode,"correlation",CO_TranslateShape_circle_15_pts.npatmode,775
1859,CO_TranslateShape_circle_15_pts_mode,"correlation",CO_TranslateShape_circle_15_pts.mode,775
1860,CO_TranslateShape_circle_15_pts_ones,"correlation",CO_TranslateShape_circle_15_pts.ones,775
1861,CO_TranslateShape_circle_15_pts_twos,"correlation",CO_TranslateShape_circle_15_pts.twos,775
1862,CO_TranslateShape_circle_15_pts_threes,"correlation",CO_TranslateShape_circle_15_pts.threes,775
1863,CO_TranslateShape_circle_15_pts_statav2_m,"correlation,stationarity",CO_TranslateShape_circle_15_pts.statav2_m,775
1864,CO_TranslateShape_circle_15_pts_statav2_s,"correlation,stationarity",CO_TranslateShape_circle_15_pts.statav2_s,775
1865,CO_TranslateShape_circle_15_pts_statav3_m,"correlation,stationarity",CO_TranslateShape_circle_15_pts.statav3_m,775
1866,CO_TranslateShape_circle_15_pts_statav3_s,"correlation,stationarity",CO_TranslateShape_circle_15_pts.statav3_s,775
1867,CO_TranslateShape_circle_15_pts_statav4_m,"correlation,stationarity",CO_TranslateShape_circle_15_pts.statav4_m,775
1868,CO_TranslateShape_circle_15_pts_statav4_s,"correlation,stationarity",CO_TranslateShape_circle_15_pts.statav4_s,775
1869,CO_TranslateShape_circle_25_pts_max,"correlation",CO_TranslateShape_circle_25_pts.max,776
1870,CO_TranslateShape_circle_25_pts_std,"correlation",CO_TranslateShape_circle_25_pts.std,776
1871,CO_TranslateShape_circle_25_pts_mean,"correlation",CO_TranslateShape_circle_25_pts.mean,776
1872,CO_TranslateShape_circle_25_pts_npatmode,"correlation",CO_TranslateShape_circle_25_pts.npatmode,776
1873,CO_TranslateShape_circle_25_pts_mode,"correlation",CO_TranslateShape_circle_25_pts.mode,776
1874,CO_TranslateShape_circle_25_pts_ones,"correlation",CO_TranslateShape_circle_25_pts.ones,776
1875,CO_TranslateShape_circle_25_pts_twos,"correlation",CO_TranslateShape_circle_25_pts.twos,776
1876,CO_TranslateShape_circle_25_pts_threes,"correlation",CO_TranslateShape_circle_25_pts.threes,776
1877,CO_TranslateShape_circle_25_pts_fours,"correlation",CO_TranslateShape_circle_25_pts.fours,776
1878,CO_TranslateShape_circle_25_pts_fives,"correlation",CO_TranslateShape_circle_25_pts.fives,776
1879,CO_TranslateShape_circle_25_pts_statav2_m,"correlation,stationarity",CO_TranslateShape_circle_25_pts.statav2_m,776
1880,CO_TranslateShape_circle_25_pts_statav2_s,"correlation,stationarity",CO_TranslateShape_circle_25_pts.statav2_s,776
1881,CO_TranslateShape_circle_25_pts_statav3_m,"correlation,stationarity",CO_TranslateShape_circle_25_pts.statav3_m,776
1882,CO_TranslateShape_circle_25_pts_statav3_s,"correlation,stationarity",CO_TranslateShape_circle_25_pts.statav3_s,776
1883,CO_TranslateShape_circle_25_pts_statav4_m,"correlation,stationarity",CO_TranslateShape_circle_25_pts.statav4_m,776
1884,CO_TranslateShape_circle_25_pts_statav4_s,"correlation,stationarity",CO_TranslateShape_circle_25_pts.statav4_s,776
1885,CO_TranslateShape_circle_35_pts_max,"correlation",CO_TranslateShape_circle_35_pts.max,777
1886,CO_TranslateShape_circle_35_pts_std,"correlation",CO_TranslateShape_circle_35_pts.std,777
1887,CO_TranslateShape_circle_35_pts_mean,"correlation",CO_TranslateShape_circle_35_pts.mean,777
1888,CO_TranslateShape_circle_35_pts_npatmode,"correlation",CO_TranslateShape_circle_35_pts.npatmode,777
1889,CO_TranslateShape_circle_35_pts_mode,"correlation",CO_TranslateShape_circle_35_pts.mode,777
1890,CO_TranslateShape_circle_35_pts_ones,"correlation",CO_TranslateShape_circle_35_pts.ones,777
1891,CO_TranslateShape_circle_35_pts_twos,"correlation",CO_TranslateShape_circle_35_pts.twos,777
1892,CO_TranslateShape_circle_35_pts_threes,"correlation",CO_TranslateShape_circle_35_pts.threes,777
1893,CO_TranslateShape_circle_35_pts_fours,"correlation",CO_TranslateShape_circle_35_pts.fours,777
1894,CO_TranslateShape_circle_35_pts_fives,"correlation",CO_TranslateShape_circle_35_pts.fives,777
1895,CO_TranslateShape_circle_35_pts_sixes,"correlation",CO_TranslateShape_circle_35_pts.sixes,777
1896,CO_TranslateShape_circle_35_pts_sevens,"correlation",CO_TranslateShape_circle_35_pts.sevens,777
1897,CO_TranslateShape_circle_35_pts_statav2_m,"correlation,stationarity",CO_TranslateShape_circle_35_pts.statav2_m,777
1898,CO_TranslateShape_circle_35_pts_statav2_s,"correlation,stationarity",CO_TranslateShape_circle_35_pts.statav2_s,777
1899,CO_TranslateShape_circle_35_pts_statav3_m,"correlation,stationarity",CO_TranslateShape_circle_35_pts.statav3_m,777
1900,CO_TranslateShape_circle_35_pts_statav3_s,"correlation,stationarity",CO_TranslateShape_circle_35_pts.statav3_s,777
1901,CO_TranslateShape_circle_35_pts_statav4_m,"correlation,stationarity",CO_TranslateShape_circle_35_pts.statav4_m,777
1902,CO_TranslateShape_circle_35_pts_statav4_s,"correlation,stationarity",CO_TranslateShape_circle_35_pts.statav4_s,777
1903,CO_TranslateShape_rectangle_2_pts_max,"correlation",CO_TranslateShape_rectangle_2_pts.max,778
1904,CO_TranslateShape_rectangle_2_pts_std,"correlation",CO_TranslateShape_rectangle_2_pts.std,778
1905,CO_TranslateShape_rectangle_2_pts_mean,"correlation",CO_TranslateShape_rectangle_2_pts.mean,778
1906,CO_TranslateShape_rectangle_2_pts_npatmode,"correlation",CO_TranslateShape_rectangle_2_pts.npatmode,778
1907,CO_TranslateShape_rectangle_2_pts_mode,"correlation",CO_TranslateShape_rectangle_2_pts.mode,778
1908,CO_TranslateShape_rectangle_2_pts_ones,"correlation",CO_TranslateShape_rectangle_2_pts.ones,778
1909,CO_TranslateShape_rectangle_2_pts_twos,"correlation",CO_TranslateShape_rectangle_2_pts.twos,778
1910,CO_TranslateShape_rectangle_2_pts_threes,"correlation",CO_TranslateShape_rectangle_2_pts.threes,778
1911,CO_TranslateShape_rectangle_2_pts_fours,"correlation",CO_TranslateShape_rectangle_2_pts.fours,778
1912,CO_TranslateShape_rectangle_2_pts_fives,"correlation",CO_TranslateShape_rectangle_2_pts.fives,778
1913,CO_TranslateShape_rectangle_2_pts_statav2_m,"correlation,stationarity",CO_TranslateShape_rectangle_2_pts.statav2_m,778
1914,CO_TranslateShape_rectangle_2_pts_statav2_s,"correlation,stationarity",CO_TranslateShape_rectangle_2_pts.statav2_s,778
1915,CO_TranslateShape_rectangle_2_pts_statav3_m,"correlation,stationarity",CO_TranslateShape_rectangle_2_pts.statav3_m,778
1916,CO_TranslateShape_rectangle_2_pts_statav3_s,"correlation,stationarity",CO_TranslateShape_rectangle_2_pts.statav3_s,778
1917,CO_TranslateShape_rectangle_2_pts_statav4_m,"correlation,stationarity",CO_TranslateShape_rectangle_2_pts.statav4_m,778
1918,CO_TranslateShape_rectangle_2_pts_statav4_s,"correlation,stationarity",CO_TranslateShape_rectangle_2_pts.statav4_s,778
1919,CO_StickAngles_y_std_p,"correlation",CO_StickAngles_y.std_p,779
1920,CO_StickAngles_y_mean_p,"correlation",CO_StickAngles_y.mean_p,779
1921,CO_StickAngles_y_median_p,"correlation",CO_StickAngles_y.median_p,779
1922,CO_StickAngles_y_std_n,"correlation",CO_StickAngles_y.std_n,779
1923,CO_StickAngles_y_mean_n,"correlation",CO_StickAngles_y.mean_n,779
1924,CO_StickAngles_y_median_n,"correlation",CO_StickAngles_y.median_n,779
1925,CO_StickAngles_y_std,"correlation",CO_StickAngles_y.std,779
1926,CO_StickAngles_y_mean,"correlation",CO_StickAngles_y.mean,779
1927,CO_StickAngles_y_median,"correlation",CO_StickAngles_y.median,779
1928,CO_StickAngles_y_pnsumabsdiff,"correlation",CO_StickAngles_y.pnsumabsdiff,779
1929,CO_StickAngles_y_symks_p,"correlation",CO_StickAngles_y.symks_p,779
1930,CO_StickAngles_y_ratmean_p,"correlation",CO_StickAngles_y.ratmean_p,779
1931,CO_StickAngles_y_symks_n,"correlation",CO_StickAngles_y.symks_n,779
1932,CO_StickAngles_y_ratmean_n,"correlation",CO_StickAngles_y.ratmean_n,779
1933,CO_StickAngles_y_statav2_p_m,"correlation,stationarity",CO_StickAngles_y.statav2_p_m,779
1934,CO_StickAngles_y_statav2_p_s,"correlation,stationarity",CO_StickAngles_y.statav2_p_s,779
1935,CO_StickAngles_y_statav2_n_m,"correlation,stationarity",CO_StickAngles_y.statav2_n_m,779
1936,CO_StickAngles_y_statav2_n_s,"correlation,stationarity",CO_StickAngles_y.statav2_n_s,779
1937,CO_StickAngles_y_statav2_all_m,"correlation,stationarity",CO_StickAngles_y.statav2_all_m,779
1938,CO_StickAngles_y_statav2_all_s,"correlation,stationarity",CO_StickAngles_y.statav2_all_s,779
1939,CO_StickAngles_y_statav3_p_m,"correlation,stationarity",CO_StickAngles_y.statav3_p_m,779
1940,CO_StickAngles_y_statav3_p_s,"correlation,stationarity",CO_StickAngles_y.statav3_p_s,779
1941,CO_StickAngles_y_statav3_n_m,"correlation,stationarity",CO_StickAngles_y.statav3_n_m,779
1942,CO_StickAngles_y_statav3_n_s,"correlation,stationarity",CO_StickAngles_y.statav3_n_s,779
1943,CO_StickAngles_y_statav3_all_m,"correlation,stationarity",CO_StickAngles_y.statav3_all_m,779
1944,CO_StickAngles_y_statav3_all_s,"correlation,stationarity",CO_StickAngles_y.statav3_all_s,779
1945,CO_StickAngles_y_statav4_p_m,"correlation,stationarity",CO_StickAngles_y.statav4_p_m,779
1946,CO_StickAngles_y_statav4_p_s,"correlation,stationarity",CO_StickAngles_y.statav4_p_s,779
1947,CO_StickAngles_y_statav4_n_m,"correlation,stationarity",CO_StickAngles_y.statav4_n_m,779
1948,CO_StickAngles_y_statav4_n_s,"correlation,stationarity",CO_StickAngles_y.statav4_n_s,779
1949,CO_StickAngles_y_statav4_all_m,"correlation,stationarity",CO_StickAngles_y.statav4_all_m,779
1950,CO_StickAngles_y_statav4_all_s,"correlation,stationarity",CO_StickAngles_y.statav4_all_s,779
1951,CO_StickAngles_y_statav5_p_m,"correlation,stationarity",CO_StickAngles_y.statav5_p_m,779
1952,CO_StickAngles_y_statav5_p_s,"correlation,stationarity",CO_StickAngles_y.statav5_p_s,779
1953,CO_StickAngles_y_statav5_n_m,"correlation,stationarity",CO_StickAngles_y.statav5_n_m,779
1954,CO_StickAngles_y_statav5_n_s,"correlation,stationarity",CO_StickAngles_y.statav5_n_s,779
1955,CO_StickAngles_y_statav5_all_m,"correlation,stationarity",CO_StickAngles_y.statav5_all_m,779
1956,CO_StickAngles_y_statav5_all_s,"correlation,stationarity",CO_StickAngles_y.statav5_all_s,779
1957,CO_StickAngles_y_tau_p,"correlation",CO_StickAngles_y.tau_p,779
1958,CO_StickAngles_y_ac1_p,"correlation",CO_StickAngles_y.ac1_p,779
1959,CO_StickAngles_y_ac2_p,"correlation",CO_StickAngles_y.ac2_p,779
1960,CO_StickAngles_y_tau_n,"correlation",CO_StickAngles_y.tau_n,779
1961,CO_StickAngles_y_ac1_n,"correlation",CO_StickAngles_y.ac1_n,779
1962,CO_StickAngles_y_ac2_n,"correlation",CO_StickAngles_y.ac2_n,779
1963,CO_StickAngles_y_tau_all,"correlation",CO_StickAngles_y.tau_all,779
1964,CO_StickAngles_y_ac1_all,"correlation",CO_StickAngles_y.ac1_all,779
1965,CO_StickAngles_y_ac2_all,"correlation",CO_StickAngles_y.ac2_all,779
1966,CO_StickAngles_y_q1_p,"correlation",CO_StickAngles_y.q1_p,779
1967,CO_StickAngles_y_q10_p,"correlation",CO_StickAngles_y.q10_p,779
1968,CO_StickAngles_y_q90_p,"correlation",CO_StickAngles_y.q90_p,779
1969,CO_StickAngles_y_q99_p,"correlation",CO_StickAngles_y.q99_p,779
1970,CO_StickAngles_y_q1_n,"correlation",CO_StickAngles_y.q1_n,779
1971,CO_StickAngles_y_q10_n,"correlation",CO_StickAngles_y.q10_n,779
1972,CO_StickAngles_y_q90_n,"correlation",CO_StickAngles_y.q90_n,779
1973,CO_StickAngles_y_q99_n,"correlation",CO_StickAngles_y.q99_n,779
1974,CO_StickAngles_y_q1_all,"correlation",CO_StickAngles_y.q1_all,779
1975,CO_StickAngles_y_q10_all,"correlation",CO_StickAngles_y.q10_all,779
1976,CO_StickAngles_y_q90_all,"correlation",CO_StickAngles_y.q90_all,779
1977,CO_StickAngles_y_q99_all,"correlation",CO_StickAngles_y.q99_all,779
1978,CO_StickAngles_y_skewness_p,"correlation",CO_StickAngles_y.skewness_p,779
1979,CO_StickAngles_y_skewness_n,"correlation",CO_StickAngles_y.skewness_n,779
1980,CO_StickAngles_y_skewness_all,"correlation",CO_StickAngles_y.skewness_all,779
1981,CO_StickAngles_y_kurtosis_p,"correlation",CO_StickAngles_y.kurtosis_p,779
1982,CO_StickAngles_y_kurtosis_n,"correlation",CO_StickAngles_y.kurtosis_n,779
1983,CO_StickAngles_y_kurtosis_all,"correlation",CO_StickAngles_y.kurtosis_all,779
1984,CO_Embed2_tau_theta_ac1,"correlation,embedding",CO_Embed2_tau.theta_ac1,780
1985,CO_Embed2_tau_theta_ac2,"correlation,embedding",CO_Embed2_tau.theta_ac2,780
1986,CO_Embed2_tau_theta_ac3,"correlation,embedding",CO_Embed2_tau.theta_ac3,780
1987,CO_Embed2_tau_theta_mean,"correlation,embedding",CO_Embed2_tau.theta_mean,780
1988,CO_Embed2_tau_theta_std,"correlation,embedding",CO_Embed2_tau.theta_std,780
1989,CO_Embed2_tau_hist10std,"correlation,embedding",CO_Embed2_tau.hist10std,780
1990,CO_Embed2_tau_histent,"correlation,embedding",CO_Embed2_tau.histent,780
1991,CO_Embed2_tau_stdb1,"correlation,embedding,stationarity",CO_Embed2_tau.stdb1,780
1992,CO_Embed2_tau_stdb2,"correlation,embedding,stationarity",CO_Embed2_tau.stdb2,780
1993,CO_Embed2_tau_stdb3,"correlation,embedding,stationarity",CO_Embed2_tau.stdb3,780
1994,CO_Embed2_tau_stdb4,"correlation,embedding,stationarity",CO_Embed2_tau.stdb4,780
1995,CO_Embed2_tau_eucdm1,"correlation,embedding",CO_Embed2_tau.eucdm1,780
1996,CO_Embed2_tau_eucdm2,"correlation,embedding",CO_Embed2_tau.eucdm2,780
1997,CO_Embed2_tau_eucdm3,"correlation,embedding",CO_Embed2_tau.eucdm3,780
1998,CO_Embed2_tau_eucdm4,"correlation,embedding",CO_Embed2_tau.eucdm4,780
1999,CO_Embed2_tau_eucdm5,"correlation,embedding",CO_Embed2_tau.eucdm5,780
2000,CO_Embed2_tau_std_eucdm,"correlation,embedding,stationarity",CO_Embed2_tau.std_eucdm,780
2001,CO_Embed2_tau_mean_eucdm,"correlation,embedding,stationarity",CO_Embed2_tau.mean_eucdm,780
2002,CO_Embed2_tau_eucds1,"correlation,embedding",CO_Embed2_tau.eucds1,780
2003,CO_Embed2_tau_eucds2,"correlation,embedding",CO_Embed2_tau.eucds2,780
2004,CO_Embed2_tau_eucds3,"correlation,embedding",CO_Embed2_tau.eucds3,780
2005,CO_Embed2_tau_eucds4,"correlation,embedding",CO_Embed2_tau.eucds4,780
2006,CO_Embed2_tau_eucds5,"correlation,embedding",CO_Embed2_tau.eucds5,780
2007,CO_Embed2_tau_std_eucds,"correlation,embedding,stationarity",CO_Embed2_tau.std_eucds,780
2008,CO_Embed2_tau_mean_eucds,"correlation,embedding,stationarity",CO_Embed2_tau.mean_eucds,780
2009,CO_Embed2_tau_stdspana,"correlation,embedding,stationarity",CO_Embed2_tau.stdspana,780
2010,CO_Embed2_tau_meanspana,"correlation,embedding,stationarity",CO_Embed2_tau.meanspana,780
2011,CO_Embed2_tau_areas_all,"correlation,embedding",CO_Embed2_tau.areas_all,780
2012,CO_Embed2_tau_areas_50,"correlation,embedding",CO_Embed2_tau.areas_50,780
2013,CO_Embed2_tau_arearat,"correlation,embedding",CO_Embed2_tau.arearat,780
2014,CO_Embed2_AngleTau_50_ac1_thetaac1,"correlation,embedding",CO_Embed2_AngleTau_50.ac1_thetaac1,781
2015,CO_Embed2_AngleTau_50_ac1_thetaac2,"correlation,embedding",CO_Embed2_AngleTau_50.ac1_thetaac2,781
2016,CO_Embed2_AngleTau_50_ac1_thetaac3,"correlation,embedding",CO_Embed2_AngleTau_50.ac1_thetaac3,781
2017,CO_Embed2_AngleTau_50_mean_thetaac1,"correlation,embedding",CO_Embed2_AngleTau_50.mean_thetaac1,781
2018,CO_Embed2_AngleTau_50_max_thetaac1,"correlation,embedding",CO_Embed2_AngleTau_50.max_thetaac1,781
2019,CO_Embed2_AngleTau_50_min_thetaac1,"correlation,embedding",CO_Embed2_AngleTau_50.min_thetaac1,781
2020,CO_Embed2_AngleTau_50_mean_thetaac2,"correlation,embedding",CO_Embed2_AngleTau_50.mean_thetaac2,781
2021,CO_Embed2_AngleTau_50_max_thetaac2,"correlation,embedding",CO_Embed2_AngleTau_50.max_thetaac2,781
2022,CO_Embed2_AngleTau_50_min_thetaac2,"correlation,embedding",CO_Embed2_AngleTau_50.min_thetaac2,781
2023,CO_Embed2_AngleTau_50_mean_thetaac3,"correlation,embedding",CO_Embed2_AngleTau_50.mean_thetaac3,781
2024,CO_Embed2_AngleTau_50_max_thetaac3,"correlation,embedding",CO_Embed2_AngleTau_50.max_thetaac3,781
2025,CO_Embed2_AngleTau_50_min_thetaac3,"correlation,embedding",CO_Embed2_AngleTau_50.min_thetaac3,781
2026,CO_Embed2_AngleTau_50_meanrat_thetaac12,"correlation,embedding",CO_Embed2_AngleTau_50.meanrat_thetaac12,781
2027,CO_Embed2_AngleTau_50_diff_thetaac12,"correlation,embedding",CO_Embed2_AngleTau_50.diff_thetaac12,781
2028,CO_Embed2_Dist_tau_d_ac1,"correlation,embedding",CO_Embed2_Dist_tau.d_ac1,782
2029,CO_Embed2_Dist_tau_d_ac2,"correlation,embedding",CO_Embed2_Dist_tau.d_ac2,782
2030,CO_Embed2_Dist_tau_d_ac3,"correlation,embedding",CO_Embed2_Dist_tau.d_ac3,782
2031,CO_Embed2_Dist_tau_d_median,"correlation,embedding",CO_Embed2_Dist_tau.d_median,782
2032,CO_Embed2_Dist_tau_d_max,"correlation,embedding",CO_Embed2_Dist_tau.d_max,782
2033,CO_Embed2_Dist_tau_d_iqr,"correlation,embedding",CO_Embed2_Dist_tau.d_iqr,782
2034,CO_Embed2_Dist_tau_d_min,"correlation,embedding",CO_Embed2_Dist_tau.d_min,782
2035,CO_Embed2_Dist_tau_d_mean,"correlation,embedding",CO_Embed2_Dist_tau.d_mean,782
2036,CO_Embed2_Dist_tau_d_std,"correlation,embedding",CO_Embed2_Dist_tau.d_std,782
2037,CO_Embed2_Dist_tau_d_cv,"correlation,embedding",CO_Embed2_Dist_tau.d_cv,782
2038,CO_Embed2_Dist_tau_d_expfit_nlogL,"correlation,embedding",CO_Embed2_Dist_tau.d_expfit_nlogL,782
2039,CO_Embed2_Dist_tau_d_expfit_meandiff,"correlation,embedding",CO_Embed2_Dist_tau.d_expfit_meandiff,782
2040,CO_Embed2_Shapes_tau_circle_01_ac1,"correlation,embedding",CO_Embed2_Shapes_tau_circle_01.ac1,783
2041,CO_Embed2_Shapes_tau_circle_01_ac2,"correlation,embedding",CO_Embed2_Shapes_tau_circle_01.ac2,783
2042,CO_Embed2_Shapes_tau_circle_01_tau,"correlation,embedding",CO_Embed2_Shapes_tau_circle_01.tau,783
2043,CO_Embed2_Shapes_tau_circle_01_max,"correlation,embedding",CO_Embed2_Shapes_tau_circle_01.max,783
2044,CO_Embed2_Shapes_tau_circle_01_std,"correlation,embedding",CO_Embed2_Shapes_tau_circle_01.std,783
2045,CO_Embed2_Shapes_tau_circle_01_median,"correlation,embedding",CO_Embed2_Shapes_tau_circle_01.median,783
2046,CO_Embed2_Shapes_tau_circle_01_mean,"correlation,embedding",CO_Embed2_Shapes_tau_circle_01.mean,783
2047,CO_Embed2_Shapes_tau_circle_01_iqr,"correlation,embedding",CO_Embed2_Shapes_tau_circle_01.iqr,783
2048,CO_Embed2_Shapes_tau_circle_01_iqronrange,"correlation,embedding",CO_Embed2_Shapes_tau_circle_01.iqronrange,783
2049,CO_Embed2_Shapes_tau_circle_01_mode_val,"correlation,embedding",CO_Embed2_Shapes_tau_circle_01.mode_val,783
2050,CO_Embed2_Shapes_tau_circle_01_mode,"correlation,embedding",CO_Embed2_Shapes_tau_circle_01.mode,783
2051,CO_Embed2_Shapes_tau_circle_01_hist_ent,"correlation,embedding",CO_Embed2_Shapes_tau_circle_01.hist_ent,783
2052,CO_Embed2_Shapes_tau_circle_01_statav5_m,"correlation,embedding,stationarity",CO_Embed2_Shapes_tau_circle_01.statav5_m,783
2053,CO_Embed2_Shapes_tau_circle_01_statav5_s,"correlation,embedding,stationarity",CO_Embed2_Shapes_tau_circle_01.statav5_s,783
2054,CO_Embed2_Shapes_tau_circle_1_ac1,"correlation,embedding",CO_Embed2_Shapes_tau_circle_1.ac1,784
2055,CO_Embed2_Shapes_tau_circle_1_ac2,"correlation,embedding",CO_Embed2_Shapes_tau_circle_1.ac2,784
2056,CO_Embed2_Shapes_tau_circle_1_tau,"correlation,embedding",CO_Embed2_Shapes_tau_circle_1.tau,784
2057,CO_Embed2_Shapes_tau_circle_1_max,"correlation,embedding",CO_Embed2_Shapes_tau_circle_1.max,784
2058,CO_Embed2_Shapes_tau_circle_1_std,"correlation,embedding",CO_Embed2_Shapes_tau_circle_1.std,784
2059,CO_Embed2_Shapes_tau_circle_1_median,"correlation,embedding",CO_Embed2_Shapes_tau_circle_1.median,784
2060,CO_Embed2_Shapes_tau_circle_1_mean,"correlation,embedding",CO_Embed2_Shapes_tau_circle_1.mean,784
2061,CO_Embed2_Shapes_tau_circle_1_iqr,"correlation,embedding",CO_Embed2_Shapes_tau_circle_1.iqr,784
2062,CO_Embed2_Shapes_tau_circle_1_iqronrange,"correlation,embedding",CO_Embed2_Shapes_tau_circle_1.iqronrange,784
2063,CO_Embed2_Shapes_tau_circle_1_mode_val,"correlation,embedding",CO_Embed2_Shapes_tau_circle_1.mode_val,784
2064,CO_Embed2_Shapes_tau_circle_1_mode,"correlation,embedding",CO_Embed2_Shapes_tau_circle_1.mode,784
2065,CO_Embed2_Shapes_tau_circle_1_hist_ent,"correlation,embedding",CO_Embed2_Shapes_tau_circle_1.hist_ent,784
2066,CO_Embed2_Shapes_tau_circle_1_statav5_m,"correlation,embedding,stationarity",CO_Embed2_Shapes_tau_circle_1.statav5_m,784
2067,CO_Embed2_Shapes_tau_circle_1_statav5_s,"correlation,embedding,stationarity",CO_Embed2_Shapes_tau_circle_1.statav5_s,784
2068,NW_VisibilityGraph_horiz_modek,"network,visibilityGraph",NW_VisibilityGraph_horiz.modek,785
2069,NW_VisibilityGraph_horiz_propmode,"network,visibilityGraph",NW_VisibilityGraph_horiz.propmode,785
2070,NW_VisibilityGraph_horiz_meank,"network,visibilityGraph",NW_VisibilityGraph_horiz.meank,785
2071,NW_VisibilityGraph_horiz_mediank,"network,visibilityGraph",NW_VisibilityGraph_horiz.mediank,785
2072,NW_VisibilityGraph_horiz_stdk,"network,visibilityGraph",NW_VisibilityGraph_horiz.stdk,785
2073,NW_VisibilityGraph_horiz_maxk,"network,visibilityGraph",NW_VisibilityGraph_horiz.maxk,785
2074,NW_VisibilityGraph_horiz_mink,"network,visibilityGraph",NW_VisibilityGraph_horiz.mink,785
2075,NW_VisibilityGraph_horiz_rangek,"network,visibilityGraph",NW_VisibilityGraph_horiz.rangek,785
2076,NW_VisibilityGraph_horiz_iqrk,"network,visibilityGraph",NW_VisibilityGraph_horiz.iqrk,785
2077,NW_VisibilityGraph_horiz_skewnessk,"network,visibilityGraph",NW_VisibilityGraph_horiz.skewnessk,785
2078,NW_VisibilityGraph_horiz_maxonmedian,"network,visibilityGraph",NW_VisibilityGraph_horiz.maxonmedian,785
2079,NW_VisibilityGraph_horiz_ol90,"network,visibilityGraph",NW_VisibilityGraph_horiz.ol90,785
2080,NW_VisibilityGraph_horiz_olu90,"network,visibilityGraph",NW_VisibilityGraph_horiz.olu90,785
2081,NW_VisibilityGraph_horiz_dgaussk_r2,"network,visibilityGraph",NW_VisibilityGraph_horiz.dgaussk_r2,785
2082,NW_VisibilityGraph_horiz_dgaussk_rmse,"network,visibilityGraph",NW_VisibilityGraph_horiz.dgaussk_rmse,785
2083,NW_VisibilityGraph_horiz_dgaussk_resAC1,"network,visibilityGraph",NW_VisibilityGraph_horiz.dgaussk_resAC1,785
2084,NW_VisibilityGraph_horiz_dgaussk_resAC2,"network,visibilityGraph",NW_VisibilityGraph_horiz.dgaussk_resAC2,785
2085,NW_VisibilityGraph_horiz_dgaussk_resruns,"network,visibilityGraph",NW_VisibilityGraph_horiz.dgaussk_resruns,785
2086,NW_VisibilityGraph_horiz_dexpk_r2,"network,visibilityGraph",NW_VisibilityGraph_horiz.dexpk_r2,785
2087,NW_VisibilityGraph_horiz_dexpk_rmse,"network,visibilityGraph",NW_VisibilityGraph_horiz.dexpk_rmse,785
2088,NW_VisibilityGraph_horiz_dexpk_resAC1,"network,visibilityGraph",NW_VisibilityGraph_horiz.dexpk_resAC1,785
2089,NW_VisibilityGraph_horiz_dexpk_resAC2,"network,visibilityGraph",NW_VisibilityGraph_horiz.dexpk_resAC2,785
2090,NW_VisibilityGraph_horiz_dexpk_resruns,"network,visibilityGraph",NW_VisibilityGraph_horiz.dexpk_resruns,785
2091,NW_VisibilityGraph_horiz_dpowerk_r2,"network,visibilityGraph",NW_VisibilityGraph_horiz.dpowerk_r2,785
2092,NW_VisibilityGraph_horiz_dpowerk_rmse,"network,visibilityGraph",NW_VisibilityGraph_horiz.dpowerk_rmse,785
2093,NW_VisibilityGraph_horiz_dpowerk_resAC1,"network,visibilityGraph",NW_VisibilityGraph_horiz.dpowerk_resAC1,785
2094,NW_VisibilityGraph_horiz_dpowerk_resAC2,"network,visibilityGraph",NW_VisibilityGraph_horiz.dpowerk_resAC2,785
2095,NW_VisibilityGraph_horiz_dpowerk_resruns,"network,visibilityGraph",NW_VisibilityGraph_horiz.dpowerk_resruns,785
2096,NW_VisibilityGraph_horiz_gaussnlogL,"network,visibilityGraph,lengthDependent",NW_VisibilityGraph_horiz.gaussnlogL,785
2097,NW_VisibilityGraph_horiz_expnlogL,"network,visibilityGraph,lengthDependent",NW_VisibilityGraph_horiz.expnlogL,785
2098,NW_VisibilityGraph_horiz_evparam1,"network,visibilityGraph",NW_VisibilityGraph_horiz.evparam1,785
2099,NW_VisibilityGraph_horiz_evparam2,"network,visibilityGraph",NW_VisibilityGraph_horiz.evparam2,785
2100,NW_VisibilityGraph_horiz_evnlogL,"network,visibilityGraph,lengthDependent",NW_VisibilityGraph_horiz.evnlogL,785
2101,NW_VisibilityGraph_horiz_entropy,"network,visibilityGraph",NW_VisibilityGraph_horiz.entropy,785
2102,NW_VisibilityGraph_horiz_kac1,"network,visibilityGraph",NW_VisibilityGraph_horiz.kac1,785
2103,NW_VisibilityGraph_horiz_kac2,"network,visibilityGraph",NW_VisibilityGraph_horiz.kac2,785
2104,NW_VisibilityGraph_horiz_kac3,"network,visibilityGraph",NW_VisibilityGraph_horiz.kac3,785
2105,NW_VisibilityGraph_horiz_ktau,"network,visibilityGraph",NW_VisibilityGraph_horiz.ktau,785
2106,NW_VisibilityGraph_norm_modek,"network,visibilityGraph",NW_VisibilityGraph_norm.modek,786
2107,NW_VisibilityGraph_norm_propmode,"network,visibilityGraph",NW_VisibilityGraph_norm.propmode,786
2108,NW_VisibilityGraph_norm_meank,"network,visibilityGraph",NW_VisibilityGraph_norm.meank,786
2109,NW_VisibilityGraph_norm_mediank,"network,visibilityGraph",NW_VisibilityGraph_norm.mediank,786
2110,NW_VisibilityGraph_norm_stdk,"network,visibilityGraph",NW_VisibilityGraph_norm.stdk,786
2111,NW_VisibilityGraph_norm_maxk,"network,visibilityGraph",NW_VisibilityGraph_norm.maxk,786
2112,NW_VisibilityGraph_norm_mink,"network,visibilityGraph",NW_VisibilityGraph_norm.mink,786
2113,NW_VisibilityGraph_norm_rangek,"network,visibilityGraph",NW_VisibilityGraph_norm.rangek,786
2114,NW_VisibilityGraph_norm_iqrk,"network,visibilityGraph",NW_VisibilityGraph_norm.iqrk,786
2115,NW_VisibilityGraph_norm_skewnessk,"network,visibilityGraph",NW_VisibilityGraph_norm.skewnessk,786
2116,NW_VisibilityGraph_norm_maxonmedian,"network,visibilityGraph",NW_VisibilityGraph_norm.maxonmedian,786
2117,NW_VisibilityGraph_norm_ol90,"network,visibilityGraph",NW_VisibilityGraph_norm.ol90,786
2118,NW_VisibilityGraph_norm_olu90,"network,visibilityGraph",NW_VisibilityGraph_norm.olu90,786
2119,NW_VisibilityGraph_norm_dgaussk_r2,"network,visibilityGraph",NW_VisibilityGraph_norm.dgaussk_r2,786
2120,NW_VisibilityGraph_norm_dgaussk_rmse,"network,visibilityGraph",NW_VisibilityGraph_norm.dgaussk_rmse,786
2121,NW_VisibilityGraph_norm_dgaussk_resAC1,"network,visibilityGraph",NW_VisibilityGraph_norm.dgaussk_resAC1,786
2122,NW_VisibilityGraph_norm_dgaussk_resAC2,"network,visibilityGraph",NW_VisibilityGraph_norm.dgaussk_resAC2,786
2123,NW_VisibilityGraph_norm_dgaussk_resruns,"network,visibilityGraph",NW_VisibilityGraph_norm.dgaussk_resruns,786
2124,NW_VisibilityGraph_norm_dexpk_r2,"network,visibilityGraph",NW_VisibilityGraph_norm.dexpk_r2,786
2125,NW_VisibilityGraph_norm_dexpk_rmse,"network,visibilityGraph",NW_VisibilityGraph_norm.dexpk_rmse,786
2126,NW_VisibilityGraph_norm_dexpk_resAC1,"network,visibilityGraph",NW_VisibilityGraph_norm.dexpk_resAC1,786
2127,NW_VisibilityGraph_norm_dexpk_resAC2,"network,visibilityGraph",NW_VisibilityGraph_norm.dexpk_resAC2,786
2128,NW_VisibilityGraph_norm_dexpk_resruns,"network,visibilityGraph",NW_VisibilityGraph_norm.dexpk_resruns,786
2129,NW_VisibilityGraph_norm_dpowerk_r2,"network,visibilityGraph",NW_VisibilityGraph_norm.dpowerk_r2,786
2130,NW_VisibilityGraph_norm_dpowerk_rmse,"network,visibilityGraph",NW_VisibilityGraph_norm.dpowerk_rmse,786
2131,NW_VisibilityGraph_norm_dpowerk_resAC1,"network,visibilityGraph",NW_VisibilityGraph_norm.dpowerk_resAC1,786
2132,NW_VisibilityGraph_norm_dpowerk_resAC2,"network,visibilityGraph",NW_VisibilityGraph_norm.dpowerk_resAC2,786
2133,NW_VisibilityGraph_norm_dpowerk_resruns,"network,visibilityGraph",NW_VisibilityGraph_norm.dpowerk_resruns,786
2134,NW_VisibilityGraph_norm_gaussnlogL,"network,visibilityGraph,lengthDependent",NW_VisibilityGraph_norm.gaussnlogL,786
2135,NW_VisibilityGraph_norm_expnlogL,"network,visibilityGraph,lengthDependent",NW_VisibilityGraph_norm.expnlogL,786
2136,NW_VisibilityGraph_norm_evparam1,"network,visibilityGraph",NW_VisibilityGraph_norm.evparam1,786
2137,NW_VisibilityGraph_norm_evparam2,"network,visibilityGraph",NW_VisibilityGraph_norm.evparam2,786
2138,NW_VisibilityGraph_norm_evnlogL,"network,visibilityGraph,lengthDependent",NW_VisibilityGraph_norm.evnlogL,786
2139,NW_VisibilityGraph_norm_entropy,"network,visibilityGraph",NW_VisibilityGraph_norm.entropy,786
2140,NW_VisibilityGraph_norm_kac1,"network,visibilityGraph",NW_VisibilityGraph_norm.kac1,786
2141,NW_VisibilityGraph_norm_kac2,"network,visibilityGraph",NW_VisibilityGraph_norm.kac2,786
2142,NW_VisibilityGraph_norm_kac3,"network,visibilityGraph",NW_VisibilityGraph_norm.kac3,786
2143,NW_VisibilityGraph_norm_ktau,"network,visibilityGraph",NW_VisibilityGraph_norm.ktau,786
2144,SY_DynWin_stdmean,"stationarity",SY_DynWin10.stdmean,787
2145,SY_DynWin_stdstd,"stationarity",SY_DynWin10.stdstd,787
2146,SY_DynWin_stdskew,"stationarity",SY_DynWin10.stdskew,787
2147,SY_DynWin_stdkurt,"stationarity",SY_DynWin10.stdkurt,787
2148,SY_DynWin_stdsampen1_015,"stationarity",SY_DynWin10.stdsampen1_015,787
2149,SY_DynWin_stdsampen2_015,"stationarity",SY_DynWin10.stdsampen2_015,787
2150,SY_DynWin_stdac1,"stationarity",SY_DynWin10.stdac1,787
2151,SY_DynWin_stdac2,"stationarity",SY_DynWin10.stdac2,787
2152,SY_DynWin_stdactaug,"stationarity",SY_DynWin10.stdactaug,787
2153,SY_DynWin_stdactaul,"stationarity",SY_DynWin10.stdactaul,787
2154,SY_DynWin_stdtaul,"stationarity",SY_DynWin10.stdtaul,787
2155,SY_SpreadRandomLocal_ac2_100_meanmean,"stationarity",SY_SpreadRandomLocal_ac2_100.meanmean,486
2156,SY_SpreadRandomLocal_ac2_100_meanstd,"stationarity",SY_SpreadRandomLocal_ac2_100.meanstd,486
2157,SY_SpreadRandomLocal_ac2_100_meanskew,"stationarity",SY_SpreadRandomLocal_ac2_100.meanskew,486
2158,SY_SpreadRandomLocal_ac2_100_meankurt,"stationarity",SY_SpreadRandomLocal_ac2_100.meankurt,486
2159,SY_SpreadRandomLocal_ac2_100_meansampen1_015,"stationarity",SY_SpreadRandomLocal_ac2_100.meansampen1_015,486
2160,SY_SpreadRandomLocal_ac2_100_meanac1,"stationarity",SY_SpreadRandomLocal_ac2_100.meanac1,486
2161,SY_SpreadRandomLocal_ac2_100_meanac2,"stationarity",SY_SpreadRandomLocal_ac2_100.meanac2,486
2162,SY_SpreadRandomLocal_ac2_100_meantaul,"stationarity",SY_SpreadRandomLocal_ac2_100.meantaul,486
2163,SY_SpreadRandomLocal_ac2_100_stdmean,"stationarity",SY_SpreadRandomLocal_ac2_100.stdmean,486
2164,SY_SpreadRandomLocal_ac2_100_stdstd,"stationarity",SY_SpreadRandomLocal_ac2_100.stdstd,486
2165,SY_SpreadRandomLocal_ac2_100_stdskew,"stationarity",SY_SpreadRandomLocal_ac2_100.stdskew,486
2166,SY_SpreadRandomLocal_ac2_100_stdkurt,"stationarity",SY_SpreadRandomLocal_ac2_100.stdkurt,486
2167,SY_SpreadRandomLocal_ac2_100_stdsampen1_015,"stationarity",SY_SpreadRandomLocal_ac2_100.stdsampen1_015,486
2168,SY_SpreadRandomLocal_ac2_100_stdac1,"stationarity",SY_SpreadRandomLocal_ac2_100.stdac1,486
2169,SY_SpreadRandomLocal_ac2_100_stdac2,"stationarity",SY_SpreadRandomLocal_ac2_100.stdac2,486
2170,SY_SpreadRandomLocal_ac2_100_stdtaul,"stationarity",SY_SpreadRandomLocal_ac2_100.stdtaul,486
2171,SY_SpreadRandomLocal_ac5_100_meanmean,"stationarity",SY_SpreadRandomLocal_ac5_100.meanmean,487
2172,SY_SpreadRandomLocal_ac5_100_meanstd,"stationarity",SY_SpreadRandomLocal_ac5_100.meanstd,487
2173,SY_SpreadRandomLocal_ac5_100_meanskew,"stationarity",SY_SpreadRandomLocal_ac5_100.meanskew,487
2174,SY_SpreadRandomLocal_ac5_100_meankurt,"stationarity",SY_SpreadRandomLocal_ac5_100.meankurt,487
2175,SY_SpreadRandomLocal_ac5_100_meansampen1_015,"stationarity",SY_SpreadRandomLocal_ac5_100.meansampen1_015,487
2176,SY_SpreadRandomLocal_ac5_100_meanac1,"stationarity",SY_SpreadRandomLocal_ac5_100.meanac1,487
2177,SY_SpreadRandomLocal_ac5_100_meanac2,"stationarity",SY_SpreadRandomLocal_ac5_100.meanac2,487
2178,SY_SpreadRandomLocal_ac5_100_meantaul,"stationarity",SY_SpreadRandomLocal_ac5_100.meantaul,487
2179,SY_SpreadRandomLocal_ac5_100_stdmean,"stationarity",SY_SpreadRandomLocal_ac5_100.stdmean,487
2180,SY_SpreadRandomLocal_ac5_100_stdstd,"stationarity",SY_SpreadRandomLocal_ac5_100.stdstd,487
2181,SY_SpreadRandomLocal_ac5_100_stdskew,"stationarity",SY_SpreadRandomLocal_ac5_100.stdskew,487
2182,SY_SpreadRandomLocal_ac5_100_stdkurt,"stationarity",SY_SpreadRandomLocal_ac5_100.stdkurt,487
2183,SY_SpreadRandomLocal_ac5_100_stdsampen1_015,"stationarity",SY_SpreadRandomLocal_ac5_100.stdsampen1_015,487
2184,SY_SpreadRandomLocal_ac5_100_stdac1,"stationarity",SY_SpreadRandomLocal_ac5_100.stdac1,487
2185,SY_SpreadRandomLocal_ac5_100_stdac2,"stationarity",SY_SpreadRandomLocal_ac5_100.stdac2,487
2186,SY_SpreadRandomLocal_ac5_100_stdtaul,"stationarity",SY_SpreadRandomLocal_ac5_100.stdtaul,487
2187,SY_SpreadRandomLocal_50_100_meanmean,"stationarity",SY_SpreadRandomLocal_50_100.meanmean,488
2188,SY_SpreadRandomLocal_50_100_meanstd,"stationarity",SY_SpreadRandomLocal_50_100.meanstd,488
2189,SY_SpreadRandomLocal_50_100_meanskew,"stationarity",SY_SpreadRandomLocal_50_100.meanskew,488
2190,SY_SpreadRandomLocal_50_100_meankurt,"stationarity",SY_SpreadRandomLocal_50_100.meankurt,488
2191,SY_SpreadRandomLocal_50_100_meansampen1_015,"stationarity",SY_SpreadRandomLocal_50_100.meansampen1_015,488
2192,SY_SpreadRandomLocal_50_100_meanac1,"stationarity",SY_SpreadRandomLocal_50_100.meanac1,488
2193,SY_SpreadRandomLocal_50_100_meanac2,"stationarity",SY_SpreadRandomLocal_50_100.meanac2,488
2194,SY_SpreadRandomLocal_50_100_meantaul,"stationarity",SY_SpreadRandomLocal_50_100.meantaul,488
2195,SY_SpreadRandomLocal_50_100_stdmean,"stationarity",SY_SpreadRandomLocal_50_100.stdmean,488
2196,SY_SpreadRandomLocal_50_100_stdstd,"stationarity",SY_SpreadRandomLocal_50_100.stdstd,488
2197,SY_SpreadRandomLocal_50_100_stdskew,"stationarity",SY_SpreadRandomLocal_50_100.stdskew,488
2198,SY_SpreadRandomLocal_50_100_stdkurt,"stationarity",SY_SpreadRandomLocal_50_100.stdkurt,488
2199,SY_SpreadRandomLocal_50_100_stdsampen1_015,"stationarity",SY_SpreadRandomLocal_50_100.stdsampen1_015,488
2200,SY_SpreadRandomLocal_50_100_stdac1,"stationarity",SY_SpreadRandomLocal_50_100.stdac1,488
2201,SY_SpreadRandomLocal_50_100_stdac2,"stationarity",SY_SpreadRandomLocal_50_100.stdac2,488
2202,SY_SpreadRandomLocal_50_100_stdtaul,"stationarity",SY_SpreadRandomLocal_50_100.stdtaul,488
2203,SY_SpreadRandomLocal_100_100_meanmean,"stationarity",SY_SpreadRandomLocal_100_100.meanmean,489
2204,SY_SpreadRandomLocal_100_100_meanstd,"stationarity",SY_SpreadRandomLocal_100_100.meanstd,489
2205,SY_SpreadRandomLocal_100_100_meanskew,"stationarity",SY_SpreadRandomLocal_100_100.meanskew,489
2206,SY_SpreadRandomLocal_100_100_meankurt,"stationarity",SY_SpreadRandomLocal_100_100.meankurt,489
2207,SY_SpreadRandomLocal_100_100_meansampen1_015,"stationarity",SY_SpreadRandomLocal_100_100.meansampen1_015,489
2208,SY_SpreadRandomLocal_100_100_meanac1,"stationarity",SY_SpreadRandomLocal_100_100.meanac1,489
2209,SY_SpreadRandomLocal_100_100_meanac2,"stationarity",SY_SpreadRandomLocal_100_100.meanac2,489
2210,SY_SpreadRandomLocal_100_100_meantaul,"stationarity",SY_SpreadRandomLocal_100_100.meantaul,489
2211,SY_SpreadRandomLocal_100_100_stdmean,"stationarity",SY_SpreadRandomLocal_100_100.stdmean,489
2212,SY_SpreadRandomLocal_100_100_stdstd,"stationarity",SY_SpreadRandomLocal_100_100.stdstd,489
2213,SY_SpreadRandomLocal_100_100_stdskew,"stationarity",SY_SpreadRandomLocal_100_100.stdskew,489
2214,SY_SpreadRandomLocal_100_100_stdkurt,"stationarity",SY_SpreadRandomLocal_100_100.stdkurt,489
2215,SY_SpreadRandomLocal_100_100_stdsampen1_015,"stationarity",SY_SpreadRandomLocal_100_100.stdsampen1_015,489
2216,SY_SpreadRandomLocal_100_100_stdac1,"stationarity",SY_SpreadRandomLocal_100_100.stdac1,489
2217,SY_SpreadRandomLocal_100_100_stdac2,"stationarity",SY_SpreadRandomLocal_100_100.stdac2,489
2218,SY_SpreadRandomLocal_100_100_stdtaul,"stationarity",SY_SpreadRandomLocal_100_100.stdtaul,489
2219,SY_SpreadRandomLocal_200_100_meanmean,"stationarity",SY_SpreadRandomLocal_200_100.meanmean,490
2220,SY_SpreadRandomLocal_200_100_meanstd,"stationarity",SY_SpreadRandomLocal_200_100.meanstd,490
2221,SY_SpreadRandomLocal_200_100_meanskew,"stationarity",SY_SpreadRandomLocal_200_100.meanskew,490
2222,SY_SpreadRandomLocal_200_100_meankurt,"stationarity",SY_SpreadRandomLocal_200_100.meankurt,490
2223,SY_SpreadRandomLocal_200_100_meansampen1_015,"stationarity",SY_SpreadRandomLocal_200_100.meansampen1_015,490
2224,SY_SpreadRandomLocal_200_100_meanac1,"stationarity",SY_SpreadRandomLocal_200_100.meanac1,490
2225,SY_SpreadRandomLocal_200_100_meanac2,"stationarity",SY_SpreadRandomLocal_200_100.meanac2,490
2226,SY_SpreadRandomLocal_200_100_meantaul,"stationarity",SY_SpreadRandomLocal_200_100.meantaul,490
2227,SY_SpreadRandomLocal_200_100_stdmean,"stationarity",SY_SpreadRandomLocal_200_100.stdmean,490
2228,SY_SpreadRandomLocal_200_100_stdstd,"stationarity",SY_SpreadRandomLocal_200_100.stdstd,490
2229,SY_SpreadRandomLocal_200_100_stdskew,"stationarity",SY_SpreadRandomLocal_200_100.stdskew,490
2230,SY_SpreadRandomLocal_200_100_stdkurt,"stationarity",SY_SpreadRandomLocal_200_100.stdkurt,490
2231,SY_SpreadRandomLocal_200_100_stdsampen1_015,"stationarity",SY_SpreadRandomLocal_200_100.stdsampen1_015,490
2232,SY_SpreadRandomLocal_200_100_stdac1,"stationarity",SY_SpreadRandomLocal_200_100.stdac1,490
2233,SY_SpreadRandomLocal_200_100_stdac2,"stationarity",SY_SpreadRandomLocal_200_100.stdac2,490
2234,SY_SpreadRandomLocal_200_100_stdtaul,"stationarity",SY_SpreadRandomLocal_200_100.stdtaul,490
2235,SY_DriftingMean20_max,"stationarity",SY_DriftingMean20.max,491
2236,SY_DriftingMean20_min,"stationarity",SY_DriftingMean20.min,491
2237,SY_DriftingMean20_mean,"stationarity",SY_DriftingMean20.mean,491
2238,SY_DriftingMean20_meanmaxmin,"stationarity",SY_DriftingMean20.meanmaxmin,491
2239,SY_DriftingMean20_meanabsmaxmin,"stationarity",SY_DriftingMean20.meanabsmaxmin,491
2240,SY_DriftingMean50_max,"stationarity",SY_DriftingMean50.max,492
2241,SY_DriftingMean50_min,"stationarity",SY_DriftingMean50.min,492
2242,SY_DriftingMean50_mean,"stationarity",SY_DriftingMean50.mean,492
2243,SY_DriftingMean50_meanmaxmin,"stationarity",SY_DriftingMean50.meanmaxmin,492
2244,SY_DriftingMean50_meanabsmaxmin,"stationarity",SY_DriftingMean50.meanabsmaxmin,492
2245,SY_DriftingMean100_max,"stationarity",SY_DriftingMean100.max,493
2246,SY_DriftingMean100_min,"stationarity",SY_DriftingMean100.min,493
2247,SY_DriftingMean100_mean,"stationarity",SY_DriftingMean100.mean,493
2248,SY_DriftingMean100_meanmaxmin,"stationarity",SY_DriftingMean100.meanmaxmin,493
2249,SY_DriftingMean100_meanabsmaxmin,"stationarity",SY_DriftingMean100.meanabsmaxmin,493
2250,SY_DriftingMeann5_max,"stationarity",SY_DriftingMeann5.max,494
2251,SY_DriftingMeann5_min,"stationarity",SY_DriftingMeann5.min,494
2252,SY_DriftingMeann5_mean,"stationarity",SY_DriftingMeann5.mean,494
2253,SY_DriftingMeann5_meanmaxmin,"stationarity",SY_DriftingMeann5.meanmaxmin,494
2254,SY_DriftingMeann5_meanabsmaxmin,"stationarity",SY_DriftingMeann5.meanabsmaxmin,494
2255,SY_DriftingMeann10_max,"stationarity",SY_DriftingMeann10.max,495
2256,SY_DriftingMeann10_min,"stationarity",SY_DriftingMeann10.min,495
2257,SY_DriftingMeann10_mean,"stationarity",SY_DriftingMeann10.mean,495
2258,SY_DriftingMeann10_meanmaxmin,"stationarity",SY_DriftingMeann10.meanmaxmin,495
2259,SY_DriftingMeann10_meanabsmaxmin,"stationarity",SY_DriftingMeann10.meanabsmaxmin,495
2260,SY_StdNthDerChange_a,"entropy",SY_StdNthDerChange.fexp_a,485
2261,SY_StdNthDerChange_b,"entropy",SY_StdNthDerChange.fexp_b,485
2262,SY_StdNthDerChange_r2,"entropy",SY_StdNthDerChange.fexp_r2,485
2263,SY_StdNthDerChange_rmse,"entropy",SY_StdNthDerChange.fexp_rmse,485
2264,SY_LocalDistributions_2_par_meandiv,"stationarity",SY_LocalDistributions_2_par.meandiv,496
2265,SY_LocalDistributions_2_par_mindiv,"stationarity",SY_LocalDistributions_2_par.mindiv,496
2266,SY_LocalDistributions_2_par_stddiv,"stationarity",SY_LocalDistributions_2_par.stddiv,496
2267,SY_LocalDistributions_3_par_meandiv,"stationarity",SY_LocalDistributions_3_par.meandiv,497
2268,SY_LocalDistributions_3_par_mediandiv,"stationarity",SY_LocalDistributions_3_par.mediandiv,497
2269,SY_LocalDistributions_3_par_mindiv,"stationarity",SY_LocalDistributions_3_par.mindiv,497
2270,SY_LocalDistributions_3_par_stddiv,"stationarity",SY_LocalDistributions_3_par.stddiv,497
2271,SY_LocalDistributions_4_par_meandiv,"stationarity",SY_LocalDistributions_4_par.meandiv,498
2272,SY_LocalDistributions_4_par_mediandiv,"stationarity",SY_LocalDistributions_4_par.mediandiv,498
2273,SY_LocalDistributions_4_par_mindiv,"stationarity",SY_LocalDistributions_4_par.mindiv,498
2274,SY_LocalDistributions_4_par_stddiv,"stationarity",SY_LocalDistributions_4_par.stddiv,498
2275,SY_LocalDistributions_5_par_meandiv,"stationarity",SY_LocalDistributions_5_par.meandiv,499
2276,SY_LocalDistributions_5_par_mediandiv,"stationarity",SY_LocalDistributions_5_par.mediandiv,499
2277,SY_LocalDistributions_5_par_mindiv,"stationarity",SY_LocalDistributions_5_par.mindiv,499
2278,SY_LocalDistributions_5_par_stddiv,"stationarity",SY_LocalDistributions_5_par.stddiv,499
2279,SY_LocalDistributions_3_each_meandiv,"stationarity",SY_LocalDistributions_3_each.meandiv,501
2280,SY_LocalDistributions_3_each_mediandiv,"stationarity",SY_LocalDistributions_3_each.mediandiv,501
2281,SY_LocalDistributions_3_each_mindiv,"stationarity",SY_LocalDistributions_3_each.mindiv,501
2282,SY_LocalDistributions_3_each_stddiv,"stationarity",SY_LocalDistributions_3_each.stddiv,501
2283,SY_LocalDistributions_4_each_meandiv,"stationarity",SY_LocalDistributions_4_each.meandiv,502
2284,SY_LocalDistributions_4_each_mediandiv,"stationarity",SY_LocalDistributions_4_each.mediandiv,502
2285,SY_LocalDistributions_4_each_mindiv,"stationarity",SY_LocalDistributions_4_each.mindiv,502
2286,SY_LocalDistributions_4_each_stddiv,"stationarity",SY_LocalDistributions_4_each.stddiv,502
2287,SY_LocalDistributions_5_each_meandiv,"stationarity",SY_LocalDistributions_5_each.meandiv,503
2288,SY_LocalDistributions_5_each_mediandiv,"stationarity",SY_LocalDistributions_5_each.mediandiv,503
2289,SY_LocalDistributions_5_each_mindiv,"stationarity",SY_LocalDistributions_5_each.mindiv,503
2290,SY_LocalDistributions_5_each_stddiv,"stationarity",SY_LocalDistributions_5_each.stddiv,503
2291,SY_RangeEvolve_totnuq,"stationarity",SY_RangeEvolve.totnuq,504
2292,SY_RangeEvolve_nuqp1,"stationarity",SY_RangeEvolve.nuqp1,504
2293,SY_RangeEvolve_nuqp10,"stationarity",SY_RangeEvolve.nuqp10,504
2294,SY_RangeEvolve_nuqp20,"stationarity",SY_RangeEvolve.nuqp20,504
2295,SY_RangeEvolve_nuqp50,"stationarity",SY_RangeEvolve.nuqp50,504
2296,SY_RangeEvolve_nuql10,"stationarity",SY_RangeEvolve.nuql10,504
2297,SY_RangeEvolve_nuql50,"stationarity",SY_RangeEvolve.nuql50,504
2298,SY_RangeEvolve_nuql100,"stationarity",SY_RangeEvolve.nuql100,504
2299,SY_RangeEvolve_nuql1000,"stationarity",SY_RangeEvolve.nuql1000,504
2300,SY_RangeEvolve_p1,"stationarity",SY_RangeEvolve.p1,504
2301,SY_RangeEvolve_p10,"stationarity",SY_RangeEvolve.p10,504
2302,SY_RangeEvolve_p20,"stationarity",SY_RangeEvolve.p20,504
2303,SY_RangeEvolve_p50,"stationarity",SY_RangeEvolve.p50,504
2304,SY_RangeEvolve_l10,"stationarity",SY_RangeEvolve.l10,504
2305,SY_RangeEvolve_l50,"stationarity",SY_RangeEvolve.l50,504
2306,SY_RangeEvolve_l100,"stationarity",SY_RangeEvolve.l100,504
2307,SY_RangeEvolve_l1000,"stationarity",SY_RangeEvolve.l1000,504
2308,FC_Surprise_dist_5_2_q_500_min,"information,symbolic",FC_Surprise_dist_5_2_q_500.min,788
2309,FC_Surprise_dist_5_2_q_500_max,"information,symbolic",FC_Surprise_dist_5_2_q_500.max,788
2310,FC_Surprise_dist_5_2_q_500_mean,"information,symbolic",FC_Surprise_dist_5_2_q_500.mean,788
2311,FC_Surprise_dist_5_2_q_500_median,"information,symbolic",FC_Surprise_dist_5_2_q_500.median,788
2312,FC_Surprise_dist_5_2_q_500_lq,"information,symbolic",FC_Surprise_dist_5_2_q_500.lq,788
2313,FC_Surprise_dist_5_2_q_500_uq,"information,symbolic",FC_Surprise_dist_5_2_q_500.uq,788
2314,FC_Surprise_dist_5_2_q_500_std,"information,symbolic",FC_Surprise_dist_5_2_q_500.std,788
2315,FC_Surprise_dist_5_2_q_500_tstat,"information,symbolic",FC_Surprise_dist_5_2_q_500.tstat,788
2316,FC_Surprise_dist_20_2_q_500_min,"information,symbolic",FC_Surprise_dist_20_2_q_500.min,789
2317,FC_Surprise_dist_20_2_q_500_max,"information,symbolic",FC_Surprise_dist_20_2_q_500.max,789
2318,FC_Surprise_dist_20_2_q_500_mean,"information,symbolic",FC_Surprise_dist_20_2_q_500.mean,789
2319,FC_Surprise_dist_20_2_q_500_median,"information,symbolic",FC_Surprise_dist_20_2_q_500.median,789
2320,FC_Surprise_dist_20_2_q_500_lq,"information,symbolic",FC_Surprise_dist_20_2_q_500.lq,789
2321,FC_Surprise_dist_20_2_q_500_uq,"information,symbolic",FC_Surprise_dist_20_2_q_500.uq,789
2322,FC_Surprise_dist_20_2_q_500_std,"information,symbolic",FC_Surprise_dist_20_2_q_500.std,789
2323,FC_Surprise_dist_20_2_q_500_tstat,"information,symbolic",FC_Surprise_dist_20_2_q_500.tstat,789
2324,FC_Surprise_dist_50_3_q_500_min,"information,symbolic",FC_Surprise_dist_50_3_q_500.min,790
2325,FC_Surprise_dist_50_3_q_500_max,"information,symbolic",FC_Surprise_dist_50_3_q_500.max,790
2326,FC_Surprise_dist_50_3_q_500_mean,"information,symbolic",FC_Surprise_dist_50_3_q_500.mean,790
2327,FC_Surprise_dist_50_3_q_500_median,"information,symbolic",FC_Surprise_dist_50_3_q_500.median,790
2328,FC_Surprise_dist_50_3_q_500_lq,"information,symbolic",FC_Surprise_dist_50_3_q_500.lq,790
2329,FC_Surprise_dist_50_3_q_500_uq,"information,symbolic",FC_Surprise_dist_50_3_q_500.uq,790
2330,FC_Surprise_dist_50_3_q_500_std,"information,symbolic",FC_Surprise_dist_50_3_q_500.std,790
2331,FC_Surprise_dist_50_3_q_500_tstat,"information,symbolic",FC_Surprise_dist_50_3_q_500.tstat,790
2332,FC_Surprise_dist_100_4_q_500_min,"information,symbolic",FC_Surprise_dist_100_4_q_500.min,791
2333,FC_Surprise_dist_100_4_q_500_max,"information,symbolic",FC_Surprise_dist_100_4_q_500.max,791
2334,FC_Surprise_dist_100_4_q_500_mean,"information,symbolic",FC_Surprise_dist_100_4_q_500.mean,791
2335,FC_Surprise_dist_100_4_q_500_median,"information,symbolic",FC_Surprise_dist_100_4_q_500.median,791
2336,FC_Surprise_dist_100_4_q_500_lq,"information,symbolic",FC_Surprise_dist_100_4_q_500.lq,791
2337,FC_Surprise_dist_100_4_q_500_uq,"information,symbolic",FC_Surprise_dist_100_4_q_500.uq,791
2338,FC_Surprise_dist_100_4_q_500_std,"information,symbolic",FC_Surprise_dist_100_4_q_500.std,791
2339,FC_Surprise_dist_100_4_q_500_tstat,"information,symbolic",FC_Surprise_dist_100_4_q_500.tstat,791
2340,FC_Surprise_dist_100_5_q_500_min,"information,symbolic",FC_Surprise_dist_100_5_q_500.min,792
2341,FC_Surprise_dist_100_5_q_500_max,"information,symbolic",FC_Surprise_dist_100_5_q_500.max,792
2342,FC_Surprise_dist_100_5_q_500_mean,"information,symbolic",FC_Surprise_dist_100_5_q_500.mean,792
2343,FC_Surprise_dist_100_5_q_500_median,"information,symbolic",FC_Surprise_dist_100_5_q_500.median,792
2344,FC_Surprise_dist_100_5_q_500_lq,"information,symbolic",FC_Surprise_dist_100_5_q_500.lq,792
2345,FC_Surprise_dist_100_5_q_500_uq,"information,symbolic",FC_Surprise_dist_100_5_q_500.uq,792
2346,FC_Surprise_dist_100_5_q_500_std,"information,symbolic",FC_Surprise_dist_100_5_q_500.std,792
2347,FC_Surprise_dist_100_5_q_500_tstat,"information,symbolic",FC_Surprise_dist_100_5_q_500.tstat,792
2348,FC_Surprise_T1_20_2_q_500_min,"information,symbolic",FC_Surprise_T1_20_2_q_500.min,793
2349,FC_Surprise_T1_20_2_q_500_max,"information,symbolic",FC_Surprise_T1_20_2_q_500.max,793
2350,FC_Surprise_T1_20_2_q_500_mean,"information,symbolic",FC_Surprise_T1_20_2_q_500.mean,793
2351,FC_Surprise_T1_20_2_q_500_median,"information,symbolic",FC_Surprise_T1_20_2_q_500.median,793
2352,FC_Surprise_T1_20_2_q_500_lq,"information,symbolic",FC_Surprise_T1_20_2_q_500.lq,793
2353,FC_Surprise_T1_20_2_q_500_uq,"information,symbolic",FC_Surprise_T1_20_2_q_500.uq,793
2354,FC_Surprise_T1_20_2_q_500_std,"information,symbolic",FC_Surprise_T1_20_2_q_500.std,793
2355,FC_Surprise_T1_20_2_q_500_tstat,"information,symbolic",FC_Surprise_T1_20_2_q_500.tstat,793
2356,FC_Surprise_T1_50_3_q_500_min,"information,symbolic",FC_Surprise_T1_50_3_q_500.min,794
2357,FC_Surprise_T1_50_3_q_500_max,"information,symbolic",FC_Surprise_T1_50_3_q_500.max,794
2358,FC_Surprise_T1_50_3_q_500_mean,"information,symbolic",FC_Surprise_T1_50_3_q_500.mean,794
2359,FC_Surprise_T1_50_3_q_500_median,"information,symbolic",FC_Surprise_T1_50_3_q_500.median,794
2360,FC_Surprise_T1_50_3_q_500_lq,"information,symbolic",FC_Surprise_T1_50_3_q_500.lq,794
2361,FC_Surprise_T1_50_3_q_500_uq,"information,symbolic",FC_Surprise_T1_50_3_q_500.uq,794
2362,FC_Surprise_T1_50_3_q_500_std,"information,symbolic",FC_Surprise_T1_50_3_q_500.std,794
2363,FC_Surprise_T1_50_3_q_500_tstat,"information,symbolic",FC_Surprise_T1_50_3_q_500.tstat,794
2364,FC_Surprise_T1_100_4_q_500_min,"information,symbolic",FC_Surprise_T1_100_4_q_500.min,795
2365,FC_Surprise_T1_100_4_q_500_max,"information,symbolic",FC_Surprise_T1_100_4_q_500.max,795
2366,FC_Surprise_T1_100_4_q_500_mean,"information,symbolic",FC_Surprise_T1_100_4_q_500.mean,795
2367,FC_Surprise_T1_100_4_q_500_median,"information,symbolic",FC_Surprise_T1_100_4_q_500.median,795
2368,FC_Surprise_T1_100_4_q_500_lq,"information,symbolic",FC_Surprise_T1_100_4_q_500.lq,795
2369,FC_Surprise_T1_100_4_q_500_uq,"information,symbolic",FC_Surprise_T1_100_4_q_500.uq,795
2370,FC_Surprise_T1_100_4_q_500_std,"information,symbolic",FC_Surprise_T1_100_4_q_500.std,795
2371,FC_Surprise_T1_100_4_q_500_tstat,"information,symbolic",FC_Surprise_T1_100_4_q_500.tstat,795
2372,FC_Surprise_T1_100_5_q_500_min,"information,symbolic",FC_Surprise_T1_100_5_q_500.min,796
2373,FC_Surprise_T1_100_5_q_500_max,"information,symbolic",FC_Surprise_T1_100_5_q_500.max,796
2374,FC_Surprise_T1_100_5_q_500_mean,"information,symbolic",FC_Surprise_T1_100_5_q_500.mean,796
2375,FC_Surprise_T1_100_5_q_500_median,"information,symbolic",FC_Surprise_T1_100_5_q_500.median,796
2376,FC_Surprise_T1_100_5_q_500_lq,"information,symbolic",FC_Surprise_T1_100_5_q_500.lq,796
2377,FC_Surprise_T1_100_5_q_500_uq,"information,symbolic",FC_Surprise_T1_100_5_q_500.uq,796
2378,FC_Surprise_T1_100_5_q_500_std,"information,symbolic",FC_Surprise_T1_100_5_q_500.std,796
2379,FC_Surprise_T1_100_5_q_500_tstat,"information,symbolic",FC_Surprise_T1_100_5_q_500.tstat,796
2380,FC_Surprise_T2_20_2_q_500_min,"information,symbolic",FC_Surprise_T2_20_2_q_500.min,797
2381,FC_Surprise_T2_20_2_q_500_max,"information,symbolic",FC_Surprise_T2_20_2_q_500.max,797
2382,FC_Surprise_T2_20_2_q_500_mean,"information,symbolic",FC_Surprise_T2_20_2_q_500.mean,797
2383,FC_Surprise_T2_20_2_q_500_median,"information,symbolic",FC_Surprise_T2_20_2_q_500.median,797
2384,FC_Surprise_T2_20_2_q_500_lq,"information,symbolic",FC_Surprise_T2_20_2_q_500.lq,797
2385,FC_Surprise_T2_20_2_q_500_uq,"information,symbolic",FC_Surprise_T2_20_2_q_500.uq,797
2386,FC_Surprise_T2_20_2_q_500_std,"information,symbolic",FC_Surprise_T2_20_2_q_500.std,797
2387,FC_Surprise_T2_20_2_q_500_tstat,"information,symbolic",FC_Surprise_T2_20_2_q_500.tstat,797
2388,FC_Surprise_T2_50_3_q_500_min,"information,symbolic",FC_Surprise_T2_50_3_q_500.min,798
2389,FC_Surprise_T2_50_3_q_500_max,"information,symbolic",FC_Surprise_T2_50_3_q_500.max,798
2390,FC_Surprise_T2_50_3_q_500_mean,"information,symbolic",FC_Surprise_T2_50_3_q_500.mean,798
2391,FC_Surprise_T2_50_3_q_500_median,"information,symbolic",FC_Surprise_T2_50_3_q_500.median,798
2392,FC_Surprise_T2_50_3_q_500_lq,"information,symbolic",FC_Surprise_T2_50_3_q_500.lq,798
2393,FC_Surprise_T2_50_3_q_500_uq,"information,symbolic",FC_Surprise_T2_50_3_q_500.uq,798
2394,FC_Surprise_T2_50_3_q_500_std,"information,symbolic",FC_Surprise_T2_50_3_q_500.std,798
2395,FC_Surprise_T2_50_3_q_500_tstat,"information,symbolic",FC_Surprise_T2_50_3_q_500.tstat,798
2396,FC_Surprise_T2_100_4_q_500_min,"information,symbolic",FC_Surprise_T2_100_4_q_500.min,799
2397,FC_Surprise_T2_100_4_q_500_max,"information,symbolic",FC_Surprise_T2_100_4_q_500.max,799
2398,FC_Surprise_T2_100_4_q_500_mean,"information,symbolic",FC_Surprise_T2_100_4_q_500.mean,799
2399,FC_Surprise_T2_100_4_q_500_median,"information,symbolic",FC_Surprise_T2_100_4_q_500.median,799
2400,FC_Surprise_T2_100_4_q_500_lq,"information,symbolic",FC_Surprise_T2_100_4_q_500.lq,799
2401,FC_Surprise_T2_100_4_q_500_uq,"information,symbolic",FC_Surprise_T2_100_4_q_500.uq,799
2402,FC_Surprise_T2_100_4_q_500_std,"information,symbolic",FC_Surprise_T2_100_4_q_500.std,799
2403,FC_Surprise_T2_100_4_q_500_tstat,"information,symbolic",FC_Surprise_T2_100_4_q_500.tstat,799
2404,FC_Surprise_T2_100_5_q_500_min,"information,symbolic",FC_Surprise_T2_100_5_q_500.min,800
2405,FC_Surprise_T2_100_5_q_500_max,"information,symbolic",FC_Surprise_T2_100_5_q_500.max,800
2406,FC_Surprise_T2_100_5_q_500_mean,"information,symbolic",FC_Surprise_T2_100_5_q_500.mean,800
2407,FC_Surprise_T2_100_5_q_500_median,"information,symbolic",FC_Surprise_T2_100_5_q_500.median,800
2408,FC_Surprise_T2_100_5_q_500_lq,"information,symbolic",FC_Surprise_T2_100_5_q_500.lq,800
2409,FC_Surprise_T2_100_5_q_500_uq,"information,symbolic",FC_Surprise_T2_100_5_q_500.uq,800
2410,FC_Surprise_T2_100_5_q_500_std,"information,symbolic",FC_Surprise_T2_100_5_q_500.std,800
2411,FC_Surprise_T2_100_5_q_500_tstat,"information,symbolic",FC_Surprise_T2_100_5_q_500.tstat,800
2412,FC_Surprise_dist_5_2_udq_500_min,"information,symbolic",FC_Surprise_dist_5_2_udq_500.min,801
2413,FC_Surprise_dist_5_2_udq_500_max,"information,symbolic",FC_Surprise_dist_5_2_udq_500.max,801
2414,FC_Surprise_dist_5_2_udq_500_mean,"information,symbolic",FC_Surprise_dist_5_2_udq_500.mean,801
2415,FC_Surprise_dist_5_2_udq_500_median,"information,symbolic",FC_Surprise_dist_5_2_udq_500.median,801
2416,FC_Surprise_dist_5_2_udq_500_lq,"information,symbolic",FC_Surprise_dist_5_2_udq_500.lq,801
2417,FC_Surprise_dist_5_2_udq_500_uq,"information,symbolic",FC_Surprise_dist_5_2_udq_500.uq,801
2418,FC_Surprise_dist_5_2_udq_500_std,"information,symbolic",FC_Surprise_dist_5_2_udq_500.std,801
2419,FC_Surprise_dist_5_2_udq_500_tstat,"information,symbolic",FC_Surprise_dist_5_2_udq_500.tstat,801
2420,FC_Surprise_dist_20_2_udq_500_min,"information,symbolic",FC_Surprise_dist_20_2_udq_500.min,802
2421,FC_Surprise_dist_20_2_udq_500_max,"information,symbolic",FC_Surprise_dist_20_2_udq_500.max,802
2422,FC_Surprise_dist_20_2_udq_500_mean,"information,symbolic",FC_Surprise_dist_20_2_udq_500.mean,802
2423,FC_Surprise_dist_20_2_udq_500_median,"information,symbolic",FC_Surprise_dist_20_2_udq_500.median,802
2424,FC_Surprise_dist_20_2_udq_500_lq,"information,symbolic",FC_Surprise_dist_20_2_udq_500.lq,802
2425,FC_Surprise_dist_20_2_udq_500_uq,"information,symbolic",FC_Surprise_dist_20_2_udq_500.uq,802
2426,FC_Surprise_dist_20_2_udq_500_std,"information,symbolic",FC_Surprise_dist_20_2_udq_500.std,802
2427,FC_Surprise_dist_20_2_udq_500_tstat,"information,symbolic",FC_Surprise_dist_20_2_udq_500.tstat,802
2428,FC_Surprise_dist_50_3_udq_500_min,"information,symbolic",FC_Surprise_dist_50_3_udq_500.min,803
2429,FC_Surprise_dist_50_3_udq_500_max,"information,symbolic",FC_Surprise_dist_50_3_udq_500.max,803
2430,FC_Surprise_dist_50_3_udq_500_mean,"information,symbolic",FC_Surprise_dist_50_3_udq_500.mean,803
2431,FC_Surprise_dist_50_3_udq_500_median,"information,symbolic",FC_Surprise_dist_50_3_udq_500.median,803
2432,FC_Surprise_dist_50_3_udq_500_lq,"information,symbolic",FC_Surprise_dist_50_3_udq_500.lq,803
2433,FC_Surprise_dist_50_3_udq_500_uq,"information,symbolic",FC_Surprise_dist_50_3_udq_500.uq,803
2434,FC_Surprise_dist_50_3_udq_500_std,"information,symbolic",FC_Surprise_dist_50_3_udq_500.std,803
2435,FC_Surprise_dist_50_3_udq_500_tstat,"information,symbolic",FC_Surprise_dist_50_3_udq_500.tstat,803
2436,FC_Surprise_dist_100_4_udq_500_min,"information,symbolic",FC_Surprise_dist_100_4_udq_500.min,804
2437,FC_Surprise_dist_100_4_udq_500_max,"information,symbolic",FC_Surprise_dist_100_4_udq_500.max,804
2438,FC_Surprise_dist_100_4_udq_500_mean,"information,symbolic",FC_Surprise_dist_100_4_udq_500.mean,804
2439,FC_Surprise_dist_100_4_udq_500_median,"information,symbolic",FC_Surprise_dist_100_4_udq_500.median,804
2440,FC_Surprise_dist_100_4_udq_500_lq,"information,symbolic",FC_Surprise_dist_100_4_udq_500.lq,804
2441,FC_Surprise_dist_100_4_udq_500_uq,"information,symbolic",FC_Surprise_dist_100_4_udq_500.uq,804
2442,FC_Surprise_dist_100_4_udq_500_std,"information,symbolic",FC_Surprise_dist_100_4_udq_500.std,804
2443,FC_Surprise_dist_100_4_udq_500_tstat,"information,symbolic",FC_Surprise_dist_100_4_udq_500.tstat,804
2444,FC_Surprise_dist_100_5_udq_500_min,"information,symbolic",FC_Surprise_dist_100_5_udq_500.min,805
2445,FC_Surprise_dist_100_5_udq_500_max,"information,symbolic",FC_Surprise_dist_100_5_udq_500.max,805
2446,FC_Surprise_dist_100_5_udq_500_mean,"information,symbolic",FC_Surprise_dist_100_5_udq_500.mean,805
2447,FC_Surprise_dist_100_5_udq_500_median,"information,symbolic",FC_Surprise_dist_100_5_udq_500.median,805
2448,FC_Surprise_dist_100_5_udq_500_lq,"information,symbolic",FC_Surprise_dist_100_5_udq_500.lq,805
2449,FC_Surprise_dist_100_5_udq_500_uq,"information,symbolic",FC_Surprise_dist_100_5_udq_500.uq,805
2450,FC_Surprise_dist_100_5_udq_500_std,"information,symbolic",FC_Surprise_dist_100_5_udq_500.std,805
2451,FC_Surprise_dist_100_5_udq_500_tstat,"information,symbolic",FC_Surprise_dist_100_5_udq_500.tstat,805
2452,FC_Surprise_T1_20_2_udq_500_min,"information,symbolic",FC_Surprise_T1_20_2_udq_500.min,806
2453,FC_Surprise_T1_20_2_udq_500_max,"information,symbolic",FC_Surprise_T1_20_2_udq_500.max,806
2454,FC_Surprise_T1_20_2_udq_500_mean,"information,symbolic",FC_Surprise_T1_20_2_udq_500.mean,806
2455,FC_Surprise_T1_20_2_udq_500_median,"information,symbolic",FC_Surprise_T1_20_2_udq_500.median,806
2456,FC_Surprise_T1_20_2_udq_500_lq,"information,symbolic",FC_Surprise_T1_20_2_udq_500.lq,806
2457,FC_Surprise_T1_20_2_udq_500_uq,"information,symbolic",FC_Surprise_T1_20_2_udq_500.uq,806
2458,FC_Surprise_T1_20_2_udq_500_std,"information,symbolic",FC_Surprise_T1_20_2_udq_500.std,806
2459,FC_Surprise_T1_20_2_udq_500_tstat,"information,symbolic",FC_Surprise_T1_20_2_udq_500.tstat,806
2460,FC_Surprise_T1_50_3_udq_500_min,"information,symbolic",FC_Surprise_T1_50_3_udq_500.min,807
2461,FC_Surprise_T1_50_3_udq_500_max,"information,symbolic",FC_Surprise_T1_50_3_udq_500.max,807
2462,FC_Surprise_T1_50_3_udq_500_mean,"information,symbolic",FC_Surprise_T1_50_3_udq_500.mean,807
2463,FC_Surprise_T1_50_3_udq_500_median,"information,symbolic",FC_Surprise_T1_50_3_udq_500.median,807
2464,FC_Surprise_T1_50_3_udq_500_lq,"information,symbolic",FC_Surprise_T1_50_3_udq_500.lq,807
2465,FC_Surprise_T1_50_3_udq_500_uq,"information,symbolic",FC_Surprise_T1_50_3_udq_500.uq,807
2466,FC_Surprise_T1_50_3_udq_500_std,"information,symbolic",FC_Surprise_T1_50_3_udq_500.std,807
2467,FC_Surprise_T1_50_3_udq_500_tstat,"information,symbolic",FC_Surprise_T1_50_3_udq_500.tstat,807
2468,FC_Surprise_T1_100_4_udq_500_min,"information,symbolic",FC_Surprise_T1_100_4_udq_500.min,808
2469,FC_Surprise_T1_100_4_udq_500_max,"information,symbolic",FC_Surprise_T1_100_4_udq_500.max,808
2470,FC_Surprise_T1_100_4_udq_500_mean,"information,symbolic",FC_Surprise_T1_100_4_udq_500.mean,808
2471,FC_Surprise_T1_100_4_udq_500_median,"information,symbolic",FC_Surprise_T1_100_4_udq_500.median,808
2472,FC_Surprise_T1_100_4_udq_500_lq,"information,symbolic",FC_Surprise_T1_100_4_udq_500.lq,808
2473,FC_Surprise_T1_100_4_udq_500_uq,"information,symbolic",FC_Surprise_T1_100_4_udq_500.uq,808
2474,FC_Surprise_T1_100_4_udq_500_std,"information,symbolic",FC_Surprise_T1_100_4_udq_500.std,808
2475,FC_Surprise_T1_100_4_udq_500_tstat,"information,symbolic",FC_Surprise_T1_100_4_udq_500.tstat,808
2476,FC_Surprise_T1_100_5_udq_500_min,"information,symbolic",FC_Surprise_T1_100_5_udq_500.min,809
2477,FC_Surprise_T1_100_5_udq_500_max,"information,symbolic",FC_Surprise_T1_100_5_udq_500.max,809
2478,FC_Surprise_T1_100_5_udq_500_mean,"information,symbolic",FC_Surprise_T1_100_5_udq_500.mean,809
2479,FC_Surprise_T1_100_5_udq_500_median,"information,symbolic",FC_Surprise_T1_100_5_udq_500.median,809
2480,FC_Surprise_T1_100_5_udq_500_lq,"information,symbolic",FC_Surprise_T1_100_5_udq_500.lq,809
2481,FC_Surprise_T1_100_5_udq_500_uq,"information,symbolic",FC_Surprise_T1_100_5_udq_500.uq,809
2482,FC_Surprise_T1_100_5_udq_500_std,"information,symbolic",FC_Surprise_T1_100_5_udq_500.std,809
2483,FC_Surprise_T1_100_5_udq_500_tstat,"information,symbolic",FC_Surprise_T1_100_5_udq_500.tstat,809
2484,FC_Surprise_T2_20_2_udq_500_min,"information,symbolic",FC_Surprise_T2_20_2_udq_500.min,810
2485,FC_Surprise_T2_20_2_udq_500_max,"information,symbolic",FC_Surprise_T2_20_2_udq_500.max,810
2486,FC_Surprise_T2_20_2_udq_500_mean,"information,symbolic",FC_Surprise_T2_20_2_udq_500.mean,810
2487,FC_Surprise_T2_20_2_udq_500_median,"information,symbolic",FC_Surprise_T2_20_2_udq_500.median,810
2488,FC_Surprise_T2_20_2_udq_500_lq,"information,symbolic",FC_Surprise_T2_20_2_udq_500.lq,810
2489,FC_Surprise_T2_20_2_udq_500_uq,"information,symbolic",FC_Surprise_T2_20_2_udq_500.uq,810
2490,FC_Surprise_T2_20_2_udq_500_std,"information,symbolic",FC_Surprise_T2_20_2_udq_500.std,810
2491,FC_Surprise_T2_20_2_udq_500_tstat,"information,symbolic",FC_Surprise_T2_20_2_udq_500.tstat,810
2492,FC_Surprise_T2_50_3_udq_500_min,"information,symbolic",FC_Surprise_T2_50_3_udq_500.min,811
2493,FC_Surprise_T2_50_3_udq_500_max,"information,symbolic",FC_Surprise_T2_50_3_udq_500.max,811
2494,FC_Surprise_T2_50_3_udq_500_mean,"information,symbolic",FC_Surprise_T2_50_3_udq_500.mean,811
2495,FC_Surprise_T2_50_3_udq_500_median,"information,symbolic",FC_Surprise_T2_50_3_udq_500.median,811
2496,FC_Surprise_T2_50_3_udq_500_lq,"information,symbolic",FC_Surprise_T2_50_3_udq_500.lq,811
2497,FC_Surprise_T2_50_3_udq_500_uq,"information,symbolic",FC_Surprise_T2_50_3_udq_500.uq,811
2498,FC_Surprise_T2_50_3_udq_500_std,"information,symbolic",FC_Surprise_T2_50_3_udq_500.std,811
2499,FC_Surprise_T2_50_3_udq_500_tstat,"information,symbolic",FC_Surprise_T2_50_3_udq_500.tstat,811
2500,FC_Surprise_T2_100_4_udq_500_min,"information,symbolic",FC_Surprise_T2_100_4_udq_500.min,812
2501,FC_Surprise_T2_100_4_udq_500_max,"information,symbolic",FC_Surprise_T2_100_4_udq_500.max,812
2502,FC_Surprise_T2_100_4_udq_500_mean,"information,symbolic",FC_Surprise_T2_100_4_udq_500.mean,812
2503,FC_Surprise_T2_100_4_udq_500_median,"information,symbolic",FC_Surprise_T2_100_4_udq_500.median,812
2504,FC_Surprise_T2_100_4_udq_500_lq,"information,symbolic",FC_Surprise_T2_100_4_udq_500.lq,812
2505,FC_Surprise_T2_100_4_udq_500_uq,"information,symbolic",FC_Surprise_T2_100_4_udq_500.uq,812
2506,FC_Surprise_T2_100_4_udq_500_std,"information,symbolic",FC_Surprise_T2_100_4_udq_500.std,812
2507,FC_Surprise_T2_100_4_udq_500_tstat,"information,symbolic",FC_Surprise_T2_100_4_udq_500.tstat,812
2508,FC_Surprise_T2_100_5_udq_500_min,"information,symbolic",FC_Surprise_T2_100_5_udq_500.min,813
2509,FC_Surprise_T2_100_5_udq_500_max,"information,symbolic",FC_Surprise_T2_100_5_udq_500.max,813
2510,FC_Surprise_T2_100_5_udq_500_mean,"information,symbolic",FC_Surprise_T2_100_5_udq_500.mean,813
2511,FC_Surprise_T2_100_5_udq_500_median,"information,symbolic",FC_Surprise_T2_100_5_udq_500.median,813
2512,FC_Surprise_T2_100_5_udq_500_lq,"information,symbolic",FC_Surprise_T2_100_5_udq_500.lq,813
2513,FC_Surprise_T2_100_5_udq_500_uq,"information,symbolic",FC_Surprise_T2_100_5_udq_500.uq,813
2514,FC_Surprise_T2_100_5_udq_500_std,"information,symbolic",FC_Surprise_T2_100_5_udq_500.std,813
2515,FC_Surprise_T2_100_5_udq_500_tstat,"information,symbolic",FC_Surprise_T2_100_5_udq_500.tstat,813
2516,FC_Surprise_dist_5_1_m2quad_500_min,"information,symbolic",FC_Surprise_dist_5_1_m2quad_500.min,814
2517,FC_Surprise_dist_5_1_m2quad_500_max,"information,symbolic",FC_Surprise_dist_5_1_m2quad_500.max,814
2518,FC_Surprise_dist_5_1_m2quad_500_mean,"information,symbolic",FC_Surprise_dist_5_1_m2quad_500.mean,814
2519,FC_Surprise_dist_5_1_m2quad_500_median,"information,symbolic",FC_Surprise_dist_5_1_m2quad_500.median,814
2520,FC_Surprise_dist_5_1_m2quad_500_lq,"information,symbolic",FC_Surprise_dist_5_1_m2quad_500.lq,814
2521,FC_Surprise_dist_5_1_m2quad_500_uq,"information,symbolic",FC_Surprise_dist_5_1_m2quad_500.uq,814
2522,FC_Surprise_dist_5_1_m2quad_500_std,"information,symbolic",FC_Surprise_dist_5_1_m2quad_500.std,814
2523,FC_Surprise_dist_5_1_m2quad_500_tstat,"information,symbolic",FC_Surprise_dist_5_1_m2quad_500.tstat,814
2524,FC_Surprise_dist_5_tau_m2quad_500_min,"information,symbolic",FC_Surprise_dist_5_tau_m2quad_500.min,815
2525,FC_Surprise_dist_5_tau_m2quad_500_max,"information,symbolic",FC_Surprise_dist_5_tau_m2quad_500.max,815
2526,FC_Surprise_dist_5_tau_m2quad_500_mean,"information,symbolic",FC_Surprise_dist_5_tau_m2quad_500.mean,815
2527,FC_Surprise_dist_5_tau_m2quad_500_median,"information,symbolic",FC_Surprise_dist_5_tau_m2quad_500.median,815
2528,FC_Surprise_dist_5_tau_m2quad_500_lq,"information,symbolic",FC_Surprise_dist_5_tau_m2quad_500.lq,815
2529,FC_Surprise_dist_5_tau_m2quad_500_uq,"information,symbolic",FC_Surprise_dist_5_tau_m2quad_500.uq,815
2530,FC_Surprise_dist_5_tau_m2quad_500_std,"information,symbolic",FC_Surprise_dist_5_tau_m2quad_500.std,815
2531,FC_Surprise_dist_5_tau_m2quad_500_tstat,"information,symbolic",FC_Surprise_dist_5_tau_m2quad_500.tstat,815
2532,FC_Surprise_dist_10_tau_m2quad_500_min,"information,symbolic",FC_Surprise_dist_10_tau_m2quad_500.min,816
2533,FC_Surprise_dist_10_tau_m2quad_500_max,"information,symbolic",FC_Surprise_dist_10_tau_m2quad_500.max,816
2534,FC_Surprise_dist_10_tau_m2quad_500_mean,"information,symbolic",FC_Surprise_dist_10_tau_m2quad_500.mean,816
2535,FC_Surprise_dist_10_tau_m2quad_500_median,"information,symbolic",FC_Surprise_dist_10_tau_m2quad_500.median,816
2536,FC_Surprise_dist_10_tau_m2quad_500_lq,"information,symbolic",FC_Surprise_dist_10_tau_m2quad_500.lq,816
2537,FC_Surprise_dist_10_tau_m2quad_500_uq,"information,symbolic",FC_Surprise_dist_10_tau_m2quad_500.uq,816
2538,FC_Surprise_dist_10_tau_m2quad_500_std,"information,symbolic",FC_Surprise_dist_10_tau_m2quad_500.std,816
2539,FC_Surprise_dist_10_tau_m2quad_500_tstat,"information,symbolic",FC_Surprise_dist_10_tau_m2quad_500.tstat,816
2540,FC_Surprise_dist_20_tau_m2quad_500_min,"information,symbolic",FC_Surprise_dist_20_tau_m2quad_500.min,817
2541,FC_Surprise_dist_20_tau_m2quad_500_max,"information,symbolic",FC_Surprise_dist_20_tau_m2quad_500.max,817
2542,FC_Surprise_dist_20_tau_m2quad_500_mean,"information,symbolic",FC_Surprise_dist_20_tau_m2quad_500.mean,817
2543,FC_Surprise_dist_20_tau_m2quad_500_median,"information,symbolic",FC_Surprise_dist_20_tau_m2quad_500.median,817
2544,FC_Surprise_dist_20_tau_m2quad_500_lq,"information,symbolic",FC_Surprise_dist_20_tau_m2quad_500.lq,817
2545,FC_Surprise_dist_20_tau_m2quad_500_uq,"information,symbolic",FC_Surprise_dist_20_tau_m2quad_500.uq,817
2546,FC_Surprise_dist_20_tau_m2quad_500_std,"information,symbolic",FC_Surprise_dist_20_tau_m2quad_500.std,817
2547,FC_Surprise_dist_20_tau_m2quad_500_tstat,"information,symbolic",FC_Surprise_dist_20_tau_m2quad_500.tstat,817
2548,FC_Surprise_T1_10_1_m2quad_500_max,"information,symbolic",FC_Surprise_T1_10_1_m2quad_500.max,818
2549,FC_Surprise_T1_10_1_m2quad_500_mean,"information,symbolic",FC_Surprise_T1_10_1_m2quad_500.mean,818
2550,FC_Surprise_T1_10_1_m2quad_500_median,"information,symbolic",FC_Surprise_T1_10_1_m2quad_500.median,818
2551,FC_Surprise_T1_10_1_m2quad_500_uq,"information,symbolic",FC_Surprise_T1_10_1_m2quad_500.uq,818
2552,FC_Surprise_T1_10_1_m2quad_500_std,"information,symbolic",FC_Surprise_T1_10_1_m2quad_500.std,818
2553,FC_Surprise_T1_10_1_m2quad_500_tstat,"information,symbolic",FC_Surprise_T1_10_1_m2quad_500.tstat,818
2554,FC_Surprise_T1_10_tau_m2quad_500_min,"information,symbolic",FC_Surprise_T1_10_tau_m2quad_500.min,819
2555,FC_Surprise_T1_10_tau_m2quad_500_max,"information,symbolic",FC_Surprise_T1_10_tau_m2quad_500.max,819
2556,FC_Surprise_T1_10_tau_m2quad_500_mean,"information,symbolic",FC_Surprise_T1_10_tau_m2quad_500.mean,819
2557,FC_Surprise_T1_10_tau_m2quad_500_median,"information,symbolic",FC_Surprise_T1_10_tau_m2quad_500.median,819
2558,FC_Surprise_T1_10_tau_m2quad_500_lq,"information,symbolic",FC_Surprise_T1_10_tau_m2quad_500.lq,819
2559,FC_Surprise_T1_10_tau_m2quad_500_uq,"information,symbolic",FC_Surprise_T1_10_tau_m2quad_500.uq,819
2560,FC_Surprise_T1_10_tau_m2quad_500_std,"information,symbolic",FC_Surprise_T1_10_tau_m2quad_500.std,819
2561,FC_Surprise_T1_10_tau_m2quad_500_tstat,"information,symbolic",FC_Surprise_T1_10_tau_m2quad_500.tstat,819
2562,FC_Surprise_T1_20_tau_m2quad_500_min,"information,symbolic",FC_Surprise_T1_20_tau_m2quad_500.min,820
2563,FC_Surprise_T1_20_tau_m2quad_500_max,"information,symbolic",FC_Surprise_T1_20_tau_m2quad_500.max,820
2564,FC_Surprise_T1_20_tau_m2quad_500_mean,"information,symbolic",FC_Surprise_T1_20_tau_m2quad_500.mean,820
2565,FC_Surprise_T1_20_tau_m2quad_500_median,"information,symbolic",FC_Surprise_T1_20_tau_m2quad_500.median,820
2566,FC_Surprise_T1_20_tau_m2quad_500_lq,"information,symbolic",FC_Surprise_T1_20_tau_m2quad_500.lq,820
2567,FC_Surprise_T1_20_tau_m2quad_500_uq,"information,symbolic",FC_Surprise_T1_20_tau_m2quad_500.uq,820
2568,FC_Surprise_T1_20_tau_m2quad_500_std,"information,symbolic",FC_Surprise_T1_20_tau_m2quad_500.std,820
2569,FC_Surprise_T1_20_tau_m2quad_500_tstat,"information,symbolic",FC_Surprise_T1_20_tau_m2quad_500.tstat,820
2570,FC_Surprise_T1_50_tau_m2quad_500_min,"information,symbolic",FC_Surprise_T1_50_tau_m2quad_500.min,821
2571,FC_Surprise_T1_50_tau_m2quad_500_max,"information,symbolic",FC_Surprise_T1_50_tau_m2quad_500.max,821
2572,FC_Surprise_T1_50_tau_m2quad_500_mean,"information,symbolic",FC_Surprise_T1_50_tau_m2quad_500.mean,821
2573,FC_Surprise_T1_50_tau_m2quad_500_median,"information,symbolic",FC_Surprise_T1_50_tau_m2quad_500.median,821
2574,FC_Surprise_T1_50_tau_m2quad_500_lq,"information,symbolic",FC_Surprise_T1_50_tau_m2quad_500.lq,821
2575,FC_Surprise_T1_50_tau_m2quad_500_uq,"information,symbolic",FC_Surprise_T1_50_tau_m2quad_500.uq,821
2576,FC_Surprise_T1_50_tau_m2quad_500_std,"information,symbolic",FC_Surprise_T1_50_tau_m2quad_500.std,821
2577,FC_Surprise_T1_50_tau_m2quad_500_tstat,"information,symbolic",FC_Surprise_T1_50_tau_m2quad_500.tstat,821
2578,FC_Surprise_T2_50_tau_m2quad_500_min,"information,symbolic",FC_Surprise_T2_50_tau_m2quad_500.min,822
2579,FC_Surprise_T2_50_tau_m2quad_500_max,"information,symbolic",FC_Surprise_T2_50_tau_m2quad_500.max,822
2580,FC_Surprise_T2_50_tau_m2quad_500_mean,"information,symbolic",FC_Surprise_T2_50_tau_m2quad_500.mean,822
2581,FC_Surprise_T2_50_tau_m2quad_500_median,"information,symbolic",FC_Surprise_T2_50_tau_m2quad_500.median,822
2582,FC_Surprise_T2_50_tau_m2quad_500_lq,"information,symbolic",FC_Surprise_T2_50_tau_m2quad_500.lq,822
2583,FC_Surprise_T2_50_tau_m2quad_500_uq,"information,symbolic",FC_Surprise_T2_50_tau_m2quad_500.uq,822
2584,FC_Surprise_T2_50_tau_m2quad_500_std,"information,symbolic",FC_Surprise_T2_50_tau_m2quad_500.std,822
2585,FC_Surprise_T2_50_tau_m2quad_500_tstat,"information,symbolic",FC_Surprise_T2_50_tau_m2quad_500.tstat,822
2586,FC_Surprise_T2_100_tau_m2quad_500_min,"information,symbolic",FC_Surprise_T2_100_tau_m2quad_500.min,823
2587,FC_Surprise_T2_100_tau_m2quad_500_max,"information,symbolic",FC_Surprise_T2_100_tau_m2quad_500.max,823
2588,FC_Surprise_T2_100_tau_m2quad_500_mean,"information,symbolic",FC_Surprise_T2_100_tau_m2quad_500.mean,823
2589,FC_Surprise_T2_100_tau_m2quad_500_median,"information,symbolic",FC_Surprise_T2_100_tau_m2quad_500.median,823
2590,FC_Surprise_T2_100_tau_m2quad_500_lq,"information,symbolic",FC_Surprise_T2_100_tau_m2quad_500.lq,823
2591,FC_Surprise_T2_100_tau_m2quad_500_uq,"information,symbolic",FC_Surprise_T2_100_tau_m2quad_500.uq,823
2592,FC_Surprise_T2_100_tau_m2quad_500_std,"information,symbolic",FC_Surprise_T2_100_tau_m2quad_500.std,823
2593,FC_Surprise_T2_100_tau_m2quad_500_tstat,"information,symbolic",FC_Surprise_T2_100_tau_m2quad_500.tstat,823
2594,PH_Walker_prop_01_w_mean,"trend",PH_Walker_prop_01.w_mean,824
2595,PH_Walker_prop_01_w_median,"trend",PH_Walker_prop_01.w_median,824
2596,PH_Walker_prop_01_w_std,"trend",PH_Walker_prop_01.w_std,824
2597,PH_Walker_prop_01_w_ac1,"trend",PH_Walker_prop_01.w_ac1,824
2598,PH_Walker_prop_01_w_ac2,"trend",PH_Walker_prop_01.w_ac2,824
2599,PH_Walker_prop_01_w_tau,"trend",PH_Walker_prop_01.w_tau,824
2600,PH_Walker_prop_01_w_min,"trend",PH_Walker_prop_01.w_min,824
2601,PH_Walker_prop_01_w_max,"trend",PH_Walker_prop_01.w_max,824
2602,PH_Walker_prop_01_w_propzcross,"trend",PH_Walker_prop_01.w_propzcross,824
2603,PH_Walker_prop_01_sw_meanabsdiff,"trend",PH_Walker_prop_01.sw_meanabsdiff,824
2604,PH_Walker_prop_01_sw_taudiff,"trend",PH_Walker_prop_01.sw_taudiff,824
2605,PH_Walker_prop_01_sw_ac1rat,"trend",PH_Walker_prop_01.sw_ac1rat,824
2606,PH_Walker_prop_01_sw_minrat,"trend",PH_Walker_prop_01.sw_minrat,824
2607,PH_Walker_prop_01_sw_maxrat,"trend",PH_Walker_prop_01.sw_maxrat,824
2608,PH_Walker_prop_01_sw_propcross,"trend",PH_Walker_prop_01.sw_propcross,824
2609,PH_Walker_prop_01_sw_ansarib_pval,"trend",PH_Walker_prop_01.sw_ansarib_pval,824
2610,PH_Walker_prop_01_sw_distdiff,"trend",PH_Walker_prop_01.sw_distdiff,824
2611,PH_Walker_prop_01_res_runstest,"trend",PH_Walker_prop_01.res_runstest,824
2612,PH_Walker_prop_01_swss5_1,"trend,stationarity",PH_Walker_prop_01.res_swss5_1,824
2613,PH_Walker_prop_01_res_ac1,"trend",PH_Walker_prop_01.res_ac1,824
2614,PH_Walker_prop_05_w_mean,"trend",PH_Walker_prop_05.w_mean,825
2615,PH_Walker_prop_05_w_median,"trend",PH_Walker_prop_05.w_median,825
2616,PH_Walker_prop_05_w_std,"trend",PH_Walker_prop_05.w_std,825
2617,PH_Walker_prop_05_w_ac1,"trend",PH_Walker_prop_05.w_ac1,825
2618,PH_Walker_prop_05_w_ac2,"trend",PH_Walker_prop_05.w_ac2,825
2619,PH_Walker_prop_05_w_tau,"trend",PH_Walker_prop_05.w_tau,825
2620,PH_Walker_prop_05_w_min,"trend",PH_Walker_prop_05.w_min,825
2621,PH_Walker_prop_05_w_max,"trend",PH_Walker_prop_05.w_max,825
2622,PH_Walker_prop_05_w_propzcross,"trend",PH_Walker_prop_05.w_propzcross,825
2623,PH_Walker_prop_05_sw_meanabsdiff,"trend",PH_Walker_prop_05.sw_meanabsdiff,825
2624,PH_Walker_prop_05_sw_taudiff,"trend",PH_Walker_prop_05.sw_taudiff,825
2625,PH_Walker_prop_05_sw_ac1rat,"trend",PH_Walker_prop_05.sw_ac1rat,825
2626,PH_Walker_prop_05_sw_minrat,"trend",PH_Walker_prop_05.sw_minrat,825
2627,PH_Walker_prop_05_sw_maxrat,"trend",PH_Walker_prop_05.sw_maxrat,825
2628,PH_Walker_prop_05_sw_propcross,"trend",PH_Walker_prop_05.sw_propcross,825
2629,PH_Walker_prop_05_sw_ansarib_pval,"trend",PH_Walker_prop_05.sw_ansarib_pval,825
2630,PH_Walker_prop_05_sw_distdiff,"trend",PH_Walker_prop_05.sw_distdiff,825
2631,PH_Walker_prop_05_res_runstest,"trend",PH_Walker_prop_05.res_runstest,825
2632,PH_Walker_prop_05_swss5_1,"trend,stationarity",PH_Walker_prop_05.res_swss5_1,825
2633,PH_Walker_prop_05_res_ac1,"trend",PH_Walker_prop_05.res_ac1,825
2634,PH_Walker_prop_09_w_mean,"trend",PH_Walker_prop_09.w_mean,826
2635,PH_Walker_prop_09_w_median,"trend",PH_Walker_prop_09.w_median,826
2636,PH_Walker_prop_09_w_std,"trend",PH_Walker_prop_09.w_std,826
2637,PH_Walker_prop_09_w_ac1,"trend",PH_Walker_prop_09.w_ac1,826
2638,PH_Walker_prop_09_w_ac2,"trend",PH_Walker_prop_09.w_ac2,826
2639,PH_Walker_prop_09_w_tau,"trend",PH_Walker_prop_09.w_tau,826
2640,PH_Walker_prop_09_w_min,"trend",PH_Walker_prop_09.w_min,826
2641,PH_Walker_prop_09_w_max,"trend",PH_Walker_prop_09.w_max,826
2642,PH_Walker_prop_09_w_propzcross,"trend",PH_Walker_prop_09.w_propzcross,826
2643,PH_Walker_prop_09_sw_meanabsdiff,"trend",PH_Walker_prop_09.sw_meanabsdiff,826
2644,PH_Walker_prop_09_sw_taudiff,"trend",PH_Walker_prop_09.sw_taudiff,826
2645,PH_Walker_prop_09_sw_ac1rat,"trend",PH_Walker_prop_09.sw_ac1rat,826
2646,PH_Walker_prop_09_sw_minrat,"trend",PH_Walker_prop_09.sw_minrat,826
2647,PH_Walker_prop_09_sw_maxrat,"trend",PH_Walker_prop_09.sw_maxrat,826
2648,PH_Walker_prop_09_sw_propcross,"trend",PH_Walker_prop_09.sw_propcross,826
2649,PH_Walker_prop_09_sw_ansarib_pval,"trend",PH_Walker_prop_09.sw_ansarib_pval,826
2650,PH_Walker_prop_09_sw_distdiff,"trend",PH_Walker_prop_09.sw_distdiff,826
2651,PH_Walker_prop_09_res_runstest,"trend",PH_Walker_prop_09.res_runstest,826
2652,PH_Walker_prop_09_swss5_1,"trend,stationarity",PH_Walker_prop_09.res_swss5_1,826
2653,PH_Walker_prop_09_res_ac1,"trend",PH_Walker_prop_09.res_ac1,826
2654,PH_Walker_prop_11_w_mean,"trend",PH_Walker_prop_11.w_mean,827
2655,PH_Walker_prop_11_w_median,"trend",PH_Walker_prop_11.w_median,827
2656,PH_Walker_prop_11_w_std,"trend",PH_Walker_prop_11.w_std,827
2657,PH_Walker_prop_11_w_ac1,"trend",PH_Walker_prop_11.w_ac1,827
2658,PH_Walker_prop_11_w_ac2,"trend",PH_Walker_prop_11.w_ac2,827
2659,PH_Walker_prop_11_w_tau,"trend",PH_Walker_prop_11.w_tau,827
2660,PH_Walker_prop_11_w_min,"trend",PH_Walker_prop_11.w_min,827
2661,PH_Walker_prop_11_w_max,"trend",PH_Walker_prop_11.w_max,827
2662,PH_Walker_prop_11_w_propzcross,"trend",PH_Walker_prop_11.w_propzcross,827
2663,PH_Walker_prop_11_sw_meanabsdiff,"trend",PH_Walker_prop_11.sw_meanabsdiff,827
2664,PH_Walker_prop_11_sw_taudiff,"trend",PH_Walker_prop_11.sw_taudiff,827
2665,PH_Walker_prop_11_sw_ac1rat,"trend",PH_Walker_prop_11.sw_ac1rat,827
2666,PH_Walker_prop_11_sw_minrat,"trend",PH_Walker_prop_11.sw_minrat,827
2667,PH_Walker_prop_11_sw_maxrat,"trend",PH_Walker_prop_11.sw_maxrat,827
2668,PH_Walker_prop_11_sw_propcross,"trend",PH_Walker_prop_11.sw_propcross,827
2669,PH_Walker_prop_11_sw_ansarib_pval,"trend",PH_Walker_prop_11.sw_ansarib_pval,827
2670,PH_Walker_prop_11_sw_distdiff,"trend",PH_Walker_prop_11.sw_distdiff,827
2671,PH_Walker_prop_11_res_runstest,"trend",PH_Walker_prop_11.res_runstest,827
2672,PH_Walker_prop_11_swss5_1,"trend,stationarity",PH_Walker_prop_11.res_swss5_1,827
2673,PH_Walker_prop_11_res_ac1,"trend",PH_Walker_prop_11.res_ac1,827
2674,PH_Walker_biasprop_05_01_w_mean,"trend",PH_Walker_biasprop_05_01.w_mean,828
2675,PH_Walker_biasprop_05_01_w_median,"trend",PH_Walker_biasprop_05_01.w_median,828
2676,PH_Walker_biasprop_05_01_w_std,"trend",PH_Walker_biasprop_05_01.w_std,828
2677,PH_Walker_biasprop_05_01_w_ac1,"trend",PH_Walker_biasprop_05_01.w_ac1,828
2678,PH_Walker_biasprop_05_01_w_ac2,"trend",PH_Walker_biasprop_05_01.w_ac2,828
2679,PH_Walker_biasprop_05_01_w_tau,"trend",PH_Walker_biasprop_05_01.w_tau,828
2680,PH_Walker_biasprop_05_01_w_min,"trend",PH_Walker_biasprop_05_01.w_min,828
2681,PH_Walker_biasprop_05_01_w_max,"trend",PH_Walker_biasprop_05_01.w_max,828
2682,PH_Walker_biasprop_05_01_w_propzcross,"trend",PH_Walker_biasprop_05_01.w_propzcross,828
2683,PH_Walker_biasprop_05_01_sw_meanabsdiff,"trend",PH_Walker_biasprop_05_01.sw_meanabsdiff,828
2684,PH_Walker_biasprop_05_01_sw_taudiff,"trend",PH_Walker_biasprop_05_01.sw_taudiff,828
2685,PH_Walker_biasprop_05_01_sw_ac1rat,"trend",PH_Walker_biasprop_05_01.sw_ac1rat,828
2686,PH_Walker_biasprop_05_01_sw_minrat,"trend",PH_Walker_biasprop_05_01.sw_minrat,828
2687,PH_Walker_biasprop_05_01_sw_maxrat,"trend",PH_Walker_biasprop_05_01.sw_maxrat,828
2688,PH_Walker_biasprop_05_01_sw_propcross,"trend",PH_Walker_biasprop_05_01.sw_propcross,828
2689,PH_Walker_biasprop_05_01_sw_ansarib_pval,"trend",PH_Walker_biasprop_05_01.sw_ansarib_pval,828
2690,PH_Walker_biasprop_05_01_sw_distdiff,"trend",PH_Walker_biasprop_05_01.sw_distdiff,828
2691,PH_Walker_biasprop_05_01_res_runstest,"trend",PH_Walker_biasprop_05_01.res_runstest,828
2692,PH_Walker_biasprop_05_01_swss5_1,"trend,stationarity",PH_Walker_biasprop_05_01.res_swss5_1,828
2693,PH_Walker_biasprop_05_01_res_ac1,"trend",PH_Walker_biasprop_05_01.res_ac1,828
2694,PH_Walker_biasprop_01_05_w_mean,"trend",PH_Walker_biasprop_01_05.w_mean,829
2695,PH_Walker_biasprop_01_05_w_median,"trend",PH_Walker_biasprop_01_05.w_median,829
2696,PH_Walker_biasprop_01_05_w_std,"trend",PH_Walker_biasprop_01_05.w_std,829
2697,PH_Walker_biasprop_01_05_w_ac1,"trend",PH_Walker_biasprop_01_05.w_ac1,829
2698,PH_Walker_biasprop_01_05_w_ac2,"trend",PH_Walker_biasprop_01_05.w_ac2,829
2699,PH_Walker_biasprop_01_05_w_tau,"trend",PH_Walker_biasprop_01_05.w_tau,829
2700,PH_Walker_biasprop_01_05_w_min,"trend",PH_Walker_biasprop_01_05.w_min,829
2701,PH_Walker_biasprop_01_05_w_max,"trend",PH_Walker_biasprop_01_05.w_max,829
2702,PH_Walker_biasprop_01_05_w_propzcross,"trend",PH_Walker_biasprop_01_05.w_propzcross,829
2703,PH_Walker_biasprop_01_05_sw_meanabsdiff,"trend",PH_Walker_biasprop_01_05.sw_meanabsdiff,829
2704,PH_Walker_biasprop_01_05_sw_taudiff,"trend",PH_Walker_biasprop_01_05.sw_taudiff,829
2705,PH_Walker_biasprop_01_05_sw_ac1rat,"trend",PH_Walker_biasprop_01_05.sw_ac1rat,829
2706,PH_Walker_biasprop_01_05_sw_minrat,"trend",PH_Walker_biasprop_01_05.sw_minrat,829
2707,PH_Walker_biasprop_01_05_sw_maxrat,"trend",PH_Walker_biasprop_01_05.sw_maxrat,829
2708,PH_Walker_biasprop_01_05_sw_propcross,"trend",PH_Walker_biasprop_01_05.sw_propcross,829
2709,PH_Walker_biasprop_01_05_sw_ansarib_pval,"trend",PH_Walker_biasprop_01_05.sw_ansarib_pval,829
2710,PH_Walker_biasprop_01_05_sw_distdiff,"trend",PH_Walker_biasprop_01_05.sw_distdiff,829
2711,PH_Walker_biasprop_01_05_res_runstest,"trend",PH_Walker_biasprop_01_05.res_runstest,829
2712,PH_Walker_biasprop_01_05_swss5_1,"trend,stationarity",PH_Walker_biasprop_01_05.res_swss5_1,829
2713,PH_Walker_biasprop_01_05_res_ac1,"trend",PH_Walker_biasprop_01_05.res_ac1,829
2714,PH_Walker_momentum_2_w_mean,"trend",PH_Walker_momentum_2.w_mean,830
2715,PH_Walker_momentum_2_w_median,"trend",PH_Walker_momentum_2.w_median,830
2716,PH_Walker_momentum_2_w_std,"trend",PH_Walker_momentum_2.w_std,830
2717,PH_Walker_momentum_2_w_ac1,"trend",PH_Walker_momentum_2.w_ac1,830
2718,PH_Walker_momentum_2_w_ac2,"trend",PH_Walker_momentum_2.w_ac2,830
2719,PH_Walker_momentum_2_w_tau,"trend",PH_Walker_momentum_2.w_tau,830
2720,PH_Walker_momentum_2_w_min,"trend",PH_Walker_momentum_2.w_min,830
2721,PH_Walker_momentum_2_w_max,"trend",PH_Walker_momentum_2.w_max,830
2722,PH_Walker_momentum_2_w_momentumzcross,"trend",PH_Walker_momentum_2.w_propzcross,830
2723,PH_Walker_momentum_2_sw_meanabsdiff,"trend",PH_Walker_momentum_2.sw_meanabsdiff,830
2724,PH_Walker_momentum_2_sw_taudiff,"trend",PH_Walker_momentum_2.sw_taudiff,830
2725,PH_Walker_momentum_2_sw_ac1rat,"trend",PH_Walker_momentum_2.sw_ac1rat,830
2726,PH_Walker_momentum_2_sw_minrat,"trend",PH_Walker_momentum_2.sw_minrat,830
2727,PH_Walker_momentum_2_sw_maxrat,"trend",PH_Walker_momentum_2.sw_maxrat,830
2728,PH_Walker_momentum_2_sw_propcross,"trend",PH_Walker_momentum_2.sw_propcross,830
2729,PH_Walker_momentum_2_sw_ansarib_pval,"trend",PH_Walker_momentum_2.sw_ansarib_pval,830
2730,PH_Walker_momentum_2_sw_distdiff,"trend",PH_Walker_momentum_2.sw_distdiff,830
2731,PH_Walker_momentum_2_res_runstest,"trend",PH_Walker_momentum_2.res_runstest,830
2732,PH_Walker_momentum_2_swss5_1,"trend,stationarity",PH_Walker_momentum_2.res_swss5_1,830
2733,PH_Walker_momentum_2_res_ac1,"trend",PH_Walker_momentum_2.res_ac1,830
2734,PH_Walker_momentum_5_w_mean,"trend",PH_Walker_momentum_5.w_mean,831
2735,PH_Walker_momentum_5_w_median,"trend",PH_Walker_momentum_5.w_median,831
2736,PH_Walker_momentum_5_w_std,"trend",PH_Walker_momentum_5.w_std,831
2737,PH_Walker_momentum_5_w_ac1,"trend",PH_Walker_momentum_5.w_ac1,831
2738,PH_Walker_momentum_5_w_ac2,"trend",PH_Walker_momentum_5.w_ac2,831
2739,PH_Walker_momentum_5_w_tau,"trend",PH_Walker_momentum_5.w_tau,831
2740,PH_Walker_momentum_5_w_min,"trend",PH_Walker_momentum_5.w_min,831
2741,PH_Walker_momentum_5_w_max,"trend",PH_Walker_momentum_5.w_max,831
2742,PH_Walker_momentum_5_w_momentumzcross,"trend",PH_Walker_momentum_5.w_propzcross,831
2743,PH_Walker_momentum_5_sw_meanabsdiff,"trend",PH_Walker_momentum_5.sw_meanabsdiff,831
2744,PH_Walker_momentum_5_sw_taudiff,"trend",PH_Walker_momentum_5.sw_taudiff,831
2745,PH_Walker_momentum_5_sw_ac1rat,"trend",PH_Walker_momentum_5.sw_ac1rat,831
2746,PH_Walker_momentum_5_sw_minrat,"trend",PH_Walker_momentum_5.sw_minrat,831
2747,PH_Walker_momentum_5_sw_maxrat,"trend",PH_Walker_momentum_5.sw_maxrat,831
2748,PH_Walker_momentum_5_sw_propcross,"trend",PH_Walker_momentum_5.sw_propcross,831
2749,PH_Walker_momentum_5_sw_ansarib_pval,"trend",PH_Walker_momentum_5.sw_ansarib_pval,831
2750,PH_Walker_momentum_5_sw_distdiff,"trend",PH_Walker_momentum_5.sw_distdiff,831
2751,PH_Walker_momentum_5_res_runstest,"trend",PH_Walker_momentum_5.res_runstest,831
2752,PH_Walker_momentum_5_swss5_1,"trend,stationarity",PH_Walker_momentum_5.res_swss5_1,831
2753,PH_Walker_momentum_5_res_ac1,"trend",PH_Walker_momentum_5.res_ac1,831
2754,PH_Walker_runningvar_15_50_w_mean,"trend",PH_Walker_runningvar_15_50.w_mean,832
2755,PH_Walker_runningvar_15_50_w_median,"trend",PH_Walker_runningvar_15_50.w_median,832
2756,PH_Walker_runningvar_15_50_w_std,"trend",PH_Walker_runningvar_15_50.w_std,832
2757,PH_Walker_runningvar_15_50_w_ac1,"trend",PH_Walker_runningvar_15_50.w_ac1,832
2758,PH_Walker_runningvar_15_50_w_ac2,"trend",PH_Walker_runningvar_15_50.w_ac2,832
2759,PH_Walker_runningvar_15_50_w_tau,"trend",PH_Walker_runningvar_15_50.w_tau,832
2760,PH_Walker_runningvar_15_50_w_min,"trend",PH_Walker_runningvar_15_50.w_min,832
2761,PH_Walker_runningvar_15_50_w_max,"trend",PH_Walker_runningvar_15_50.w_max,832
2762,PH_Walker_runningvar_15_50_w_propzcross,"trend",PH_Walker_runningvar_15_50.w_propzcross,832
2763,PH_Walker_runningvar_15_50_sw_meanabsdiff,"trend",PH_Walker_runningvar_15_50.sw_meanabsdiff,832
2764,PH_Walker_runningvar_15_50_sw_taudiff,"trend",PH_Walker_runningvar_15_50.sw_taudiff,832
2765,PH_Walker_runningvar_15_50_sw_ac1rat,"trend",PH_Walker_runningvar_15_50.sw_ac1rat,832
2766,PH_Walker_runningvar_15_50_sw_minrat,"trend",PH_Walker_runningvar_15_50.sw_minrat,832
2767,PH_Walker_runningvar_15_50_sw_maxrat,"trend",PH_Walker_runningvar_15_50.sw_maxrat,832
2768,PH_Walker_runningvar_15_50_sw_propcross,"trend",PH_Walker_runningvar_15_50.sw_propcross,832
2769,PH_Walker_runningvar_15_50_sw_ansarib_pval,"trend",PH_Walker_runningvar_15_50.sw_ansarib_pval,832
2770,PH_Walker_runningvar_15_50_sw_distdiff,"trend",PH_Walker_runningvar_15_50.sw_distdiff,832
2771,PH_Walker_runningvar_15_50_res_runstest,"trend",PH_Walker_runningvar_15_50.res_runstest,832
2772,PH_Walker_runningvar_15_50_swss5_1,"trend,stationarity",PH_Walker_runningvar_15_50.res_swss5_1,832
2773,PH_Walker_runningvar_15_50_res_ac1,"trend",PH_Walker_runningvar_15_50.res_ac1,832
2774,EN_SampEn_5_005_sampen0,"entropy",EN_SampEn_5_005.sampen0,833
2775,EN_SampEn_5_005_sampen1,"entropy",EN_SampEn_5_005.sampen1,833
2776,EN_SampEn_5_005_sampen2,"entropy",EN_SampEn_5_005.sampen2,833
2777,EN_SampEn_5_005_sampen3,"entropy",EN_SampEn_5_005.sampen3,833
2778,EN_SampEn_5_005_sampen4,"entropy",EN_SampEn_5_005.sampen4,833
2779,EN_SampEn_5_005_sampen5,"entropy",EN_SampEn_5_005.sampen5,833
2780,EN_SampEn_5_005_meanchsampen,"entropy",EN_SampEn_5_005.meanchsampen,833
2781,EN_SampEn_5_01_sampen0,"entropy",EN_SampEn_5_01.sampen0,834
2782,EN_SampEn_5_01_sampen1,"entropy",EN_SampEn_5_01.sampen1,834
2783,EN_SampEn_5_01_sampen2,"entropy",EN_SampEn_5_01.sampen2,834
2784,EN_SampEn_5_01_sampen3,"entropy",EN_SampEn_5_01.sampen3,834
2785,EN_SampEn_5_01_sampen4,"entropy",EN_SampEn_5_01.sampen4,834
2786,EN_SampEn_5_01_sampen5,"entropy",EN_SampEn_5_01.sampen5,834
2787,EN_SampEn_5_01_meanchsampen,"entropy",EN_SampEn_5_01.meanchsampen,834
2788,EN_SampEn_5_015_sampen0,"entropy",EN_SampEn_5_015.sampen0,835
2789,EN_SampEn_5_015_sampen1,"entropy",EN_SampEn_5_015.sampen1,835
2790,EN_SampEn_5_015_sampen2,"entropy",EN_SampEn_5_015.sampen2,835
2791,EN_SampEn_5_015_sampen3,"entropy",EN_SampEn_5_015.sampen3,835
2792,EN_SampEn_5_015_sampen4,"entropy",EN_SampEn_5_015.sampen4,835
2793,EN_SampEn_5_015_sampen5,"entropy",EN_SampEn_5_015.sampen5,835
2794,EN_SampEn_5_015_meanchsampen,"entropy",EN_SampEn_5_015.meanchsampen,835
2795,EN_SampEn_5_02_sampen0,"entropy",EN_SampEn_5_02.sampen0,836
2796,EN_SampEn_5_02_sampen1,"entropy",EN_SampEn_5_02.sampen1,836
2797,EN_SampEn_5_02_sampen2,"entropy",EN_SampEn_5_02.sampen2,836
2798,EN_SampEn_5_02_sampen3,"entropy",EN_SampEn_5_02.sampen3,836
2799,EN_SampEn_5_02_sampen4,"entropy",EN_SampEn_5_02.sampen4,836
2800,EN_SampEn_5_02_sampen5,"entropy",EN_SampEn_5_02.sampen5,836
2801,EN_SampEn_5_02_meanchsampen,"entropy",EN_SampEn_5_02.meanchsampen,836
2802,EN_SampEn_5_03_sampen0,"entropy",EN_SampEn_5_03.sampen0,837
2803,EN_SampEn_5_03_sampen1,"entropy",EN_SampEn_5_03.sampen1,837
2804,EN_SampEn_5_03_sampen2,"entropy",EN_SampEn_5_03.sampen2,837
2805,EN_SampEn_5_03_sampen3,"entropy",EN_SampEn_5_03.sampen3,837
2806,EN_SampEn_5_03_sampen4,"entropy",EN_SampEn_5_03.sampen4,837
2807,EN_SampEn_5_03_sampen5,"entropy",EN_SampEn_5_03.sampen5,837
2808,EN_SampEn_5_03_meanchsampen,"entropy",EN_SampEn_5_03.meanchsampen,837
2809,EN_SampEn_5_01_diff1_sampen0,"entropy",EN_SampEn_5_01_diff1.sampen0,838
2810,EN_SampEn_5_01_diff1_sampen1,"entropy",EN_SampEn_5_01_diff1.sampen1,838
2811,EN_SampEn_5_01_diff1_sampen2,"entropy",EN_SampEn_5_01_diff1.sampen2,838
2812,EN_SampEn_5_01_diff1_sampen3,"entropy",EN_SampEn_5_01_diff1.sampen3,838
2813,EN_SampEn_5_01_diff1_sampen4,"entropy",EN_SampEn_5_01_diff1.sampen4,838
2814,EN_SampEn_5_01_diff1_sampen5,"entropy",EN_SampEn_5_01_diff1.sampen5,838
2815,EN_SampEn_5_01_diff1_meanchsampen,"entropy",EN_SampEn_5_01_diff1.meanchsampen,838
2816,EN_SampEn_5_02_diff1_sampen0,"entropy",EN_SampEn_5_02_diff1.sampen0,839
2817,EN_SampEn_5_02_diff1_sampen1,"entropy",EN_SampEn_5_02_diff1.sampen1,839
2818,EN_SampEn_5_02_diff1_sampen2,"entropy",EN_SampEn_5_02_diff1.sampen2,839
2819,EN_SampEn_5_02_diff1_sampen3,"entropy",EN_SampEn_5_02_diff1.sampen3,839
2820,EN_SampEn_5_02_diff1_sampen4,"entropy",EN_SampEn_5_02_diff1.sampen4,839
2821,EN_SampEn_5_02_diff1_sampen5,"entropy",EN_SampEn_5_02_diff1.sampen5,839
2822,EN_SampEn_5_02_diff1_meanchsampen,"entropy",EN_SampEn_5_02_diff1.meanchsampen,839
2823,EN_mse_1-10_2_015_sampen_s2,"entropy",EN_mse_1-10_2_015.sampen_s2,840
2824,EN_mse_1-10_2_015_sampen_s3,"entropy",EN_mse_1-10_2_015.sampen_s3,840
2825,EN_mse_1-10_2_015_sampen_s4,"entropy",EN_mse_1-10_2_015.sampen_s4,840
2826,EN_mse_1-10_2_015_sampen_s5,"entropy",EN_mse_1-10_2_015.sampen_s5,840
2827,EN_mse_1-10_2_015_sampen_s6,"entropy",EN_mse_1-10_2_015.sampen_s6,840
2828,EN_mse_1-10_2_015_sampen_s7,"entropy",EN_mse_1-10_2_015.sampen_s7,840
2829,EN_mse_1-10_2_015_sampen_s8,"entropy",EN_mse_1-10_2_015.sampen_s8,840
2830,EN_mse_1-10_2_015_sampen_s9,"entropy",EN_mse_1-10_2_015.sampen_s9,840
2831,EN_mse_1-10_2_015_sampen_s10,"entropy",EN_mse_1-10_2_015.sampen_s10,840
2832,EN_mse_1-10_2_015_maxSampEn,"entropy",EN_mse_1-10_2_015.maxSampEn,840
2833,EN_mse_1-10_2_015_maxScale,"entropy",EN_mse_1-10_2_015.maxScale,840
2834,EN_mse_1-10_2_015_minSampEn,"entropy",EN_mse_1-10_2_015.minSampEn,840
2835,EN_mse_1-10_2_015_minScale,"entropy",EN_mse_1-10_2_015.minScale,840
2836,EN_mse_1-10_2_015_meanSampEn,"entropy",EN_mse_1-10_2_015.meanSampEn,840
2837,EN_mse_1-10_2_015_stdSampEn,"entropy",EN_mse_1-10_2_015.stdSampEn,840
2838,EN_mse_1-10_2_015_cvSampEn,"entropy",EN_mse_1-10_2_015.cvSampEn,840
2839,EN_mse_1-10_2_015_meanch,"entropy",EN_mse_1-10_2_015.meanch,840
2840,EN_mse_1-10_2_015_diff1_sampen_s1,"entropy",EN_mse_1-10_2_015_diff1.sampen_s1,841
2841,EN_mse_1-10_2_015_diff1_sampen_s2,"entropy",EN_mse_1-10_2_015_diff1.sampen_s2,841
2842,EN_mse_1-10_2_015_diff1_sampen_s3,"entropy",EN_mse_1-10_2_015_diff1.sampen_s3,841
2843,EN_mse_1-10_2_015_diff1_sampen_s4,"entropy",EN_mse_1-10_2_015_diff1.sampen_s4,841
2844,EN_mse_1-10_2_015_diff1_sampen_s5,"entropy",EN_mse_1-10_2_015_diff1.sampen_s5,841
2845,EN_mse_1-10_2_015_diff1_sampen_s6,"entropy",EN_mse_1-10_2_015_diff1.sampen_s6,841
2846,EN_mse_1-10_2_015_diff1_sampen_s7,"entropy",EN_mse_1-10_2_015_diff1.sampen_s7,841
2847,EN_mse_1-10_2_015_diff1_sampen_s8,"entropy",EN_mse_1-10_2_015_diff1.sampen_s8,841
2848,EN_mse_1-10_2_015_diff1_sampen_s9,"entropy",EN_mse_1-10_2_015_diff1.sampen_s9,841
2849,EN_mse_1-10_2_015_diff1_sampen_s10,"entropy",EN_mse_1-10_2_015_diff1.sampen_s10,841
2850,EN_mse_1-10_2_015_diff1_maxSampEn,"entropy",EN_mse_1-10_2_015_diff1.maxSampEn,841
2851,EN_mse_1-10_2_015_diff1_maxScale,"entropy",EN_mse_1-10_2_015_diff1.maxScale,841
2852,EN_mse_1-10_2_015_diff1_minSampEn,"entropy",EN_mse_1-10_2_015_diff1.minSampEn,841
2853,EN_mse_1-10_2_015_diff1_minScale,"entropy",EN_mse_1-10_2_015_diff1.minScale,841
2854,EN_mse_1-10_2_015_diff1_meanSampEn,"entropy",EN_mse_1-10_2_015_diff1.meanSampEn,841
2855,EN_mse_1-10_2_015_diff1_stdSampEn,"entropy",EN_mse_1-10_2_015_diff1.stdSampEn,841
2856,EN_mse_1-10_2_015_diff1_cvSampEn,"entropy",EN_mse_1-10_2_015_diff1.cvSampEn,841
2857,EN_mse_1-10_2_015_diff1_meanch,"entropy",EN_mse_1-10_2_015_diff1.meanch,841
2858,EN_mse_1-10_2_015_rescale_tau_sampen_s1,"entropy",EN_mse_1-10_2_015_rescale_tau.sampen_s1,842
2859,EN_mse_1-10_2_015_rescale_tau_sampen_s2,"entropy",EN_mse_1-10_2_015_rescale_tau.sampen_s2,842
2860,EN_mse_1-10_2_015_rescale_tau_sampen_s3,"entropy",EN_mse_1-10_2_015_rescale_tau.sampen_s3,842
2861,EN_mse_1-10_2_015_rescale_tau_sampen_s4,"entropy",EN_mse_1-10_2_015_rescale_tau.sampen_s4,842
2862,EN_mse_1-10_2_015_rescale_tau_sampen_s5,"entropy",EN_mse_1-10_2_015_rescale_tau.sampen_s5,842
2863,EN_mse_1-10_2_015_rescale_tau_sampen_s6,"entropy",EN_mse_1-10_2_015_rescale_tau.sampen_s6,842
2864,EN_mse_1-10_2_015_rescale_tau_sampen_s7,"entropy",EN_mse_1-10_2_015_rescale_tau.sampen_s7,842
2865,EN_mse_1-10_2_015_rescale_tau_sampen_s8,"entropy",EN_mse_1-10_2_015_rescale_tau.sampen_s8,842
2866,EN_mse_1-10_2_015_rescale_tau_sampen_s9,"entropy",EN_mse_1-10_2_015_rescale_tau.sampen_s9,842
2867,EN_mse_1-10_2_015_rescale_tau_sampen_s10,"entropy",EN_mse_1-10_2_015_rescale_tau.sampen_s10,842
2868,EN_mse_1-10_2_015_rescale_tau_maxSampEn,"entropy",EN_mse_1-10_2_015_rescale_tau.maxSampEn,842
2869,EN_mse_1-10_2_015_rescale_tau_maxScale,"entropy",EN_mse_1-10_2_015_rescale_tau.maxScale,842
2870,EN_mse_1-10_2_015_rescale_tau_minSampEn,"entropy",EN_mse_1-10_2_015_rescale_tau.minSampEn,842
2871,EN_mse_1-10_2_015_rescale_tau_minScale,"entropy",EN_mse_1-10_2_015_rescale_tau.minScale,842
2872,EN_mse_1-10_2_015_rescale_tau_meanSampEn,"entropy",EN_mse_1-10_2_015_rescale_tau.meanSampEn,842
2873,EN_mse_1-10_2_015_rescale_tau_stdSampEn,"entropy",EN_mse_1-10_2_015_rescale_tau.stdSampEn,842
2874,EN_mse_1-10_2_015_rescale_tau_cvSampEn,"entropy",EN_mse_1-10_2_015_rescale_tau.cvSampEn,842
2875,EN_mse_1-10_2_015_rescale_tau_meanch,"entropy",EN_mse_1-10_2_015_rescale_tau.meanch,842
2876,EN_Randomize_statdist_xcn1fexpa,"entropy,slow",EN_Randomize_statdist.xcn1fexpa,843
2877,EN_Randomize_statdist_xcn1fexpb,"entropy,slow",EN_Randomize_statdist.xcn1fexpb,843
2878,EN_Randomize_statdist_xcn1fexpr2,"entropy,slow",EN_Randomize_statdist.xcn1fexpr2,843
2879,EN_Randomize_statdist_xcn1fexprmse,"entropy,slow",EN_Randomize_statdist.xcn1fexprmse,843
2880,EN_Randomize_statdist_xcn1diff,"entropy,slow",EN_Randomize_statdist.xcn1diff,843
2881,EN_Randomize_statdist_xcn1hp,"entropy,slow",EN_Randomize_statdist.xcn1hp,843
2882,EN_Randomize_statdist_xc1fexpa,"entropy,slow",EN_Randomize_statdist.xc1fexpa,843
2883,EN_Randomize_statdist_xc1fexpb,"entropy,slow",EN_Randomize_statdist.xc1fexpb,843
2884,EN_Randomize_statdist_xc1fexpr2,"entropy,slow",EN_Randomize_statdist.xc1fexpr2,843
2885,EN_Randomize_statdist_xc1fexprmse,"entropy,slow",EN_Randomize_statdist.xc1fexprmse,843
2886,EN_Randomize_statdist_xc1diff,"entropy,slow",EN_Randomize_statdist.xc1diff,843
2887,EN_Randomize_statdist_xc1hp,"entropy,slow",EN_Randomize_statdist.xc1hp,843
2888,EN_Randomize_statdist_d1fexpa,"entropy,slow,lengthDependent",EN_Randomize_statdist.d1fexpa,843
2889,EN_Randomize_statdist_d1fexpb,"entropy,slow",EN_Randomize_statdist.d1fexpb,843
2890,EN_Randomize_statdist_d1fexpc,"entropy,slow,lengthDependent",EN_Randomize_statdist.d1fexpc,843
2891,EN_Randomize_statdist_d1fexpr2,"entropy,slow",EN_Randomize_statdist.d1fexpr2,843
2892,EN_Randomize_statdist_d1fexprmse,"entropy,slow,lengthDependent",EN_Randomize_statdist.d1fexprmse,843
2893,EN_Randomize_statdist_d1hp,"entropy,slow",EN_Randomize_statdist.d1hp,843
2894,EN_Randomize_statdist_ac1fexpa,"entropy,slow",EN_Randomize_statdist.ac1fexpa,843
2895,EN_Randomize_statdist_ac1fexpb,"entropy,slow",EN_Randomize_statdist.ac1fexpb,843
2896,EN_Randomize_statdist_ac1fexpr2,"entropy,slow",EN_Randomize_statdist.ac1fexpr2,843
2897,EN_Randomize_statdist_ac1fexprmse,"entropy,slow",EN_Randomize_statdist.ac1fexprmse,843
2898,EN_Randomize_statdist_ac1diff,"entropy,slow",EN_Randomize_statdist.ac1diff,843
2899,EN_Randomize_statdist_ac1hp,"entropy,slow",EN_Randomize_statdist.ac1hp,843
2900,EN_Randomize_statdist_ac2fexpa,"entropy,slow",EN_Randomize_statdist.ac2fexpa,843
2901,EN_Randomize_statdist_ac2fexpb,"entropy,slow",EN_Randomize_statdist.ac2fexpb,843
2902,EN_Randomize_statdist_ac2fexpr2,"entropy,slow",EN_Randomize_statdist.ac2fexpr2,843
2903,EN_Randomize_statdist_ac2fexprmse,"entropy,slow",EN_Randomize_statdist.ac2fexprmse,843
2904,EN_Randomize_statdist_ac2diff,"entropy,slow",EN_Randomize_statdist.ac2diff,843
2905,EN_Randomize_statdist_ac2hp,"entropy,slow",EN_Randomize_statdist.ac2hp,843
2906,EN_Randomize_statdist_ac3fexpa,"entropy,slow",EN_Randomize_statdist.ac3fexpa,843
2907,EN_Randomize_statdist_ac3fexpb,"entropy,slow",EN_Randomize_statdist.ac3fexpb,843
2908,EN_Randomize_statdist_ac3fexpr2,"entropy,slow",EN_Randomize_statdist.ac3fexpr2,843
2909,EN_Randomize_statdist_ac3fexprmse,"entropy,slow",EN_Randomize_statdist.ac3fexprmse,843
2910,EN_Randomize_statdist_ac3diff,"entropy,slow",EN_Randomize_statdist.ac3diff,843
2911,EN_Randomize_statdist_ac3hp,"entropy,slow",EN_Randomize_statdist.ac3hp,843
2912,EN_Randomize_statdist_ac4fexpa,"entropy,slow",EN_Randomize_statdist.ac4fexpa,843
2913,EN_Randomize_statdist_ac4fexpb,"entropy,slow",EN_Randomize_statdist.ac4fexpb,843
2914,EN_Randomize_statdist_ac4fexpr2,"entropy,slow",EN_Randomize_statdist.ac4fexpr2,843
2915,EN_Randomize_statdist_ac4fexprmse,"entropy,slow",EN_Randomize_statdist.ac4fexprmse,843
2916,EN_Randomize_statdist_ac4diff,"entropy,slow",EN_Randomize_statdist.ac4diff,843
2917,EN_Randomize_statdist_ac4hp,"entropy,slow",EN_Randomize_statdist.ac4hp,843
2918,EN_Randomize_statdist_sampen2_015fexpa,"entropy,slow",EN_Randomize_statdist.sampen2_015fexpa,843
2919,EN_Randomize_statdist_sampen2_015fexpb,"entropy,slow",EN_Randomize_statdist.sampen2_015fexpb,843
2920,EN_Randomize_statdist_sampen2_015fexpc,"entropy,slow",EN_Randomize_statdist.sampen2_015fexpc,843
2921,EN_Randomize_statdist_sampen2_015fexpr2,"entropy,slow",EN_Randomize_statdist.sampen2_015fexpr2,843
2922,EN_Randomize_statdist_sampen2_015fexprmse,"entropy,slow",EN_Randomize_statdist.sampen2_015fexprmse,843
2923,EN_Randomize_statdist_sampen2_015diff,"entropy,slow",EN_Randomize_statdist.sampen2_015diff,843
2924,EN_Randomize_statdist_sampen2_015hp,"entropy,slow",EN_Randomize_statdist.sampen2_015hp,843
2925,EN_Randomize_statdist_statav5fexpa,"entropy,slow,stationarity",EN_Randomize_statdist.statav5fexpa,843
2926,EN_Randomize_statdist_statav5fexpb,"entropy,slow,stationarity",EN_Randomize_statdist.statav5fexpb,843
2927,EN_Randomize_statdist_statav5fexpc,"entropy,slow,stationarity",EN_Randomize_statdist.statav5fexpc,843
2928,EN_Randomize_statdist_statav5fexpr2,"entropy,slow,stationarity",EN_Randomize_statdist.statav5fexpr2,843
2929,EN_Randomize_statdist_statav5fexprmse,"entropy,slow,stationarity",EN_Randomize_statdist.statav5fexprmse,843
2930,EN_Randomize_statdist_statav5diff,"entropy,slow,stationarity",EN_Randomize_statdist.statav5diff,843
2931,EN_Randomize_statdist_statav5hp,"entropy,slow,stationarity",EN_Randomize_statdist.statav5hp,843
2932,EN_Randomize_statdist_swss5_1fexpa,"entropy,slow,stationarity",EN_Randomize_statdist.swss5_1fexpa,843
2933,EN_Randomize_statdist_swss5_1fexpb,"entropy,slow,stationarity",EN_Randomize_statdist.swss5_1fexpb,843
2934,EN_Randomize_statdist_swss5_1fexpc,"entropy,slow,stationarity",EN_Randomize_statdist.swss5_1fexpc,843
2935,EN_Randomize_statdist_swss5_1fexpr2,"entropy,slow,stationarity",EN_Randomize_statdist.swss5_1fexpr2,843
2936,EN_Randomize_statdist_swss5_1fexprmse,"entropy,slow,stationarity",EN_Randomize_statdist.swss5_1fexprmse,843
2937,EN_Randomize_statdist_swss5_1diff,"entropy,slow,stationarity",EN_Randomize_statdist.swss5_1diff,843
2938,EN_Randomize_statdist_swss5_1hp,"entropy,slow,stationarity",EN_Randomize_statdist.swss5_1hp,843
2939,EN_Randomize_dyndist_xcn1fexpa,"entropy,slow",EN_Randomize_dyndist.xcn1fexpa,844
2940,EN_Randomize_dyndist_xcn1fexpb,"entropy,slow",EN_Randomize_dyndist.xcn1fexpb,844
2941,EN_Randomize_dyndist_xcn1fexpr2,"entropy,slow",EN_Randomize_dyndist.xcn1fexpr2,844
2942,EN_Randomize_dyndist_xcn1fexprmse,"entropy,slow",EN_Randomize_dyndist.xcn1fexprmse,844
2943,EN_Randomize_dyndist_xcn1diff,"entropy,slow",EN_Randomize_dyndist.xcn1diff,844
2944,EN_Randomize_dyndist_xcn1hp,"entropy,slow",EN_Randomize_dyndist.xcn1hp,844
2945,EN_Randomize_dyndist_xc1fexpa,"entropy,slow",EN_Randomize_dyndist.xc1fexpa,844
2946,EN_Randomize_dyndist_xc1fexpb,"entropy,slow",EN_Randomize_dyndist.xc1fexpb,844
2947,EN_Randomize_dyndist_xc1fexpr2,"entropy,slow",EN_Randomize_dyndist.xc1fexpr2,844
2948,EN_Randomize_dyndist_xc1fexprmse,"entropy,slow",EN_Randomize_dyndist.xc1fexprmse,844
2949,EN_Randomize_dyndist_xc1diff,"entropy,slow",EN_Randomize_dyndist.xc1diff,844
2950,EN_Randomize_dyndist_xc1hp,"entropy,slow",EN_Randomize_dyndist.xc1hp,844
2951,EN_Randomize_dyndist_d1fexpa,"entropy,slow,lengthDependent",EN_Randomize_dyndist.d1fexpa,844
2952,EN_Randomize_dyndist_d1fexpb,"entropy,slow",EN_Randomize_dyndist.d1fexpb,844
2953,EN_Randomize_dyndist_d1fexpc,"entropy,slow,lengthDependent",EN_Randomize_dyndist.d1fexpc,844
2954,EN_Randomize_dyndist_d1fexpr2,"entropy,slow",EN_Randomize_dyndist.d1fexpr2,844
2955,EN_Randomize_dyndist_d1fexprmse,"entropy,slow,lengthDependent",EN_Randomize_dyndist.d1fexprmse,844
2956,EN_Randomize_dyndist_d1hp,"entropy,slow",EN_Randomize_dyndist.d1hp,844
2957,EN_Randomize_dyndist_ac1fexpa,"entropy,slow",EN_Randomize_dyndist.ac1fexpa,844
2958,EN_Randomize_dyndist_ac1fexpb,"entropy,slow",EN_Randomize_dyndist.ac1fexpb,844
2959,EN_Randomize_dyndist_ac1fexpr2,"entropy,slow",EN_Randomize_dyndist.ac1fexpr2,844
2960,EN_Randomize_dyndist_ac1fexprmse,"entropy,slow",EN_Randomize_dyndist.ac1fexprmse,844
2961,EN_Randomize_dyndist_ac1diff,"entropy,slow",EN_Randomize_dyndist.ac1diff,844
2962,EN_Randomize_dyndist_ac1hp,"entropy,slow",EN_Randomize_dyndist.ac1hp,844
2963,EN_Randomize_dyndist_ac2fexpa,"entropy,slow",EN_Randomize_dyndist.ac2fexpa,844
2964,EN_Randomize_dyndist_ac2fexpb,"entropy,slow",EN_Randomize_dyndist.ac2fexpb,844
2965,EN_Randomize_dyndist_ac2fexpr2,"entropy,slow",EN_Randomize_dyndist.ac2fexpr2,844
2966,EN_Randomize_dyndist_ac2fexprmse,"entropy,slow",EN_Randomize_dyndist.ac2fexprmse,844
2967,EN_Randomize_dyndist_ac2diff,"entropy,slow",EN_Randomize_dyndist.ac2diff,844
2968,EN_Randomize_dyndist_ac2hp,"entropy,slow",EN_Randomize_dyndist.ac2hp,844
2969,EN_Randomize_dyndist_ac3fexpa,"entropy,slow",EN_Randomize_dyndist.ac3fexpa,844
2970,EN_Randomize_dyndist_ac3fexpb,"entropy,slow",EN_Randomize_dyndist.ac3fexpb,844
2971,EN_Randomize_dyndist_ac3fexpr2,"entropy,slow",EN_Randomize_dyndist.ac3fexpr2,844
2972,EN_Randomize_dyndist_ac3fexprmse,"entropy,slow",EN_Randomize_dyndist.ac3fexprmse,844
2973,EN_Randomize_dyndist_ac3diff,"entropy,slow",EN_Randomize_dyndist.ac3diff,844
2974,EN_Randomize_dyndist_ac3hp,"entropy,slow",EN_Randomize_dyndist.ac3hp,844
2975,EN_Randomize_dyndist_ac4fexpa,"entropy,slow",EN_Randomize_dyndist.ac4fexpa,844
2976,EN_Randomize_dyndist_ac4fexpb,"entropy,slow",EN_Randomize_dyndist.ac4fexpb,844
2977,EN_Randomize_dyndist_ac4fexpr2,"entropy,slow",EN_Randomize_dyndist.ac4fexpr2,844
2978,EN_Randomize_dyndist_ac4fexprmse,"entropy,slow",EN_Randomize_dyndist.ac4fexprmse,844
2979,EN_Randomize_dyndist_ac4diff,"entropy,slow",EN_Randomize_dyndist.ac4diff,844
2980,EN_Randomize_dyndist_ac4hp,"entropy,slow",EN_Randomize_dyndist.ac4hp,844
2981,EN_Randomize_dyndist_sampen2_015fexpa,"entropy,slow",EN_Randomize_dyndist.sampen2_015fexpa,844
2982,EN_Randomize_dyndist_sampen2_015fexpb,"entropy,slow",EN_Randomize_dyndist.sampen2_015fexpb,844
2983,EN_Randomize_dyndist_sampen2_015fexpc,"entropy,slow",EN_Randomize_dyndist.sampen2_015fexpc,844
2984,EN_Randomize_dyndist_sampen2_015fexpr2,"entropy,slow",EN_Randomize_dyndist.sampen2_015fexpr2,844
2985,EN_Randomize_dyndist_sampen2_015fexprmse,"entropy,slow",EN_Randomize_dyndist.sampen2_015fexprmse,844
2986,EN_Randomize_dyndist_sampen2_015diff,"entropy,slow",EN_Randomize_dyndist.sampen2_015diff,844
2987,EN_Randomize_dyndist_sampen2_015hp,"entropy,slow",EN_Randomize_dyndist.sampen2_015hp,844
2988,EN_Randomize_dyndist_statav5fexpa,"entropy,slow,stationarity",EN_Randomize_dyndist.statav5fexpa,844
2989,EN_Randomize_dyndist_statav5fexpb,"entropy,slow,stationarity",EN_Randomize_dyndist.statav5fexpb,844
2990,EN_Randomize_dyndist_statav5fexpc,"entropy,slow,stationarity",EN_Randomize_dyndist.statav5fexpc,844
2991,EN_Randomize_dyndist_statav5fexpr2,"entropy,slow,stationarity",EN_Randomize_dyndist.statav5fexpr2,844
2992,EN_Randomize_dyndist_statav5fexprmse,"entropy,slow,stationarity",EN_Randomize_dyndist.statav5fexprmse,844
2993,EN_Randomize_dyndist_statav5diff,"entropy,slow,stationarity",EN_Randomize_dyndist.statav5diff,844
2994,EN_Randomize_dyndist_statav5hp,"entropy,slow,stationarity",EN_Randomize_dyndist.statav5hp,844
2995,EN_Randomize_dyndist_swss5_1fexpa,"entropy,slow,stationarity",EN_Randomize_dyndist.swss5_1fexpa,844
2996,EN_Randomize_dyndist_swss5_1fexpb,"entropy,slow,stationarity",EN_Randomize_dyndist.swss5_1fexpb,844
2997,EN_Randomize_dyndist_swss5_1fexpc,"entropy,slow,stationarity",EN_Randomize_dyndist.swss5_1fexpc,844
2998,EN_Randomize_dyndist_swss5_1fexpr2,"entropy,slow,stationarity",EN_Randomize_dyndist.swss5_1fexpr2,844
2999,EN_Randomize_dyndist_swss5_1fexprmse,"entropy,slow,stationarity",EN_Randomize_dyndist.swss5_1fexprmse,844
3000,EN_Randomize_dyndist_swss5_1diff,"entropy,slow,stationarity",EN_Randomize_dyndist.swss5_1diff,844
3001,EN_Randomize_dyndist_swss5_1hp,"entropy,slow,stationarity",EN_Randomize_dyndist.swss5_1hp,844
3002,EN_Randomize_permute_xcn1fexpa,"entropy,slow",EN_Randomize_permute.xcn1fexpa,845
3003,EN_Randomize_permute_xcn1fexpb,"entropy,slow",EN_Randomize_permute.xcn1fexpb,845
3004,EN_Randomize_permute_xcn1fexpr2,"entropy,slow",EN_Randomize_permute.xcn1fexpr2,845
3005,EN_Randomize_permute_xcn1fexprmse,"entropy,slow",EN_Randomize_permute.xcn1fexprmse,845
3006,EN_Randomize_permute_xcn1diff,"entropy,slow",EN_Randomize_permute.xcn1diff,845
3007,EN_Randomize_permute_xcn1hp,"entropy,slow",EN_Randomize_permute.xcn1hp,845
3008,EN_Randomize_permute_xc1fexpa,"entropy,slow",EN_Randomize_permute.xc1fexpa,845
3009,EN_Randomize_permute_xc1fexpb,"entropy,slow",EN_Randomize_permute.xc1fexpb,845
3010,EN_Randomize_permute_xc1fexpr2,"entropy,slow",EN_Randomize_permute.xc1fexpr2,845
3011,EN_Randomize_permute_xc1fexprmse,"entropy,slow",EN_Randomize_permute.xc1fexprmse,845
3012,EN_Randomize_permute_xc1diff,"entropy,slow",EN_Randomize_permute.xc1diff,845
3013,EN_Randomize_permute_xc1hp,"entropy,slow",EN_Randomize_permute.xc1hp,845
3014,EN_Randomize_permute_d1fexpa,"entropy,slow,lengthDependent",EN_Randomize_permute.d1fexpa,845
3015,EN_Randomize_permute_d1fexpb,"entropy,slow",EN_Randomize_permute.d1fexpb,845
3016,EN_Randomize_permute_d1fexpc,"entropy,slow,lengthDependent",EN_Randomize_permute.d1fexpc,845
3017,EN_Randomize_permute_d1fexpr2,"entropy,slow",EN_Randomize_permute.d1fexpr2,845
3018,EN_Randomize_permute_d1fexprmse,"entropy,slow,lengthDependent",EN_Randomize_permute.d1fexprmse,845
3019,EN_Randomize_permute_d1hp,"entropy,slow",EN_Randomize_permute.d1hp,845
3020,EN_Randomize_permute_ac1fexpa,"entropy,slow",EN_Randomize_permute.ac1fexpa,845
3021,EN_Randomize_permute_ac1fexpb,"entropy,slow",EN_Randomize_permute.ac1fexpb,845
3022,EN_Randomize_permute_ac1fexpr2,"entropy,slow",EN_Randomize_permute.ac1fexpr2,845
3023,EN_Randomize_permute_ac1fexprmse,"entropy,slow",EN_Randomize_permute.ac1fexprmse,845
3024,EN_Randomize_permute_ac1diff,"entropy,slow",EN_Randomize_permute.ac1diff,845
3025,EN_Randomize_permute_ac1hp,"entropy,slow",EN_Randomize_permute.ac1hp,845
3026,EN_Randomize_permute_ac2fexpa,"entropy,slow",EN_Randomize_permute.ac2fexpa,845
3027,EN_Randomize_permute_ac2fexpb,"entropy,slow",EN_Randomize_permute.ac2fexpb,845
3028,EN_Randomize_permute_ac2fexpr2,"entropy,slow",EN_Randomize_permute.ac2fexpr2,845
3029,EN_Randomize_permute_ac2fexprmse,"entropy,slow",EN_Randomize_permute.ac2fexprmse,845
3030,EN_Randomize_permute_ac2diff,"entropy,slow",EN_Randomize_permute.ac2diff,845
3031,EN_Randomize_permute_ac2hp,"entropy,slow",EN_Randomize_permute.ac2hp,845
3032,EN_Randomize_permute_ac3fexpa,"entropy,slow",EN_Randomize_permute.ac3fexpa,845
3033,EN_Randomize_permute_ac3fexpb,"entropy,slow",EN_Randomize_permute.ac3fexpb,845
3034,EN_Randomize_permute_ac3fexpr2,"entropy,slow",EN_Randomize_permute.ac3fexpr2,845
3035,EN_Randomize_permute_ac3fexprmse,"entropy,slow",EN_Randomize_permute.ac3fexprmse,845
3036,EN_Randomize_permute_ac3diff,"entropy,slow",EN_Randomize_permute.ac3diff,845
3037,EN_Randomize_permute_ac3hp,"entropy,slow",EN_Randomize_permute.ac3hp,845
3038,EN_Randomize_permute_ac4fexpa,"entropy,slow",EN_Randomize_permute.ac4fexpa,845
3039,EN_Randomize_permute_ac4fexpb,"entropy,slow",EN_Randomize_permute.ac4fexpb,845
3040,EN_Randomize_permute_ac4fexpr2,"entropy,slow",EN_Randomize_permute.ac4fexpr2,845
3041,EN_Randomize_permute_ac4fexprmse,"entropy,slow",EN_Randomize_permute.ac4fexprmse,845
3042,EN_Randomize_permute_ac4diff,"entropy,slow",EN_Randomize_permute.ac4diff,845
3043,EN_Randomize_permute_ac4hp,"entropy,slow",EN_Randomize_permute.ac4hp,845
3044,EN_Randomize_permute_sampen2_015fexpa,"entropy,slow",EN_Randomize_permute.sampen2_015fexpa,845
3045,EN_Randomize_permute_sampen2_015fexpb,"entropy,slow",EN_Randomize_permute.sampen2_015fexpb,845
3046,EN_Randomize_permute_sampen2_015fexpc,"entropy,slow",EN_Randomize_permute.sampen2_015fexpc,845
3047,EN_Randomize_permute_sampen2_015fexpr2,"entropy,slow",EN_Randomize_permute.sampen2_015fexpr2,845
3048,EN_Randomize_permute_sampen2_015fexprmse,"entropy,slow",EN_Randomize_permute.sampen2_015fexprmse,845
3049,EN_Randomize_permute_sampen2_015diff,"entropy,slow",EN_Randomize_permute.sampen2_015diff,845
3050,EN_Randomize_permute_sampen2_015hp,"entropy,slow",EN_Randomize_permute.sampen2_015hp,845
3051,EN_Randomize_permute_statav5fexpa,"entropy,slow,stationarity",EN_Randomize_permute.statav5fexpa,845
3052,EN_Randomize_permute_statav5fexpb,"entropy,slow,stationarity",EN_Randomize_permute.statav5fexpb,845
3053,EN_Randomize_permute_statav5fexpc,"entropy,slow,stationarity",EN_Randomize_permute.statav5fexpc,845
3054,EN_Randomize_permute_statav5fexpr2,"entropy,slow,stationarity",EN_Randomize_permute.statav5fexpr2,845
3055,EN_Randomize_permute_statav5fexprmse,"entropy,slow,stationarity",EN_Randomize_permute.statav5fexprmse,845
3056,EN_Randomize_permute_statav5diff,"entropy,slow,stationarity",EN_Randomize_permute.statav5diff,845
3057,EN_Randomize_permute_statav5hp,"entropy,slow,stationarity",EN_Randomize_permute.statav5hp,845
3058,EN_Randomize_permute_swss5_1fexpa,"entropy,slow,stationarity",EN_Randomize_permute.swss5_1fexpa,845
3059,EN_Randomize_permute_swss5_1fexpb,"entropy,slow,stationarity",EN_Randomize_permute.swss5_1fexpb,845
3060,EN_Randomize_permute_swss5_1fexpc,"entropy,slow,stationarity",EN_Randomize_permute.swss5_1fexpc,845
3061,EN_Randomize_permute_swss5_1fexpr2,"entropy,slow,stationarity",EN_Randomize_permute.swss5_1fexpr2,845
3062,EN_Randomize_permute_swss5_1fexprmse,"entropy,slow,stationarity",EN_Randomize_permute.swss5_1fexprmse,845
3063,EN_Randomize_permute_swss5_1diff,"entropy,slow,stationarity",EN_Randomize_permute.swss5_1diff,845
3064,EN_Randomize_permute_swss5_1hp,"entropy,slow,stationarity",EN_Randomize_permute.swss5_1hp,845
3065,FC_LocalSimple_mean1_meanerr,"forecasting",FC_LocalSimple_mean1.meanerr,846
3066,FC_LocalSimple_mean1_meanabserr,"forecasting",FC_LocalSimple_mean1.meanabserr,846
3067,FC_LocalSimple_mean1_sws,"forecasting",FC_LocalSimple_mean1.sws,846
3068,FC_LocalSimple_mean1_swm,"forecasting",FC_LocalSimple_mean1.swm,846
3069,FC_LocalSimple_mean1_gofr2,"forecasting",FC_LocalSimple_mean1.gofr2,846
3070,FC_LocalSimple_mean1_ac1,"forecasting",FC_LocalSimple_mean1.ac1,846
3071,FC_LocalSimple_mean1_ac2,"forecasting",FC_LocalSimple_mean1.ac2,846
3072,FC_LocalSimple_mean1_taures,"forecasting",FC_LocalSimple_mean1.taures,846
3073,FC_LocalSimple_mean1_tauresrat,"forecasting",FC_LocalSimple_mean1.tauresrat,846
3074,FC_LocalSimple_mean2_meanerr,"forecasting",FC_LocalSimple_mean2.meanerr,847
3075,FC_LocalSimple_mean2_meanabserr,"forecasting",FC_LocalSimple_mean2.meanabserr,847
3076,FC_LocalSimple_mean2_stderr,"forecasting",FC_LocalSimple_mean2.stderr,847
3077,FC_LocalSimple_mean2_sws,"forecasting",FC_LocalSimple_mean2.sws,847
3078,FC_LocalSimple_mean2_swm,"forecasting",FC_LocalSimple_mean2.swm,847
3079,FC_LocalSimple_mean2_gofr2,"forecasting",FC_LocalSimple_mean2.gofr2,847
3080,FC_LocalSimple_mean2_ac1,"forecasting",FC_LocalSimple_mean2.ac1,847
3081,FC_LocalSimple_mean2_ac2,"forecasting",FC_LocalSimple_mean2.ac2,847
3082,FC_LocalSimple_mean2_taures,"forecasting",FC_LocalSimple_mean2.taures,847
3083,FC_LocalSimple_mean2_tauresrat,"forecasting",FC_LocalSimple_mean2.tauresrat,847
3084,FC_LocalSimple_mean3_meanerr,"forecasting",FC_LocalSimple_mean3.meanerr,848
3085,FC_LocalSimple_mean3_meanabserr,"forecasting",FC_LocalSimple_mean3.meanabserr,848
3086,FC_LocalSimple_mean3_stderr,"forecasting",FC_LocalSimple_mean3.stderr,848
3087,FC_LocalSimple_mean3_sws,"forecasting",FC_LocalSimple_mean3.sws,848
3088,FC_LocalSimple_mean3_swm,"forecasting",FC_LocalSimple_mean3.swm,848
3089,FC_LocalSimple_mean3_gofr2,"forecasting",FC_LocalSimple_mean3.gofr2,848
3090,FC_LocalSimple_mean3_ac1,"forecasting",FC_LocalSimple_mean3.ac1,848
3091,FC_LocalSimple_mean3_ac2,"forecasting",FC_LocalSimple_mean3.ac2,848
3092,FC_LocalSimple_mean3_taures,"forecasting",FC_LocalSimple_mean3.taures,848
3093,FC_LocalSimple_mean3_tauresrat,"forecasting",FC_LocalSimple_mean3.tauresrat,848
3094,FC_LocalSimple_mean4_meanerr,"forecasting",FC_LocalSimple_mean4.meanerr,849
3095,FC_LocalSimple_mean4_meanabserr,"forecasting",FC_LocalSimple_mean4.meanabserr,849
3096,FC_LocalSimple_mean4_stderr,"forecasting",FC_LocalSimple_mean4.stderr,849
3097,FC_LocalSimple_mean4_sws,"forecasting",FC_LocalSimple_mean4.sws,849
3098,FC_LocalSimple_mean4_swm,"forecasting",FC_LocalSimple_mean4.swm,849
3099,FC_LocalSimple_mean4_gofr2,"forecasting",FC_LocalSimple_mean4.gofr2,849
3100,FC_LocalSimple_mean4_ac1,"forecasting",FC_LocalSimple_mean4.ac1,849
3101,FC_LocalSimple_mean4_ac2,"forecasting",FC_LocalSimple_mean4.ac2,849
3102,FC_LocalSimple_mean4_taures,"forecasting",FC_LocalSimple_mean4.taures,849
3103,FC_LocalSimple_mean4_tauresrat,"forecasting",FC_LocalSimple_mean4.tauresrat,849
3104,FC_LocalSimple_meantau_meanerr,"forecasting",FC_LocalSimple_meantau.meanerr,850
3105,FC_LocalSimple_meantau_meanabserr,"forecasting",FC_LocalSimple_meantau.meanabserr,850
3106,FC_LocalSimple_meantau_stderr,"forecasting",FC_LocalSimple_meantau.stderr,850
3107,FC_LocalSimple_meantau_sws,"forecasting",FC_LocalSimple_meantau.sws,850
3108,FC_LocalSimple_meantau_swm,"forecasting",FC_LocalSimple_meantau.swm,850
3109,FC_LocalSimple_meantau_gofr2,"forecasting",FC_LocalSimple_meantau.gofr2,850
3110,FC_LocalSimple_meantau_ac1,"forecasting",FC_LocalSimple_meantau.ac1,850
3111,FC_LocalSimple_meantau_ac2,"forecasting",FC_LocalSimple_meantau.ac2,850
3112,FC_LocalSimple_meantau_taures,"forecasting",FC_LocalSimple_meantau.taures,850
3113,FC_LocalSimple_meantau_tauresrat,"forecasting",FC_LocalSimple_meantau.tauresrat,850
3114,FC_LoopLocalSimple_mean_stderr_chn,"forecasting",FC_LoopLocalSimple_mean.stderr_chn,851
3115,FC_LoopLocalSimple_mean_stderr_meansgndiff,"forecasting",FC_LoopLocalSimple_mean.stderr_meansgndiff,851
3116,FC_LoopLocalSimple_mean_stderr_peakpos,"forecasting",FC_LoopLocalSimple_mean.stderr_peakpos,851
3117,FC_LoopLocalSimple_mean_stderr_peaksize,"forecasting",FC_LoopLocalSimple_mean.stderr_peaksize,851
3118,FC_LoopLocalSimple_mean_sws_chn,"forecasting",FC_LoopLocalSimple_mean.sws_chn,851
3119,FC_LoopLocalSimple_mean_sws_meansgndiff,"forecasting",FC_LoopLocalSimple_mean.sws_meansgndiff,851
3120,FC_LoopLocalSimple_mean_sws_stdn,"forecasting",FC_LoopLocalSimple_mean.sws_stdn,851
3121,FC_LoopLocalSimple_mean_sws_fexp_a,"forecasting",FC_LoopLocalSimple_mean.sws_fexp_a,851
3122,FC_LoopLocalSimple_mean_sws_fexp_b,"forecasting",FC_LoopLocalSimple_mean.sws_fexp_b,851
3123,FC_LoopLocalSimple_mean_sws_fexp_c,"forecasting",FC_LoopLocalSimple_mean.sws_fexp_c,851
3124,FC_LoopLocalSimple_mean_sws_fexp_adjr2,"forecasting",FC_LoopLocalSimple_mean.sws_fexp_adjr2,851
3125,FC_LoopLocalSimple_mean_sws_fexp_rmse,"forecasting",FC_LoopLocalSimple_mean.sws_fexp_rmse,851
3126,FC_LoopLocalSimple_mean_swm_chn,"forecasting",FC_LoopLocalSimple_mean.swm_chn,851
3127,FC_LoopLocalSimple_mean_swm_meansgndiff,"forecasting",FC_LoopLocalSimple_mean.swm_meansgndiff,851
3128,FC_LoopLocalSimple_mean_swm_stdn,"forecasting",FC_LoopLocalSimple_mean.swm_stdn,851
3129,FC_LoopLocalSimple_mean_ac1_chn,"forecasting",FC_LoopLocalSimple_mean.ac1_chn,851
3130,FC_LoopLocalSimple_mean_ac1_meansgndiff,"forecasting",FC_LoopLocalSimple_mean.ac1_meansgndiff,851
3131,FC_LoopLocalSimple_mean_ac1_stdn,"forecasting",FC_LoopLocalSimple_mean.ac1_stdn,851
3132,FC_LoopLocalSimple_mean_ac2_chn,"forecasting",FC_LoopLocalSimple_mean.ac2_chn,851
3133,FC_LoopLocalSimple_mean_ac2_meansgndiff,"forecasting",FC_LoopLocalSimple_mean.ac2_meansgndiff,851
3134,FC_LoopLocalSimple_mean_ac2_stdn,"forecasting",FC_LoopLocalSimple_mean.ac2_stdn,851
3135,FC_LocalSimple_median3_meanerr,"forecasting",FC_LocalSimple_median3.meanerr,852
3136,FC_LocalSimple_median3_meanabserr,"forecasting",FC_LocalSimple_median3.meanabserr,852
3137,FC_LocalSimple_median3_stderr,"forecasting",FC_LocalSimple_median3.stderr,852
3138,FC_LocalSimple_median3_sws,"forecasting",FC_LocalSimple_median3.sws,852
3139,FC_LocalSimple_median3_swm,"forecasting",FC_LocalSimple_median3.swm,852
3140,FC_LocalSimple_median3_gofr2,"forecasting",FC_LocalSimple_median3.gofr2,852
3141,FC_LocalSimple_median3_ac1,"forecasting",FC_LocalSimple_median3.ac1,852
3142,FC_LocalSimple_median3_ac2,"forecasting",FC_LocalSimple_median3.ac2,852
3143,FC_LocalSimple_median3_taures,"forecasting",FC_LocalSimple_median3.taures,852
3144,FC_LocalSimple_median3_tauresrat,"forecasting",FC_LocalSimple_median3.tauresrat,852
3145,FC_LocalSimple_median5_meanerr,"forecasting",FC_LocalSimple_median5.meanerr,853
3146,FC_LocalSimple_median5_meanabserr,"forecasting",FC_LocalSimple_median5.meanabserr,853
3147,FC_LocalSimple_median5_stderr,"forecasting",FC_LocalSimple_median5.stderr,853
3148,FC_LocalSimple_median5_sws,"forecasting",FC_LocalSimple_median5.sws,853
3149,FC_LocalSimple_median5_swm,"forecasting",FC_LocalSimple_median5.swm,853
3150,FC_LocalSimple_median5_gofr2,"forecasting",FC_LocalSimple_median5.gofr2,853
3151,FC_LocalSimple_median5_ac1,"forecasting",FC_LocalSimple_median5.ac1,853
3152,FC_LocalSimple_median5_ac2,"forecasting",FC_LocalSimple_median5.ac2,853
3153,FC_LocalSimple_median5_taures,"forecasting",FC_LocalSimple_median5.taures,853
3154,FC_LocalSimple_median5_tauresrat,"forecasting",FC_LocalSimple_median5.tauresrat,853
3155,FC_LocalSimple_median7_meanerr,"forecasting",FC_LocalSimple_median7.meanerr,854
3156,FC_LocalSimple_median7_meanabserr,"forecasting",FC_LocalSimple_median7.meanabserr,854
3157,FC_LocalSimple_median7_stderr,"forecasting",FC_LocalSimple_median7.stderr,854
3158,FC_LocalSimple_median7_sws,"forecasting",FC_LocalSimple_median7.sws,854
3159,FC_LocalSimple_median7_swm,"forecasting",FC_LocalSimple_median7.swm,854
3160,FC_LocalSimple_median7_gofr2,"forecasting",FC_LocalSimple_median7.gofr2,854
3161,FC_LocalSimple_median7_ac1,"forecasting",FC_LocalSimple_median7.ac1,854
3162,FC_LocalSimple_median7_ac2,"forecasting",FC_LocalSimple_median7.ac2,854
3163,FC_LocalSimple_median7_taures,"forecasting",FC_LocalSimple_median7.taures,854
3164,FC_LocalSimple_median7_tauresrat,"forecasting",FC_LocalSimple_median7.tauresrat,854
3165,FC_LocalSimple_lfit2_meanerr,"forecasting",FC_LocalSimple_lfit2.meanerr,855
3166,FC_LocalSimple_lfit2_meanabserr,"forecasting",FC_LocalSimple_lfit2.meanabserr,855
3167,FC_LocalSimple_lfit2_sws,"forecasting",FC_LocalSimple_lfit2.sws,855
3168,FC_LocalSimple_lfit2_swm,"forecasting",FC_LocalSimple_lfit2.swm,855
3169,FC_LocalSimple_lfit2_gofr2,"forecasting",FC_LocalSimple_lfit2.gofr2,855
3170,FC_LocalSimple_lfit2_ac1,"forecasting",FC_LocalSimple_lfit2.ac1,855
3171,FC_LocalSimple_lfit2_ac2,"forecasting",FC_LocalSimple_lfit2.ac2,855
3172,FC_LocalSimple_lfit2_taures,"forecasting",FC_LocalSimple_lfit2.taures,855
3173,FC_LocalSimple_lfit2_tauresrat,"forecasting",FC_LocalSimple_lfit2.tauresrat,855
3174,FC_LocalSimple_lfit3_meanerr,"forecasting",FC_LocalSimple_lfit3.meanerr,856
3175,FC_LocalSimple_lfit3_meanabserr,"forecasting",FC_LocalSimple_lfit3.meanabserr,856
3176,FC_LocalSimple_lfit3_stderr,"forecasting",FC_LocalSimple_lfit3.stderr,856
3177,FC_LocalSimple_lfit3_sws,"forecasting",FC_LocalSimple_lfit3.sws,856
3178,FC_LocalSimple_lfit3_swm,"forecasting",FC_LocalSimple_lfit3.swm,856
3179,FC_LocalSimple_lfit3_gofr2,"forecasting",FC_LocalSimple_lfit3.gofr2,856
3180,FC_LocalSimple_lfit3_ac1,"forecasting",FC_LocalSimple_lfit3.ac1,856
3181,FC_LocalSimple_lfit3_ac2,"forecasting",FC_LocalSimple_lfit3.ac2,856
3182,FC_LocalSimple_lfit3_taures,"forecasting",FC_LocalSimple_lfit3.taures,856
3183,FC_LocalSimple_lfit3_tauresrat,"forecasting",FC_LocalSimple_lfit3.tauresrat,856
3184,FC_LocalSimple_lfit4_meanerr,"forecasting",FC_LocalSimple_lfit4.meanerr,857
3185,FC_LocalSimple_lfit4_meanabserr,"forecasting",FC_LocalSimple_lfit4.meanabserr,857
3186,FC_LocalSimple_lfit4_stderr,"forecasting",FC_LocalSimple_lfit4.stderr,857
3187,FC_LocalSimple_lfit4_sws,"forecasting",FC_LocalSimple_lfit4.sws,857
3188,FC_LocalSimple_lfit4_swm,"forecasting",FC_LocalSimple_lfit4.swm,857
3189,FC_LocalSimple_lfit4_gofr2,"forecasting",FC_LocalSimple_lfit4.gofr2,857
3190,FC_LocalSimple_lfit4_ac1,"forecasting",FC_LocalSimple_lfit4.ac1,857
3191,FC_LocalSimple_lfit4_ac2,"forecasting",FC_LocalSimple_lfit4.ac2,857
3192,FC_LocalSimple_lfit4_taures,"forecasting",FC_LocalSimple_lfit4.taures,857
3193,FC_LocalSimple_lfit4_tauresrat,"forecasting",FC_LocalSimple_lfit4.tauresrat,857
3194,FC_LocalSimple_lfit5_meanerr,"forecasting",FC_LocalSimple_lfit5.meanerr,858
3195,FC_LocalSimple_lfit5_meanabserr,"forecasting",FC_LocalSimple_lfit5.meanabserr,858
3196,FC_LocalSimple_lfit5_stderr,"forecasting",FC_LocalSimple_lfit5.stderr,858
3197,FC_LocalSimple_lfit5_sws,"forecasting",FC_LocalSimple_lfit5.sws,858
3198,FC_LocalSimple_lfit5_swm,"forecasting",FC_LocalSimple_lfit5.swm,858
3199,FC_LocalSimple_lfit5_gofr2,"forecasting",FC_LocalSimple_lfit5.gofr2,858
3200,FC_LocalSimple_lfit5_ac1,"forecasting",FC_LocalSimple_lfit5.ac1,858
3201,FC_LocalSimple_lfit5_ac2,"forecasting",FC_LocalSimple_lfit5.ac2,858
3202,FC_LocalSimple_lfit5_taures,"forecasting",FC_LocalSimple_lfit5.taures,858
3203,FC_LocalSimple_lfit5_tauresrat,"forecasting",FC_LocalSimple_lfit5.tauresrat,858
3204,FC_LocalSimple_lfittau_meanerr,"forecasting",FC_LocalSimple_lfittau.meanerr,859
3205,FC_LocalSimple_lfittau_meanabserr,"forecasting",FC_LocalSimple_lfittau.meanabserr,859
3206,FC_LocalSimple_lfittau_stderr,"forecasting",FC_LocalSimple_lfittau.stderr,859
3207,FC_LocalSimple_lfittau_sws,"forecasting",FC_LocalSimple_lfittau.sws,859
3208,FC_LocalSimple_lfittau_swm,"forecasting",FC_LocalSimple_lfittau.swm,859
3209,FC_LocalSimple_lfittau_gofr2,"forecasting",FC_LocalSimple_lfittau.gofr2,859
3210,FC_LocalSimple_lfittau_ac1,"forecasting",FC_LocalSimple_lfittau.ac1,859
3211,FC_LocalSimple_lfittau_ac2,"forecasting",FC_LocalSimple_lfittau.ac2,859
3212,FC_LocalSimple_lfittau_taures,"forecasting",FC_LocalSimple_lfittau.taures,859
3213,FC_LocalSimple_lfittau_tauresrat,"forecasting",FC_LocalSimple_lfittau.tauresrat,859
3214,DN_SimpleFit_gauss1_r2_ks,"distribution,gof,gauss1",DN_SimpleFit_gauss1_ks.r2,860
3215,DN_SimpleFit_gauss1_rmse_ks,"distribution,gof,gauss1",DN_SimpleFit_gauss1_ks.rmse,860
3216,DN_SimpleFit_gauss1_AC1_ks,"distribution,gof,gauss1",DN_SimpleFit_gauss1_ks.resAC1,860
3217,DN_SimpleFit_gauss1_AC2_ks,"distribution,gof,gauss1",DN_SimpleFit_gauss1_ks.resAC2,860
3218,DN_SimpleFit_gauss1_resruns_ks,"distribution,gof,gauss1",DN_SimpleFit_gauss1_ks.resruns,860
3219,DN_SimpleFit_gauss1_r2_hsqrt,"distribution,gof,gauss1",DN_SimpleFit_gauss1_hsqrt.r2,861
3220,DN_SimpleFit_gauss1_rmse_hsqrt,"distribution,gof,gauss1",DN_SimpleFit_gauss1_hsqrt.rmse,861
3221,DN_SimpleFit_gauss1_AC1_hsqrt,"distribution,gof,gauss1",DN_SimpleFit_gauss1_hsqrt.resAC1,861
3222,DN_SimpleFit_gauss1_AC2_hsqrt,"distribution,gof,gauss1",DN_SimpleFit_gauss1_hsqrt.resAC2,861
3223,DN_SimpleFit_gauss1_resruns_hsqrt,"distribution,gof,gauss1",DN_SimpleFit_gauss1_hsqrt.resruns,861
3224,DN_SimpleFit_gauss2_r2_ks,"distribution,gof,gauss2",DN_SimpleFit_gauss2_ks.r2,862
3225,DN_SimpleFit_gauss2_rmse_ks,"distribution,gof,gauss2",DN_SimpleFit_gauss2_ks.rmse,862
3226,DN_SimpleFit_gauss2_AC1_ks,"distribution,gof,gauss2",DN_SimpleFit_gauss2_ks.resAC1,862
3227,DN_SimpleFit_gauss2_AC2_ks,"distribution,gof,gauss2",DN_SimpleFit_gauss2_ks.resAC2,862
3228,DN_SimpleFit_gauss2_resruns_ks,"distribution,gof,gauss2",DN_SimpleFit_gauss2_ks.resruns,862
3229,DN_SimpleFit_gauss2_r2_hsqrt,"distribution,gof,gauss2",DN_SimpleFit_gauss2_hsqrt.r2,863
3230,DN_SimpleFit_gauss2_rmse_hsqrt,"distribution,gof,gauss2",DN_SimpleFit_gauss2_hsqrt.rmse,863
3231,DN_SimpleFit_gauss2_AC1_hsqrt,"distribution,gof,gauss2",DN_SimpleFit_gauss2_hsqrt.resAC1,863
3232,DN_SimpleFit_gauss2_AC2_hsqrt,"distribution,gof,gauss2",DN_SimpleFit_gauss2_hsqrt.resAC2,863
3233,DN_SimpleFit_gauss2_resruns_hsqrt,"distribution,gof,gauss2",DN_SimpleFit_gauss2_hsqrt.resruns,863
3234,DN_SimpleFit_exp1_r2_ks,"distribution,gof,exp1",DN_SimpleFit_exp1_ks.r2,864
3235,DN_SimpleFit_exp1_rmse_ks,"distribution,gof,exp1",DN_SimpleFit_exp1_ks.rmse,864
3236,DN_SimpleFit_exp1_AC1_ks,"distribution,gof,exp1",DN_SimpleFit_exp1_ks.resAC1,864
3237,DN_SimpleFit_exp1_AC2_ks,"distribution,gof,exp1",DN_SimpleFit_exp1_ks.resAC2,864
3238,DN_SimpleFit_exp1_resruns_ks,"distribution,gof,exp1",DN_SimpleFit_exp1_ks.resruns,864
3239,DN_SimpleFit_exp1_r2_hsqrt,"distribution,gof,exp1",DN_SimpleFit_exp1_hsqrt.r2,865
3240,DN_SimpleFit_exp1_rmse_hsqrt,"distribution,gof,exp1",DN_SimpleFit_exp1_hsqrt.rmse,865
3241,DN_SimpleFit_exp1_AC1_hsqrt,"distribution,gof,exp1",DN_SimpleFit_exp1_hsqrt.resAC1,865
3242,DN_SimpleFit_exp1_AC2_hsqrt,"distribution,gof,exp1",DN_SimpleFit_exp1_hsqrt.resAC2,865
3243,DN_SimpleFit_exp1_resruns_hsqrt,"distribution,gof,exp1",DN_SimpleFit_exp1_hsqrt.resruns,865
3244,DN_SimpleFit_power1_r2_hsqrt,"distribution,gof,raw,posOnly",DN_SimpleFit_power1_hsqrt.r2,866
3245,DN_SimpleFit_power1_rmse_hsqrt,"distribution,gof,raw,posOnly",DN_SimpleFit_power1_hsqrt.rmse,866
3246,DN_SimpleFit_power1_AC1_hsqrt,"distribution,gof,raw,posOnly",DN_SimpleFit_power1_hsqrt.resAC1,866
3247,DN_SimpleFit_power1_AC2_hsqrt,"distribution,gof,raw,posOnly",DN_SimpleFit_power1_hsqrt.resAC2,866
3248,DN_SimpleFit_power1_resruns_hsqrt,"distribution,gof,raw,posOnly",DN_SimpleFit_power1_hsqrt.resruns,866
3249,DN_CompareKSFit_norm_adiff,"distribution,ksdensity,raw",DN_CompareKSFit_norm.adiff,867
3250,DN_CompareKSFit_norm_psy,"distribution,ksdensity,raw",DN_CompareKSFit_norm.peaksepy,867
3251,DN_CompareKSFit_norm_psx,"distribution,ksdensity,raw",DN_CompareKSFit_norm.peaksepx,867
3252,DN_CompareKSFit_norm_olapint,"distribution,ksdensity,raw",DN_CompareKSFit_norm.olapint,867
3253,DN_CompareKSFit_norm_relent,"distribution,ksdensity,raw",DN_CompareKSFit_norm.relent,867
3254,DN_CompareKSFit_ev_adiff,"distribution,ksdensity,raw,locationDependent",DN_CompareKSFit_ev.adiff,868
3255,DN_CompareKSFit_ev_psy,"distribution,ksdensity,raw,locationDependent",DN_CompareKSFit_ev.peaksepy,868
3256,DN_CompareKSFit_ev_psx,"distribution,ksdensity,raw,locationDependent",DN_CompareKSFit_ev.peaksepx,868
3257,DN_CompareKSFit_ev_olapint,"distribution,ksdensity,raw,locationDependent",DN_CompareKSFit_ev.olapint,868
3258,DN_CompareKSFit_ev_relent,"distribution,ksdensity,raw,locationDependent",DN_CompareKSFit_ev.relent,868
3259,DN_CompareKSFit_uni_adiff,"distribution,ksdensity,raw,locationDependent",DN_CompareKSFit_uni.adiff,869
3260,DN_CompareKSFit_uni_psy,"distribution,ksdensity,raw,locationDependent",DN_CompareKSFit_uni.peaksepy,869
3261,DN_CompareKSFit_uni_psx,"distribution,ksdensity,raw,locationDependent",DN_CompareKSFit_uni.peaksepx,869
3262,DN_CompareKSFit_uni_olapint,"distribution,ksdensity,raw,locationDependent",DN_CompareKSFit_uni.olapint,869
3263,DN_CompareKSFit_uni_relent,"distribution,ksdensity,raw,locationDependent",DN_CompareKSFit_uni.relent,869
3264,DN_CompareKSFit_beta_adiff,"distribution,ksdensity,raw",DN_CompareKSFit_beta.adiff,870
3265,DN_CompareKSFit_beta_psy,"distribution,ksdensity,raw",DN_CompareKSFit_beta.peaksepy,870
3266,DN_CompareKSFit_beta_psx,"distribution,ksdensity,raw",DN_CompareKSFit_beta.peaksepx,870
3267,DN_CompareKSFit_beta_olapint,"distribution,ksdensity,raw",DN_CompareKSFit_beta.olapint,870
3268,DN_CompareKSFit_beta_relent,"distribution,ksdensity,raw",DN_CompareKSFit_beta.relent,870
3269,DN_CompareKSFit_rayleigh_adiff,"distribution,ksdensity,raw,locationDependent,posOnly",DN_CompareKSFit_rayleigh.adiff,871
3270,DN_CompareKSFit_rayleigh_psy,"distribution,ksdensity,raw,locationDependent,posOnly",DN_CompareKSFit_rayleigh.peaksepy,871
3271,DN_CompareKSFit_rayleigh_psx,"distribution,ksdensity,raw,locationDependent,posOnly",DN_CompareKSFit_rayleigh.peaksepx,871
3272,DN_CompareKSFit_rayleigh_olapint,"distribution,ksdensity,raw,locationDependent,posOnly",DN_CompareKSFit_rayleigh.olapint,871
3273,DN_CompareKSFit_rayleigh_relent,"distribution,ksdensity,raw,locationDependent,posOnly",DN_CompareKSFit_rayleigh.relent,871
3274,DN_CompareKSFit_exp_adiff,"distribution,ksdensity,raw,locationDependent,spreadDependent,posOnly",DN_CompareKSFit_exp.adiff,872
3275,DN_CompareKSFit_exp_psy,"distribution,ksdensity,raw,locationDependent,posOnly",DN_CompareKSFit_exp.peaksepy,872
3276,DN_CompareKSFit_exp_psx,"distribution,ksdensity,raw,locationDependent,posOnly",DN_CompareKSFit_exp.peaksepx,872
3277,DN_CompareKSFit_exp_olapint,"distribution,ksdensity,raw,locationDependent,posOnly",DN_CompareKSFit_exp.olapint,872
3278,DN_CompareKSFit_exp_relent,"distribution,ksdensity,raw,posOnly",DN_CompareKSFit_exp.relent,872
3279,DN_CompareKSFit_gamma_adiff,"distribution,ksdensity,raw,locationDependent,posOnly",DN_CompareKSFit_gamma.adiff,873
3280,DN_CompareKSFit_gamma_psy,"distribution,ksdensity,raw,posOnly",DN_CompareKSFit_gamma.peaksepy,873
3281,DN_CompareKSFit_gamma_psx,"distribution,ksdensity,raw,posOnly",DN_CompareKSFit_gamma.peaksepx,873
3282,DN_CompareKSFit_gamma_olapint,"distribution,ksdensity,raw,posOnly",DN_CompareKSFit_gamma.olapint,873
3283,DN_CompareKSFit_gamma_relent,"distribution,ksdensity,raw,posOnly",DN_CompareKSFit_gamma.relent,873
3284,DN_CompareKSFit_logn_adiff,"distribution,ksdensity,raw,locationDependent,posOnly",DN_CompareKSFit_logn.adiff,874
3285,DN_CompareKSFit_logn_psy,"distribution,ksdensity,raw,posOnly",DN_CompareKSFit_logn.peaksepy,874
3286,DN_CompareKSFit_logn_psx,"distribution,ksdensity,raw,posOnly",DN_CompareKSFit_logn.peaksepx,874
3287,DN_CompareKSFit_logn_olapint,"distribution,ksdensity,raw,posOnly",DN_CompareKSFit_logn.olapint,874
3288,DN_CompareKSFit_logn_relent,"distribution,ksdensity,raw,posOnly",DN_CompareKSFit_logn.relent,874
3289,DN_CompareKSFit_wbl_adiff,"distribution,ksdensity,raw,locationDependent,posOnly",DN_CompareKSFit_wbl.adiff,875
3290,DN_CompareKSFit_wbl_psy,"distribution,ksdensity,raw,posOnly",DN_CompareKSFit_wbl.peaksepy,875
3291,DN_CompareKSFit_wbl_psx,"distribution,ksdensity,raw,posOnly",DN_CompareKSFit_wbl.peaksepx,875
3292,DN_CompareKSFit_wbl_olapint,"distribution,ksdensity,raw,posOnly",DN_CompareKSFit_wbl.olapint,875
3293,DN_CompareKSFit_wbl_relent,"distribution,ksdensity,raw,posOnly",DN_CompareKSFit_wbl.relent,875
3294,DN_OutlierInclude_abs_001_mfexpa,"distribution,outliers",DN_OutlierInclude_abs_001.mfexpa,876
3295,DN_OutlierInclude_abs_001_mfexpb,"distribution,outliers",DN_OutlierInclude_abs_001.mfexpb,876
3296,DN_OutlierInclude_abs_001_mfexpc,"distribution,outliers",DN_OutlierInclude_abs_001.mfexpc,876
3297,DN_OutlierInclude_abs_001_mfexpr2,"distribution,outliers",DN_OutlierInclude_abs_001.mfexpr2,876
3298,DN_OutlierInclude_abs_001_mfexprmse,"distribution,outliers",DN_OutlierInclude_abs_001.mfexprmse,876
3299,DN_OutlierInclude_abs_001_nfexpa,"distribution,outliers",DN_OutlierInclude_abs_001.nfexpa,876
3300,DN_OutlierInclude_abs_001_nfexpb,"distribution,outliers",DN_OutlierInclude_abs_001.nfexpb,876
3301,DN_OutlierInclude_abs_001_nfexpc,"distribution,outliers",DN_OutlierInclude_abs_001.nfexpc,876
3302,DN_OutlierInclude_abs_001_nfexpr2,"distribution,outliers",DN_OutlierInclude_abs_001.nfexpr2,876
3303,DN_OutlierInclude_abs_001_nfexprmse,"distribution,outliers",DN_OutlierInclude_abs_001.nfexprmse,876
3304,DN_OutlierInclude_abs_001_nfla,"distribution,outliers",DN_OutlierInclude_abs_001.nfla,876
3305,DN_OutlierInclude_abs_001_nflb,"distribution,outliers",DN_OutlierInclude_abs_001.nflb,876
3306,DN_OutlierInclude_abs_001_nflr2,"distribution,outliers",DN_OutlierInclude_abs_001.nflr2,876
3307,DN_OutlierInclude_abs_001_nflrmse,"distribution,outliers",DN_OutlierInclude_abs_001.nflrmse,876
3308,DN_OutlierInclude_abs_001_mdtm,"distribution,outliers",DN_OutlierInclude_abs_001.mdtm,876
3309,DN_OutlierInclude_abs_001_mdtmd,"distribution,outliers",DN_OutlierInclude_abs_001.mdtmd,876
3310,DN_OutlierInclude_abs_001_mdtstd,"distribution,outliers",DN_OutlierInclude_abs_001.mdtstd,876
3311,DN_OutlierInclude_abs_001_mdrm,"distribution,outliers,stationarity",DN_OutlierInclude_abs_001.mdrm,876
3312,DN_OutlierInclude_abs_001_mdrmd,"distribution,outliers,stationarity",DN_OutlierInclude_abs_001.mdrmd,876
3313,DN_OutlierInclude_abs_001_mdrstd,"distribution,outliers,stationarity",DN_OutlierInclude_abs_001.mdrstd,876
3314,DN_OutlierInclude_abs_001_mrm,"distribution,outliers",DN_OutlierInclude_abs_001.mrm,876
3315,DN_OutlierInclude_abs_001_mrmd,"distribution,outliers",DN_OutlierInclude_abs_001.mrmd,876
3316,DN_OutlierInclude_abs_001_mrstd,"distribution,outliers",DN_OutlierInclude_abs_001.mrstd,876
3317,DN_OutlierInclude_abs_001_xcmerr1,"distribution,outliers",DN_OutlierInclude_abs_001.xcmerr1,876
3318,DN_OutlierInclude_abs_001_xcmerrn1,"distribution,outliers",DN_OutlierInclude_abs_001.xcmerrn1,876
3319,DN_OutlierInclude_abs_001_stdrfexpa,"distribution,outliers",DN_OutlierInclude_abs_001.stdrfexpa,876
3320,DN_OutlierInclude_abs_001_stdrfexpb,"distribution,outliers",DN_OutlierInclude_abs_001.stdrfexpb,876
3321,DN_OutlierInclude_abs_001_stdrfexpc,"distribution,outliers",DN_OutlierInclude_abs_001.stdrfexpc,876
3322,DN_OutlierInclude_abs_001_stdrfexpr2,"distribution,outliers",DN_OutlierInclude_abs_001.stdrfexpr2,876
3323,DN_OutlierInclude_abs_001_stdrfexprmse,"distribution,outliers",DN_OutlierInclude_abs_001.stdrfexprmse,876
3324,DN_OutlierInclude_abs_001_stdrfla,"distribution,outliers",DN_OutlierInclude_abs_001.stdrfla,876
3325,DN_OutlierInclude_abs_001_stdrflb,"distribution,outliers",DN_OutlierInclude_abs_001.stdrflb,876
3326,DN_OutlierInclude_abs_001_stdrflr2,"distribution,outliers",DN_OutlierInclude_abs_001.stdrflr2,876
3327,DN_OutlierInclude_abs_001_stdrflrmse,"distribution,outliers",DN_OutlierInclude_abs_001.stdrflrmse,876
3328,DN_OutlierInclude_p_001_mfexpa,"distribution,outliers",DN_OutlierInclude_p_001.mfexpa,877
3329,DN_OutlierInclude_p_001_mfexpb,"distribution,outliers",DN_OutlierInclude_p_001.mfexpb,877
3330,DN_OutlierInclude_p_001_mfexpc,"distribution,outliers",DN_OutlierInclude_p_001.mfexpc,877
3331,DN_OutlierInclude_p_001_mfexpr2,"distribution,outliers",DN_OutlierInclude_p_001.mfexpr2,877
3332,DN_OutlierInclude_p_001_mfexprmse,"distribution,outliers",DN_OutlierInclude_p_001.mfexprmse,877
3333,DN_OutlierInclude_p_001_nfexpa,"distribution,outliers",DN_OutlierInclude_p_001.nfexpa,877
3334,DN_OutlierInclude_p_001_nfexpb,"distribution,outliers",DN_OutlierInclude_p_001.nfexpb,877
3335,DN_OutlierInclude_p_001_nfexpc,"distribution,outliers",DN_OutlierInclude_p_001.nfexpc,877
3336,DN_OutlierInclude_p_001_nfexpr2,"distribution,outliers",DN_OutlierInclude_p_001.nfexpr2,877
3337,DN_OutlierInclude_p_001_nfexprmse,"distribution,outliers",DN_OutlierInclude_p_001.nfexprmse,877
3338,DN_OutlierInclude_p_001_nfla,"distribution,outliers",DN_OutlierInclude_p_001.nfla,877
3339,DN_OutlierInclude_p_001_nflb,"distribution,outliers",DN_OutlierInclude_p_001.nflb,877
3340,DN_OutlierInclude_p_001_nflr2,"distribution,outliers",DN_OutlierInclude_p_001.nflr2,877
3341,DN_OutlierInclude_p_001_nflrmse,"distribution,outliers",DN_OutlierInclude_p_001.nflrmse,877
3342,DN_OutlierInclude_p_001_mdtm,"distribution,outliers",DN_OutlierInclude_p_001.mdtm,877
3343,DN_OutlierInclude_p_001_mdtmd,"distribution,outliers",DN_OutlierInclude_p_001.mdtmd,877
3344,DN_OutlierInclude_p_001_mdtstd,"distribution,outliers",DN_OutlierInclude_p_001.mdtstd,877
3345,DN_OutlierInclude_p_001_mdrm,"distribution,outliers,stationarity",DN_OutlierInclude_p_001.mdrm,877
3346,DN_OutlierInclude_p_001_mdrmd,"distribution,outliers,stationarity",DN_OutlierInclude_p_001.mdrmd,877
3347,DN_OutlierInclude_p_001_mdrstd,"distribution,outliers,stationarity",DN_OutlierInclude_p_001.mdrstd,877
3348,DN_OutlierInclude_p_001_mrm,"distribution,outliers",DN_OutlierInclude_p_001.mrm,877
3349,DN_OutlierInclude_p_001_mrmd,"distribution,outliers",DN_OutlierInclude_p_001.mrmd,877
3350,DN_OutlierInclude_p_001_mrstd,"distribution,outliers",DN_OutlierInclude_p_001.mrstd,877
3351,DN_OutlierInclude_p_001_xcmerr1,"distribution,outliers",DN_OutlierInclude_p_001.xcmerr1,877
3352,DN_OutlierInclude_p_001_xcmerrn1,"distribution,outliers",DN_OutlierInclude_p_001.xcmerrn1,877
3353,DN_OutlierInclude_p_001_stdrfexpa,"distribution,outliers",DN_OutlierInclude_p_001.stdrfexpa,877
3354,DN_OutlierInclude_p_001_stdrfexpb,"distribution,outliers",DN_OutlierInclude_p_001.stdrfexpb,877
3355,DN_OutlierInclude_p_001_stdrfexpc,"distribution,outliers",DN_OutlierInclude_p_001.stdrfexpc,877
3356,DN_OutlierInclude_p_001_stdrfexpr2,"distribution,outliers",DN_OutlierInclude_p_001.stdrfexpr2,877
3357,DN_OutlierInclude_p_001_stdrfexprmse,"distribution,outliers",DN_OutlierInclude_p_001.stdrfexprmse,877
3358,DN_OutlierInclude_p_001_stdrfla,"distribution,outliers",DN_OutlierInclude_p_001.stdrfla,877
3359,DN_OutlierInclude_p_001_stdrflb,"distribution,outliers",DN_OutlierInclude_p_001.stdrflb,877
3360,DN_OutlierInclude_p_001_stdrflr2,"distribution,outliers",DN_OutlierInclude_p_001.stdrflr2,877
3361,DN_OutlierInclude_p_001_stdrflrmse,"distribution,outliers",DN_OutlierInclude_p_001.stdrflrmse,877
3362,DN_OutlierInclude_n_001_mfexpa,"distribution,outliers",DN_OutlierInclude_n_001.mfexpa,878
3363,DN_OutlierInclude_n_001_mfexpb,"distribution,outliers",DN_OutlierInclude_n_001.mfexpb,878
3364,DN_OutlierInclude_n_001_mfexpc,"distribution,outliers",DN_OutlierInclude_n_001.mfexpc,878
3365,DN_OutlierInclude_n_001_mfexpr2,"distribution,outliers",DN_OutlierInclude_n_001.mfexpr2,878
3366,DN_OutlierInclude_n_001_mfexprmse,"distribution,outliers",DN_OutlierInclude_n_001.mfexprmse,878
3367,DN_OutlierInclude_n_001_nfexpa,"distribution,outliers",DN_OutlierInclude_n_001.nfexpa,878
3368,DN_OutlierInclude_n_001_nfexpb,"distribution,outliers",DN_OutlierInclude_n_001.nfexpb,878
3369,DN_OutlierInclude_n_001_nfexpr2,"distribution,outliers",DN_OutlierInclude_n_001.nfexpr2,878
3370,DN_OutlierInclude_n_001_nfexprmse,"distribution,outliers",DN_OutlierInclude_n_001.nfexprmse,878
3371,DN_OutlierInclude_n_001_nfla,"distribution,outliers",DN_OutlierInclude_n_001.nfla,878
3372,DN_OutlierInclude_n_001_nflb,"distribution,outliers",DN_OutlierInclude_n_001.nflb,878
3373,DN_OutlierInclude_n_001_nflr2,"distribution,outliers",DN_OutlierInclude_n_001.nflr2,878
3374,DN_OutlierInclude_n_001_nflrmse,"distribution,outliers",DN_OutlierInclude_n_001.nflrmse,878
3375,DN_OutlierInclude_n_001_mdtm,"distribution,outliers",DN_OutlierInclude_n_001.mdtm,878
3376,DN_OutlierInclude_n_001_mdtmd,"distribution,outliers",DN_OutlierInclude_n_001.mdtmd,878
3377,DN_OutlierInclude_n_001_mdtstd,"distribution,outliers",DN_OutlierInclude_n_001.mdtstd,878
3378,DN_OutlierInclude_n_001_mdrm,"distribution,outliers,stationarity",DN_OutlierInclude_n_001.mdrm,878
3379,DN_OutlierInclude_n_001_mdrmd,"distribution,outliers,stationarity",DN_OutlierInclude_n_001.mdrmd,878
3380,DN_OutlierInclude_n_001_mdrstd,"distribution,outliers,stationarity",DN_OutlierInclude_n_001.mdrstd,878
3381,DN_OutlierInclude_n_001_mrm,"distribution,outliers",DN_OutlierInclude_n_001.mrm,878
3382,DN_OutlierInclude_n_001_mrmd,"distribution,outliers",DN_OutlierInclude_n_001.mrmd,878
3383,DN_OutlierInclude_n_001_mrstd,"distribution,outliers",DN_OutlierInclude_n_001.mrstd,878
3384,DN_OutlierInclude_n_001_xcmerr1,"distribution,outliers",DN_OutlierInclude_n_001.xcmerr1,878
3385,DN_OutlierInclude_n_001_xcmerrn1,"distribution,outliers",DN_OutlierInclude_n_001.xcmerrn1,878
3386,DN_OutlierInclude_n_001_stdrfexpa,"distribution,outliers",DN_OutlierInclude_n_001.stdrfexpa,878
3387,DN_OutlierInclude_n_001_stdrfexpb,"distribution,outliers",DN_OutlierInclude_n_001.stdrfexpb,878
3388,DN_OutlierInclude_n_001_stdrfexpc,"distribution,outliers",DN_OutlierInclude_n_001.stdrfexpc,878
3389,DN_OutlierInclude_n_001_stdrfexpr2,"distribution,outliers",DN_OutlierInclude_n_001.stdrfexpr2,878
3390,DN_OutlierInclude_n_001_stdrfexprmse,"distribution,outliers",DN_OutlierInclude_n_001.stdrfexprmse,878
3391,DN_OutlierInclude_n_001_stdrfla,"distribution,outliers",DN_OutlierInclude_n_001.stdrfla,878
3392,DN_OutlierInclude_n_001_stdrflb,"distribution,outliers",DN_OutlierInclude_n_001.stdrflb,878
3393,DN_OutlierInclude_n_001_stdrflr2,"distribution,outliers",DN_OutlierInclude_n_001.stdrflr2,878
3394,DN_OutlierInclude_n_001_stdrflrmse,"distribution,outliers",DN_OutlierInclude_n_001.stdrflrmse,878
3395,ST_LocalExtrema_l50_meanrat,"distribution,stationarity",ST_LocalExtrema_l50.meanrat,879
3396,ST_LocalExtrema_l50_medianrat,"distribution,stationarity",ST_LocalExtrema_l50.medianrat,879
3397,ST_LocalExtrema_l50_minmax,"distribution,stationarity",ST_LocalExtrema_l50.minmax,879
3398,ST_LocalExtrema_l50_minabsmin,"distribution,stationarity",ST_LocalExtrema_l50.minabsmin,879
3399,ST_LocalExtrema_l50_minmaxonminabsmin,"distribution,stationarity",ST_LocalExtrema_l50.minmaxonminabsmin,879
3400,ST_LocalExtrema_l50_meanmax,"distribution,stationarity",ST_LocalExtrema_l50.meanmax,879
3401,ST_LocalExtrema_l50_meanabsmin,"distribution,stationarity",ST_LocalExtrema_l50.meanabsmin,879
3402,ST_LocalExtrema_l50_meanext,"distribution,stationarity",ST_LocalExtrema_l50.meanext,879
3403,ST_LocalExtrema_l50_medianmax,"distribution,stationarity",ST_LocalExtrema_l50.medianmax,879
3404,ST_LocalExtrema_l50_medianabsmin,"distribution,stationarity",ST_LocalExtrema_l50.medianabsmin,879
3405,ST_LocalExtrema_l50_medianext,"distribution,stationarity",ST_LocalExtrema_l50.medianext,879
3406,ST_LocalExtrema_l50_stdmax,"distribution,stationarity",ST_LocalExtrema_l50.stdmax,879
3407,ST_LocalExtrema_l50_stdmin,"distribution,stationarity",ST_LocalExtrema_l50.stdmin,879
3408,ST_LocalExtrema_l50_stdext,"distribution,stationarity",ST_LocalExtrema_l50.stdext,879
3409,ST_LocalExtrema_l50_zcext,"distribution,stationarity",ST_LocalExtrema_l50.zcext,879
3410,ST_LocalExtrema_l50_meanabsext,"distribution,stationarity",ST_LocalExtrema_l50.meanabsext,879
3411,ST_LocalExtrema_l50_medianabsext,"distribution,stationarity",ST_LocalExtrema_l50.medianabsext,879
3412,ST_LocalExtrema_l50_diffmaxabsmin,"distribution,stationarity",ST_LocalExtrema_l50.diffmaxabsmin,879
3413,ST_LocalExtrema_l50_uord,"distribution,stationarity",ST_LocalExtrema_l50.uord,879
3414,ST_LocalExtrema_l50_maxmaxmed,"distribution,stationarity",ST_LocalExtrema_l50.maxmaxmed,879
3415,ST_LocalExtrema_l50_minminmed,"distribution,stationarity",ST_LocalExtrema_l50.minminmed,879
3416,ST_LocalExtrema_l50_maxabsext,"distribution,stationarity",ST_LocalExtrema_l50.maxabsext,879
3417,ST_LocalExtrema_l100_meanrat,"distribution,stationarity",ST_LocalExtrema_l100.meanrat,880
3418,ST_LocalExtrema_l100_medianrat,"distribution,stationarity",ST_LocalExtrema_l100.medianrat,880
3419,ST_LocalExtrema_l100_minmax,"distribution,stationarity",ST_LocalExtrema_l100.minmax,880
3420,ST_LocalExtrema_l100_minabsmin,"distribution,stationarity",ST_LocalExtrema_l100.minabsmin,880
3421,ST_LocalExtrema_l100_minmaxonminabsmin,"distribution,stationarity",ST_LocalExtrema_l100.minmaxonminabsmin,880
3422,ST_LocalExtrema_l100_meanmax,"distribution,stationarity",ST_LocalExtrema_l100.meanmax,880
3423,ST_LocalExtrema_l100_meanabsmin,"distribution,stationarity",ST_LocalExtrema_l100.meanabsmin,880
3424,ST_LocalExtrema_l100_meanext,"distribution,stationarity",ST_LocalExtrema_l100.meanext,880
3425,ST_LocalExtrema_l100_medianmax,"distribution,stationarity",ST_LocalExtrema_l100.medianmax,880
3426,ST_LocalExtrema_l100_medianabsmin,"distribution,stationarity",ST_LocalExtrema_l100.medianabsmin,880
3427,ST_LocalExtrema_l100_medianext,"distribution,stationarity",ST_LocalExtrema_l100.medianext,880
3428,ST_LocalExtrema_l100_stdmax,"distribution,stationarity",ST_LocalExtrema_l100.stdmax,880
3429,ST_LocalExtrema_l100_stdmin,"distribution,stationarity",ST_LocalExtrema_l100.stdmin,880
3430,ST_LocalExtrema_l100_stdext,"distribution,stationarity",ST_LocalExtrema_l100.stdext,880
3431,ST_LocalExtrema_l100_zcext,"distribution,stationarity",ST_LocalExtrema_l100.zcext,880
3432,ST_LocalExtrema_l100_meanabsext,"distribution,stationarity",ST_LocalExtrema_l100.meanabsext,880
3433,ST_LocalExtrema_l100_medianabsext,"distribution,stationarity",ST_LocalExtrema_l100.medianabsext,880
3434,ST_LocalExtrema_l100_diffmaxabsmin,"distribution,stationarity",ST_LocalExtrema_l100.diffmaxabsmin,880
3435,ST_LocalExtrema_l100_uord,"distribution,stationarity",ST_LocalExtrema_l100.uord,880
3436,ST_LocalExtrema_l100_maxmaxmed,"distribution,stationarity",ST_LocalExtrema_l100.maxmaxmed,880
3437,ST_LocalExtrema_l100_minminmed,"distribution,stationarity",ST_LocalExtrema_l100.minminmed,880
3438,ST_LocalExtrema_l100_maxabsext,"distribution,stationarity",ST_LocalExtrema_l100.maxabsext,880
3439,ST_LocalExtrema_n25_meanrat,"distribution,stationarity",ST_LocalExtrema_n25.meanrat,881
3440,ST_LocalExtrema_n25_medianrat,"distribution,stationarity",ST_LocalExtrema_n25.medianrat,881
3441,ST_LocalExtrema_n25_minmax,"distribution,stationarity",ST_LocalExtrema_n25.minmax,881
3442,ST_LocalExtrema_n25_minabsmin,"distribution,stationarity",ST_LocalExtrema_n25.minabsmin,881
3443,ST_LocalExtrema_n25_minmaxonminabsmin,"distribution,stationarity",ST_LocalExtrema_n25.minmaxonminabsmin,881
3444,ST_LocalExtrema_n25_meanmax,"distribution,stationarity",ST_LocalExtrema_n25.meanmax,881
3445,ST_LocalExtrema_n25_meanabsmin,"distribution,stationarity",ST_LocalExtrema_n25.meanabsmin,881
3446,ST_LocalExtrema_n25_meanext,"distribution,stationarity",ST_LocalExtrema_n25.meanext,881
3447,ST_LocalExtrema_n25_medianmax,"distribution,stationarity",ST_LocalExtrema_n25.medianmax,881
3448,ST_LocalExtrema_n25_medianabsmin,"distribution,stationarity",ST_LocalExtrema_n25.medianabsmin,881
3449,ST_LocalExtrema_n25_medianext,"distribution,stationarity",ST_LocalExtrema_n25.medianext,881
3450,ST_LocalExtrema_n25_stdmax,"distribution,stationarity",ST_LocalExtrema_n25.stdmax,881
3451,ST_LocalExtrema_n25_stdmin,"distribution,stationarity",ST_LocalExtrema_n25.stdmin,881
3452,ST_LocalExtrema_n25_stdext,"distribution,stationarity",ST_LocalExtrema_n25.stdext,881
3453,ST_LocalExtrema_n25_zcext,"distribution,stationarity",ST_LocalExtrema_n25.zcext,881
3454,ST_LocalExtrema_n25_meanabsext,"distribution,stationarity",ST_LocalExtrema_n25.meanabsext,881
3455,ST_LocalExtrema_n25_medianabsext,"distribution,stationarity",ST_LocalExtrema_n25.medianabsext,881
3456,ST_LocalExtrema_n25_diffmaxabsmin,"distribution,stationarity",ST_LocalExtrema_n25.diffmaxabsmin,881
3457,ST_LocalExtrema_n25_uord,"distribution,stationarity",ST_LocalExtrema_n25.uord,881
3458,ST_LocalExtrema_n25_maxmaxmed,"distribution,stationarity",ST_LocalExtrema_n25.maxmaxmed,881
3459,ST_LocalExtrema_n25_minminmed,"distribution,stationarity",ST_LocalExtrema_n25.minminmed,881
3460,ST_LocalExtrema_n25_maxabsext,"distribution,stationarity",ST_LocalExtrema_n25.maxabsext,881
3461,ST_LocalExtrema_n50_meanrat,"distribution,stationarity",ST_LocalExtrema_n50.meanrat,882
3462,ST_LocalExtrema_n50_medianrat,"distribution,stationarity",ST_LocalExtrema_n50.medianrat,882
3463,ST_LocalExtrema_n50_minmax,"distribution,stationarity",ST_LocalExtrema_n50.minmax,882
3464,ST_LocalExtrema_n50_minabsmin,"distribution,stationarity",ST_LocalExtrema_n50.minabsmin,882
3465,ST_LocalExtrema_n50_minmaxonminabsmin,"distribution,stationarity",ST_LocalExtrema_n50.minmaxonminabsmin,882
3466,ST_LocalExtrema_n50_meanmax,"distribution,stationarity",ST_LocalExtrema_n50.meanmax,882
3467,ST_LocalExtrema_n50_meanabsmin,"distribution,stationarity",ST_LocalExtrema_n50.meanabsmin,882
3468,ST_LocalExtrema_n50_meanext,"distribution,stationarity",ST_LocalExtrema_n50.meanext,882
3469,ST_LocalExtrema_n50_medianmax,"distribution,stationarity",ST_LocalExtrema_n50.medianmax,882
3470,ST_LocalExtrema_n50_medianabsmin,"distribution,stationarity",ST_LocalExtrema_n50.medianabsmin,882
3471,ST_LocalExtrema_n50_medianext,"distribution,stationarity",ST_LocalExtrema_n50.medianext,882
3472,ST_LocalExtrema_n50_stdmax,"distribution,stationarity",ST_LocalExtrema_n50.stdmax,882
3473,ST_LocalExtrema_n50_stdmin,"distribution,stationarity",ST_LocalExtrema_n50.stdmin,882
3474,ST_LocalExtrema_n50_stdext,"distribution,stationarity",ST_LocalExtrema_n50.stdext,882
3475,ST_LocalExtrema_n50_zcext,"distribution,stationarity",ST_LocalExtrema_n50.zcext,882
3476,ST_LocalExtrema_n50_meanabsext,"distribution,stationarity",ST_LocalExtrema_n50.meanabsext,882
3477,ST_LocalExtrema_n50_medianabsext,"distribution,stationarity",ST_LocalExtrema_n50.medianabsext,882
3478,ST_LocalExtrema_n50_diffmaxabsmin,"distribution,stationarity",ST_LocalExtrema_n50.diffmaxabsmin,882
3479,ST_LocalExtrema_n50_uord,"distribution,stationarity",ST_LocalExtrema_n50.uord,882
3480,ST_LocalExtrema_n50_maxmaxmed,"distribution,stationarity",ST_LocalExtrema_n50.maxmaxmed,882
3481,ST_LocalExtrema_n50_minminmed,"distribution,stationarity",ST_LocalExtrema_n50.minminmed,882
3482,ST_LocalExtrema_n50_maxabsext,"distribution,stationarity",ST_LocalExtrema_n50.maxabsext,882
3483,ST_LocalExtrema_n100_meanrat,"distribution,stationarity",ST_LocalExtrema_n100.meanrat,883
3484,ST_LocalExtrema_n100_medianrat,"distribution,stationarity",ST_LocalExtrema_n100.medianrat,883
3485,ST_LocalExtrema_n100_minmax,"distribution,stationarity",ST_LocalExtrema_n100.minmax,883
3486,ST_LocalExtrema_n100_minabsmin,"distribution,stationarity",ST_LocalExtrema_n100.minabsmin,883
3487,ST_LocalExtrema_n100_minmaxonminabsmin,"distribution,stationarity",ST_LocalExtrema_n100.minmaxonminabsmin,883
3488,ST_LocalExtrema_n100_meanmax,"distribution,stationarity",ST_LocalExtrema_n100.meanmax,883
3489,ST_LocalExtrema_n100_meanabsmin,"distribution,stationarity",ST_LocalExtrema_n100.meanabsmin,883
3490,ST_LocalExtrema_n100_meanext,"distribution,stationarity",ST_LocalExtrema_n100.meanext,883
3491,ST_LocalExtrema_n100_medianmax,"distribution,stationarity",ST_LocalExtrema_n100.medianmax,883
3492,ST_LocalExtrema_n100_medianabsmin,"distribution,stationarity",ST_LocalExtrema_n100.medianabsmin,883
3493,ST_LocalExtrema_n100_medianext,"distribution,stationarity",ST_LocalExtrema_n100.medianext,883
3494,ST_LocalExtrema_n100_stdmax,"distribution,stationarity",ST_LocalExtrema_n100.stdmax,883
3495,ST_LocalExtrema_n100_stdmin,"distribution,stationarity",ST_LocalExtrema_n100.stdmin,883
3496,ST_LocalExtrema_n100_stdext,"distribution,stationarity",ST_LocalExtrema_n100.stdext,883
3497,ST_LocalExtrema_n100_zcext,"distribution,stationarity",ST_LocalExtrema_n100.zcext,883
3498,ST_LocalExtrema_n100_meanabsext,"distribution,stationarity",ST_LocalExtrema_n100.meanabsext,883
3499,ST_LocalExtrema_n100_medianabsext,"distribution,stationarity",ST_LocalExtrema_n100.medianabsext,883
3500,ST_LocalExtrema_n100_diffmaxabsmin,"distribution,stationarity",ST_LocalExtrema_n100.diffmaxabsmin,883
3501,ST_LocalExtrema_n100_uord,"distribution,stationarity",ST_LocalExtrema_n100.uord,883
3502,ST_LocalExtrema_n100_maxmaxmed,"distribution,stationarity",ST_LocalExtrema_n100.maxmaxmed,883
3503,ST_LocalExtrema_n100_minminmed,"distribution,stationarity",ST_LocalExtrema_n100.minminmed,883
3504,ST_LocalExtrema_n100_maxabsext,"distribution,stationarity",ST_LocalExtrema_n100.maxabsext,883
3505,EX_MovingThreshold_01_01_meanq,"outliers",EX_MovingThreshold_01_01.meanq,884
3506,EX_MovingThreshold_01_01_medianq,"outliers",EX_MovingThreshold_01_01.medianq,884
3507,EX_MovingThreshold_01_01_iqrq,"outliers",EX_MovingThreshold_01_01.iqrq,884
3508,EX_MovingThreshold_01_01_maxq,"outliers",EX_MovingThreshold_01_01.maxq,884
3509,EX_MovingThreshold_01_01_minq,"outliers",EX_MovingThreshold_01_01.minq,884
3510,EX_MovingThreshold_01_01_stdq,"outliers",EX_MovingThreshold_01_01.stdq,884
3511,EX_MovingThreshold_01_01_meanqover,"outliers",EX_MovingThreshold_01_01.meanqover,884
3512,EX_MovingThreshold_01_01_pkick,"outliers",EX_MovingThreshold_01_01.pkick,884
3513,EX_MovingThreshold_01_01_stdkickf,"outliers",EX_MovingThreshold_01_01.stdkickf,884
3514,EX_MovingThreshold_01_01_meankickf,"outliers",EX_MovingThreshold_01_01.meankickf,884
3515,EX_MovingThreshold_01_01_mediankickf,"outliers",EX_MovingThreshold_01_01.mediankickf,884
3516,EX_MovingThreshold_01_002_meanq,"outliers",EX_MovingThreshold_01_002.meanq,885
3517,EX_MovingThreshold_01_002_medianq,"outliers",EX_MovingThreshold_01_002.medianq,885
3518,EX_MovingThreshold_01_002_iqrq,"outliers",EX_MovingThreshold_01_002.iqrq,885
3519,EX_MovingThreshold_01_002_maxq,"outliers",EX_MovingThreshold_01_002.maxq,885
3520,EX_MovingThreshold_01_002_minq,"outliers",EX_MovingThreshold_01_002.minq,885
3521,EX_MovingThreshold_01_002_stdq,"outliers",EX_MovingThreshold_01_002.stdq,885
3522,EX_MovingThreshold_01_002_meanqover,"outliers",EX_MovingThreshold_01_002.meanqover,885
3523,EX_MovingThreshold_01_002_pkick,"outliers",EX_MovingThreshold_01_002.pkick,885
3524,EX_MovingThreshold_01_002_stdkickf,"outliers",EX_MovingThreshold_01_002.stdkickf,885
3525,EX_MovingThreshold_01_002_meankickf,"outliers",EX_MovingThreshold_01_002.meankickf,885
3526,EX_MovingThreshold_01_002_mediankickf,"outliers",EX_MovingThreshold_01_002.mediankickf,885
3527,EX_MovingThreshold_1_01_meanq,"outliers",EX_MovingThreshold_1_01.meanq,886
3528,EX_MovingThreshold_1_01_medianq,"outliers",EX_MovingThreshold_1_01.medianq,886
3529,EX_MovingThreshold_1_01_iqrq,"outliers",EX_MovingThreshold_1_01.iqrq,886
3530,EX_MovingThreshold_1_01_maxq,"outliers",EX_MovingThreshold_1_01.maxq,886
3531,EX_MovingThreshold_1_01_minq,"outliers",EX_MovingThreshold_1_01.minq,886
3532,EX_MovingThreshold_1_01_stdq,"outliers",EX_MovingThreshold_1_01.stdq,886
3533,EX_MovingThreshold_1_01_meanqover,"outliers",EX_MovingThreshold_1_01.meanqover,886
3534,EX_MovingThreshold_1_01_pkick,"outliers",EX_MovingThreshold_1_01.pkick,886
3535,EX_MovingThreshold_1_01_stdkickf,"outliers",EX_MovingThreshold_1_01.stdkickf,886
3536,EX_MovingThreshold_1_01_meankickf,"outliers",EX_MovingThreshold_1_01.meankickf,886
3537,EX_MovingThreshold_1_01_mediankickf,"outliers",EX_MovingThreshold_1_01.mediankickf,886
3538,EX_MovingThreshold_1_002_meanq,"outliers",EX_MovingThreshold_1_002.meanq,887
3539,EX_MovingThreshold_1_002_medianq,"outliers",EX_MovingThreshold_1_002.medianq,887
3540,EX_MovingThreshold_1_002_iqrq,"outliers",EX_MovingThreshold_1_002.iqrq,887
3541,EX_MovingThreshold_1_002_maxq,"outliers",EX_MovingThreshold_1_002.maxq,887
3542,EX_MovingThreshold_1_002_minq,"outliers",EX_MovingThreshold_1_002.minq,887
3543,EX_MovingThreshold_1_002_stdq,"outliers",EX_MovingThreshold_1_002.stdq,887
3544,EX_MovingThreshold_1_002_meanqover,"outliers",EX_MovingThreshold_1_002.meanqover,887
3545,EX_MovingThreshold_1_002_pkick,"outliers",EX_MovingThreshold_1_002.pkick,887
3546,EX_MovingThreshold_1_002_stdkickf,"outliers",EX_MovingThreshold_1_002.stdkickf,887
3547,EX_MovingThreshold_1_002_meankickf,"outliers",EX_MovingThreshold_1_002.meankickf,887
3548,EX_MovingThreshold_1_002_mediankickf,"outliers",EX_MovingThreshold_1_002.mediankickf,887
3549,SB_BinaryStats_mean_pupstat2,"symbolic,distribution,stationarity",SB_BinaryStats_mean.pupstat2,888
3550,SB_BinaryStats_mean_pstretch1,"symbolic,distribution,stationarity",SB_BinaryStats_mean.pstretch1,888
3551,SB_BinaryStats_mean_longstretch1,"symbolic,distribution,correlation",SB_BinaryStats_mean.longstretch1,888
3552,SB_BinaryStats_mean_meanstretch1,"symbolic,distribution,correlation",SB_BinaryStats_mean.meanstretch1,888
3553,SB_BinaryStats_mean_stdstretch1,"symbolic,distribution,correlation",SB_BinaryStats_mean.stdstretch1,888
3554,SB_BinaryStats_mean_longstretch0,"symbolic,distribution,correlation",SB_BinaryStats_mean.longstretch0,888
3555,SB_BinaryStats_mean_meanstretch0,"symbolic,distribution,correlation",SB_BinaryStats_mean.meanstretch0,888
3556,SB_BinaryStats_mean_stdstretch0,"symbolic,distribution,correlation",SB_BinaryStats_mean.stdstretch0,888
3557,SB_BinaryStats_mean_meanstretchdiff,"symbolic,distribution,correlation",SB_BinaryStats_mean.meanstretchdiff,888
3558,SB_BinaryStats_mean_stdstretchdiff,"symbolic,distribution,correlation",SB_BinaryStats_mean.stdstretchdiff,888
3559,SB_BinaryStats_mean_diff21stretch1,"symbolic,distribution,correlation",SB_BinaryStats_mean.diff21stretch1,888
3560,SB_BinaryStats_mean_diff21stretch0,"symbolic,distribution,correlation",SB_BinaryStats_mean.diff21stretch0,888
3561,SB_BinaryStats_diff_pupstat2,"symbolic,distribution,stationarity",SB_BinaryStats_diff.pupstat2,889
3562,SB_BinaryStats_diff_pstretch1,"symbolic,distribution,correlation",SB_BinaryStats_diff.pstretch1,889
3563,SB_BinaryStats_diff_longstretch1,"symbolic,distribution,correlation",SB_BinaryStats_diff.longstretch1,889
3564,SB_BinaryStats_diff_longstretch0,"symbolic,distribution,correlation",SB_BinaryStats_diff.longstretch0,889
3565,SB_BinaryStats_diff_meanstretch1,"symbolic,distribution,correlation",SB_BinaryStats_diff.meanstretch1,889
3566,SB_BinaryStats_diff_meanstretch0,"symbolic,distribution,correlation",SB_BinaryStats_diff.meanstretch0,889
3567,SB_BinaryStats_diff_meanstretchdiff,"symbolic,distribution,correlation",SB_BinaryStats_diff.meanstretchdiff,889
3568,SB_BinaryStats_diff_stdstretch1,"symbolic,distribution,correlation",SB_BinaryStats_diff.stdstretch1,889
3569,SB_BinaryStats_diff_stdstretch0,"symbolic,distribution,correlation",SB_BinaryStats_diff.stdstretch0,889
3570,SB_BinaryStats_diff_stdstretchdiff,"symbolic,distribution,correlation",SB_BinaryStats_diff.stdstretchdiff,889
3571,SB_BinaryStats_diff_diff21stretch1,"symbolic,distribution,correlation",SB_BinaryStats_diff.diff21stretch1,889
3572,SB_BinaryStats_diff_diff21stretch0,"symbolic,distribution,correlation",SB_BinaryStats_diff.diff21stretch0,889
3573,SB_BinaryStats_iqr_pupstat2,"symbolic,distribution,stationarity",SB_BinaryStats_iqr.pupstat2,890
3574,SB_BinaryStats_iqr_pstretch1,"symbolic,distribution,correlation",SB_BinaryStats_iqr.pstretch1,890
3575,SB_BinaryStats_iqr_longstretch1,"symbolic,distribution,correlation",SB_BinaryStats_iqr.longstretch1,890
3576,SB_BinaryStats_iqr_longstretch0,"symbolic,distribution,correlation",SB_BinaryStats_iqr.longstretch0,890
3577,SB_BinaryStats_iqr_meanstretch1,"symbolic,distribution,correlation",SB_BinaryStats_iqr.meanstretch1,890
3578,SB_BinaryStats_iqr_meanstretch0,"symbolic,distribution,correlation",SB_BinaryStats_iqr.meanstretch0,890
3579,SB_BinaryStats_iqr_meanstretchdiff,"symbolic,distribution,correlation",SB_BinaryStats_iqr.meanstretchdiff,890
3580,SB_BinaryStats_iqr_stdstretch1,"symbolic,distribution,correlation",SB_BinaryStats_iqr.stdstretch1,890
3581,SB_BinaryStats_iqr_stdstretch0,"symbolic,distribution,correlation",SB_BinaryStats_iqr.stdstretch0,890
3582,SB_BinaryStats_iqr_stdstretchdiff,"symbolic,distribution,correlation",SB_BinaryStats_iqr.stdstretchdiff,890
3583,SB_BinaryStats_iqr_diff21stretch1,"symbolic,distribution,correlation",SB_BinaryStats_iqr.diff21stretch1,890
3584,SB_BinaryStats_iqr_diff21stretch0,"symbolic,distribution,correlation",SB_BinaryStats_iqr.diff21stretch0,890
3585,SB_MotifTwo_diff_u,"symbolic,motifs",SB_MotifTwo_diff.u,891
3586,SB_MotifTwo_diff_h,"symbolic,motifs",SB_MotifTwo_diff.h,891
3587,SB_MotifTwo_diff_dd,"symbolic,motifs",SB_MotifTwo_diff.dd,891
3588,SB_MotifTwo_diff_du,"symbolic,motifs",SB_MotifTwo_diff.du,891
3589,SB_MotifTwo_diff_ud,"symbolic,motifs",SB_MotifTwo_diff.ud,891
3590,SB_MotifTwo_diff_uu,"symbolic,motifs",SB_MotifTwo_diff.uu,891
3591,SB_MotifTwo_diff_hh,"symbolic,motifs",SB_MotifTwo_diff.hh,891
3592,SB_MotifTwo_diff_ddd,"symbolic,motifs",SB_MotifTwo_diff.ddd,891
3593,SB_MotifTwo_diff_ddu,"symbolic,motifs",SB_MotifTwo_diff.ddu,891
3594,SB_MotifTwo_diff_dud,"symbolic,motifs",SB_MotifTwo_diff.dud,891
3595,SB_MotifTwo_diff_duu,"symbolic,motifs",SB_MotifTwo_diff.duu,891
3596,SB_MotifTwo_diff_udd,"symbolic,motifs",SB_MotifTwo_diff.udd,891
3597,SB_MotifTwo_diff_udu,"symbolic,motifs",SB_MotifTwo_diff.udu,891
3598,SB_MotifTwo_diff_uud,"symbolic,motifs",SB_MotifTwo_diff.uud,891
3599,SB_MotifTwo_diff_uuu,"symbolic,motifs",SB_MotifTwo_diff.uuu,891
3600,SB_MotifTwo_diff_hhh,"symbolic,motifs",SB_MotifTwo_diff.hhh,891
3601,SB_MotifTwo_diff_dddd,"symbolic,motifs",SB_MotifTwo_diff.dddd,891
3602,SB_MotifTwo_diff_dddu,"symbolic,motifs",SB_MotifTwo_diff.dddu,891
3603,SB_MotifTwo_diff_ddud,"symbolic,motifs",SB_MotifTwo_diff.ddud,891
3604,SB_MotifTwo_diff_dduu,"symbolic,motifs",SB_MotifTwo_diff.dduu,891
3605,SB_MotifTwo_diff_dudd,"symbolic,motifs",SB_MotifTwo_diff.dudd,891
3606,SB_MotifTwo_diff_dudu,"symbolic,motifs",SB_MotifTwo_diff.dudu,891
3607,SB_MotifTwo_diff_duud,"symbolic,motifs",SB_MotifTwo_diff.duud,891
3608,SB_MotifTwo_diff_duuu,"symbolic,motifs",SB_MotifTwo_diff.duuu,891
3609,SB_MotifTwo_diff_uddd,"symbolic,motifs",SB_MotifTwo_diff.uddd,891
3610,SB_MotifTwo_diff_uddu,"symbolic,motifs",SB_MotifTwo_diff.uddu,891
3611,SB_MotifTwo_diff_udud,"symbolic,motifs",SB_MotifTwo_diff.udud,891
3612,SB_MotifTwo_diff_uduu,"symbolic,motifs",SB_MotifTwo_diff.uduu,891
3613,SB_MotifTwo_diff_uudd,"symbolic,motifs",SB_MotifTwo_diff.uudd,891
3614,SB_MotifTwo_diff_uudu,"symbolic,motifs",SB_MotifTwo_diff.uudu,891
3615,SB_MotifTwo_diff_uuud,"symbolic,motifs",SB_MotifTwo_diff.uuud,891
3616,SB_MotifTwo_diff_uuuu,"symbolic,motifs",SB_MotifTwo_diff.uuuu,891
3617,SB_MotifTwo_diff_hhhh,"symbolic,motifs",SB_MotifTwo_diff.hhhh,891
3618,SB_MotifTwo_mean_u,"symbolic,motifs",SB_MotifTwo_mean.u,892
3619,SB_MotifTwo_mean_h,"symbolic,motifs",SB_MotifTwo_mean.h,892
3620,SB_MotifTwo_mean_dd,"symbolic,motifs",SB_MotifTwo_mean.dd,892
3621,SB_MotifTwo_mean_uu,"symbolic,motifs",SB_MotifTwo_mean.uu,892
3622,SB_MotifTwo_mean_hh,"symbolic,motifs",SB_MotifTwo_mean.hh,892
3623,SB_MotifTwo_mean_ddd,"symbolic,motifs",SB_MotifTwo_mean.ddd,892
3624,SB_MotifTwo_mean_ddu,"symbolic,motifs",SB_MotifTwo_mean.ddu,892
3625,SB_MotifTwo_mean_dud,"symbolic,motifs",SB_MotifTwo_mean.dud,892
3626,SB_MotifTwo_mean_duu,"symbolic,motifs",SB_MotifTwo_mean.duu,892
3627,SB_MotifTwo_mean_udd,"symbolic,motifs",SB_MotifTwo_mean.udd,892
3628,SB_MotifTwo_mean_udu,"symbolic,motifs",SB_MotifTwo_mean.udu,892
3629,SB_MotifTwo_mean_uud,"symbolic,motifs",SB_MotifTwo_mean.uud,892
3630,SB_MotifTwo_mean_uuu,"symbolic,motifs",SB_MotifTwo_mean.uuu,892
3631,SB_MotifTwo_mean_hhh,"symbolic,motifs",SB_MotifTwo_mean.hhh,892
3632,SB_MotifTwo_mean_dddd,"symbolic,motifs",SB_MotifTwo_mean.dddd,892
3633,SB_MotifTwo_mean_dddu,"symbolic,motifs",SB_MotifTwo_mean.dddu,892
3634,SB_MotifTwo_mean_ddud,"symbolic,motifs",SB_MotifTwo_mean.ddud,892
3635,SB_MotifTwo_mean_dduu,"symbolic,motifs",SB_MotifTwo_mean.dduu,892
3636,SB_MotifTwo_mean_dudd,"symbolic,motifs",SB_MotifTwo_mean.dudd,892
3637,SB_MotifTwo_mean_dudu,"symbolic,motifs",SB_MotifTwo_mean.dudu,892
3638,SB_MotifTwo_mean_duud,"symbolic,motifs",SB_MotifTwo_mean.duud,892
3639,SB_MotifTwo_mean_duuu,"symbolic,motifs",SB_MotifTwo_mean.duuu,892
3640,SB_MotifTwo_mean_uddd,"symbolic,motifs",SB_MotifTwo_mean.uddd,892
3641,SB_MotifTwo_mean_uddu,"symbolic,motifs",SB_MotifTwo_mean.uddu,892
3642,SB_MotifTwo_mean_udud,"symbolic,motifs",SB_MotifTwo_mean.udud,892
3643,SB_MotifTwo_mean_uduu,"symbolic,motifs",SB_MotifTwo_mean.uduu,892
3644,SB_MotifTwo_mean_uudd,"symbolic,motifs",SB_MotifTwo_mean.uudd,892
3645,SB_MotifTwo_mean_uudu,"symbolic,motifs",SB_MotifTwo_mean.uudu,892
3646,SB_MotifTwo_mean_uuud,"symbolic,motifs",SB_MotifTwo_mean.uuud,892
3647,SB_MotifTwo_mean_uuuu,"symbolic,motifs",SB_MotifTwo_mean.uuuu,892
3648,SB_MotifTwo_mean_hhhh,"symbolic,motifs",SB_MotifTwo_mean.hhhh,892
3649,SB_MotifTwo_median_u,"symbolic,motifs",SB_MotifTwo_median.u,893
3650,SB_MotifTwo_median_dd,"symbolic,motifs",SB_MotifTwo_median.dd,893
3651,SB_MotifTwo_median_du,"symbolic,motifs",SB_MotifTwo_median.du,893
3652,SB_MotifTwo_median_ud,"symbolic,motifs",SB_MotifTwo_median.ud,893
3653,SB_MotifTwo_median_uu,"symbolic,motifs",SB_MotifTwo_median.uu,893
3654,SB_MotifTwo_median_hh,"symbolic,motifs",SB_MotifTwo_median.hh,893
3655,SB_MotifTwo_median_ddd,"symbolic,motifs",SB_MotifTwo_median.ddd,893
3656,SB_MotifTwo_median_ddu,"symbolic,motifs",SB_MotifTwo_median.ddu,893
3657,SB_MotifTwo_median_dud,"symbolic,motifs",SB_MotifTwo_median.dud,893
3658,SB_MotifTwo_median_duu,"symbolic,motifs",SB_MotifTwo_median.duu,893
3659,SB_MotifTwo_median_udd,"symbolic,motifs",SB_MotifTwo_median.udd,893
3660,SB_MotifTwo_median_udu,"symbolic,motifs",SB_MotifTwo_median.udu,893
3661,SB_MotifTwo_median_uud,"symbolic,motifs",SB_MotifTwo_median.uud,893
3662,SB_MotifTwo_median_uuu,"symbolic,motifs",SB_MotifTwo_median.uuu,893
3663,SB_MotifTwo_median_hhh,"symbolic,motifs",SB_MotifTwo_median.hhh,893
3664,SB_MotifTwo_median_dddd,"symbolic,motifs",SB_MotifTwo_median.dddd,893
3665,SB_MotifTwo_median_dddu,"symbolic,motifs",SB_MotifTwo_median.dddu,893
3666,SB_MotifTwo_median_ddud,"symbolic,motifs",SB_MotifTwo_median.ddud,893
3667,SB_MotifTwo_median_dduu,"symbolic,motifs",SB_MotifTwo_median.dduu,893
3668,SB_MotifTwo_median_dudd,"symbolic,motifs",SB_MotifTwo_median.dudd,893
3669,SB_MotifTwo_median_dudu,"symbolic,motifs",SB_MotifTwo_median.dudu,893
3670,SB_MotifTwo_median_duud,"symbolic,motifs",SB_MotifTwo_median.duud,893
3671,SB_MotifTwo_median_duuu,"symbolic,motifs",SB_MotifTwo_median.duuu,893
3672,SB_MotifTwo_median_uddd,"symbolic,motifs",SB_MotifTwo_median.uddd,893
3673,SB_MotifTwo_median_uddu,"symbolic,motifs",SB_MotifTwo_median.uddu,893
3674,SB_MotifTwo_median_udud,"symbolic,motifs",SB_MotifTwo_median.udud,893
3675,SB_MotifTwo_median_uduu,"symbolic,motifs",SB_MotifTwo_median.uduu,893
3676,SB_MotifTwo_median_uudd,"symbolic,motifs",SB_MotifTwo_median.uudd,893
3677,SB_MotifTwo_median_uudu,"symbolic,motifs",SB_MotifTwo_median.uudu,893
3678,SB_MotifTwo_median_uuud,"symbolic,motifs",SB_MotifTwo_median.uuud,893
3679,SB_MotifTwo_median_uuuu,"symbolic,motifs",SB_MotifTwo_median.uuuu,893
3680,SB_MotifTwo_median_hhhh,"symbolic,motifs",SB_MotifTwo_median.hhhh,893
3681,SB_MotifThree_quantile_aa,"symbolic,motifs",SB_MotifThree_quantile.aa,894
3682,SB_MotifThree_quantile_ab,"symbolic,motifs",SB_MotifThree_quantile.ab,894
3683,SB_MotifThree_quantile_ac,"symbolic,motifs",SB_MotifThree_quantile.ac,894
3684,SB_MotifThree_quantile_ba,"symbolic,motifs",SB_MotifThree_quantile.ba,894
3685,SB_MotifThree_quantile_bb,"symbolic,motifs",SB_MotifThree_quantile.bb,894
3686,SB_MotifThree_quantile_bc,"symbolic,motifs",SB_MotifThree_quantile.bc,894
3687,SB_MotifThree_quantile_ca,"symbolic,motifs",SB_MotifThree_quantile.ca,894
3688,SB_MotifThree_quantile_cb,"symbolic,motifs",SB_MotifThree_quantile.cb,894
3689,SB_MotifThree_quantile_cc,"symbolic,motifs",SB_MotifThree_quantile.cc,894
3690,SB_MotifThree_quantile_hh,"symbolic,motifs",SB_MotifThree_quantile.hh,894
3691,SB_MotifThree_quantile_aaa,"symbolic,motifs",SB_MotifThree_quantile.aaa,894
3692,SB_MotifThree_quantile_aab,"symbolic,motifs",SB_MotifThree_quantile.aab,894
3693,SB_MotifThree_quantile_aac,"symbolic,motifs",SB_MotifThree_quantile.aac,894
3694,SB_MotifThree_quantile_aba,"symbolic,motifs",SB_MotifThree_quantile.aba,894
3695,SB_MotifThree_quantile_abb,"symbolic,motifs",SB_MotifThree_quantile.abb,894
3696,SB_MotifThree_quantile_abc,"symbolic,motifs",SB_MotifThree_quantile.abc,894
3697,SB_MotifThree_quantile_aca,"symbolic,motifs",SB_MotifThree_quantile.aca,894
3698,SB_MotifThree_quantile_acb,"symbolic,motifs",SB_MotifThree_quantile.acb,894
3699,SB_MotifThree_quantile_acc,"symbolic,motifs",SB_MotifThree_quantile.acc,894
3700,SB_MotifThree_quantile_baa,"symbolic,motifs",SB_MotifThree_quantile.baa,894
3701,SB_MotifThree_quantile_bab,"symbolic,motifs",SB_MotifThree_quantile.bab,894
3702,SB_MotifThree_quantile_bac,"symbolic,motifs",SB_MotifThree_quantile.bac,894
3703,SB_MotifThree_quantile_bba,"symbolic,motifs",SB_MotifThree_quantile.bba,894
3704,SB_MotifThree_quantile_bbb,"symbolic,motifs",SB_MotifThree_quantile.bbb,894
3705,SB_MotifThree_quantile_bbc,"symbolic,motifs",SB_MotifThree_quantile.bbc,894
3706,SB_MotifThree_quantile_bca,"symbolic,motifs",SB_MotifThree_quantile.bca,894
3707,SB_MotifThree_quantile_bcb,"symbolic,motifs",SB_MotifThree_quantile.bcb,894
3708,SB_MotifThree_quantile_bcc,"symbolic,motifs",SB_MotifThree_quantile.bcc,894
3709,SB_MotifThree_quantile_caa,"symbolic,motifs",SB_MotifThree_quantile.caa,894
3710,SB_MotifThree_quantile_cab,"symbolic,motifs",SB_MotifThree_quantile.cab,894
3711,SB_MotifThree_quantile_cac,"symbolic,motifs",SB_MotifThree_quantile.cac,894
3712,SB_MotifThree_quantile_cba,"symbolic,motifs",SB_MotifThree_quantile.cba,894
3713,SB_MotifThree_quantile_cbb,"symbolic,motifs",SB_MotifThree_quantile.cbb,894
3714,SB_MotifThree_quantile_cbc,"symbolic,motifs",SB_MotifThree_quantile.cbc,894
3715,SB_MotifThree_quantile_cca,"symbolic,motifs",SB_MotifThree_quantile.cca,894
3716,SB_MotifThree_quantile_ccb,"symbolic,motifs",SB_MotifThree_quantile.ccb,894
3717,SB_MotifThree_quantile_ccc,"symbolic,motifs",SB_MotifThree_quantile.ccc,894
3718,SB_MotifThree_quantile_hhh,"symbolic,motifs",SB_MotifThree_quantile.hhh,894
3719,SB_MotifThree_quantile_aaaa,"symbolic,motifs",SB_MotifThree_quantile.aaaa,894
3720,SB_MotifThree_quantile_aaab,"symbolic,motifs",SB_MotifThree_quantile.aaab,894
3721,SB_MotifThree_quantile_aaac,"symbolic,motifs",SB_MotifThree_quantile.aaac,894
3722,SB_MotifThree_quantile_aaba,"symbolic,motifs",SB_MotifThree_quantile.aaba,894
3723,SB_MotifThree_quantile_aabb,"symbolic,motifs",SB_MotifThree_quantile.aabb,894
3724,SB_MotifThree_quantile_aabc,"symbolic,motifs",SB_MotifThree_quantile.aabc,894
3725,SB_MotifThree_quantile_aaca,"symbolic,motifs",SB_MotifThree_quantile.aaca,894
3726,SB_MotifThree_quantile_aacb,"symbolic,motifs",SB_MotifThree_quantile.aacb,894
3727,SB_MotifThree_quantile_aacc,"symbolic,motifs",SB_MotifThree_quantile.aacc,894
3728,SB_MotifThree_quantile_abaa,"symbolic,motifs",SB_MotifThree_quantile.abaa,894
3729,SB_MotifThree_quantile_abab,"symbolic,motifs",SB_MotifThree_quantile.abab,894
3730,SB_MotifThree_quantile_abac,"symbolic,motifs",SB_MotifThree_quantile.abac,894
3731,SB_MotifThree_quantile_abba,"symbolic,motifs",SB_MotifThree_quantile.abba,894
3732,SB_MotifThree_quantile_abbb,"symbolic,motifs",SB_MotifThree_quantile.abbb,894
3733,SB_MotifThree_quantile_abbc,"symbolic,motifs",SB_MotifThree_quantile.abbc,894
3734,SB_MotifThree_quantile_abca,"symbolic,motifs",SB_MotifThree_quantile.abca,894
3735,SB_MotifThree_quantile_abcb,"symbolic,motifs",SB_MotifThree_quantile.abcb,894
3736,SB_MotifThree_quantile_abcc,"symbolic,motifs",SB_MotifThree_quantile.abcc,894
3737,SB_MotifThree_quantile_acaa,"symbolic,motifs",SB_MotifThree_quantile.acaa,894
3738,SB_MotifThree_quantile_acab,"symbolic,motifs",SB_MotifThree_quantile.acab,894
3739,SB_MotifThree_quantile_acac,"symbolic,motifs",SB_MotifThree_quantile.acac,894
3740,SB_MotifThree_quantile_acba,"symbolic,motifs",SB_MotifThree_quantile.acba,894
3741,SB_MotifThree_quantile_acbb,"symbolic,motifs",SB_MotifThree_quantile.acbb,894
3742,SB_MotifThree_quantile_acbc,"symbolic,motifs",SB_MotifThree_quantile.acbc,894
3743,SB_MotifThree_quantile_acca,"symbolic,motifs",SB_MotifThree_quantile.acca,894
3744,SB_MotifThree_quantile_accb,"symbolic,motifs",SB_MotifThree_quantile.accb,894
3745,SB_MotifThree_quantile_accc,"symbolic,motifs",SB_MotifThree_quantile.accc,894
3746,SB_MotifThree_quantile_baaa,"symbolic,motifs",SB_MotifThree_quantile.baaa,894
3747,SB_MotifThree_quantile_baab,"symbolic,motifs",SB_MotifThree_quantile.baab,894
3748,SB_MotifThree_quantile_baac,"symbolic,motifs",SB_MotifThree_quantile.baac,894
3749,SB_MotifThree_quantile_baba,"symbolic,motifs",SB_MotifThree_quantile.baba,894
3750,SB_MotifThree_quantile_babb,"symbolic,motifs",SB_MotifThree_quantile.babb,894
3751,SB_MotifThree_quantile_babc,"symbolic,motifs",SB_MotifThree_quantile.babc,894
3752,SB_MotifThree_quantile_baca,"symbolic,motifs",SB_MotifThree_quantile.baca,894
3753,SB_MotifThree_quantile_bacb,"symbolic,motifs",SB_MotifThree_quantile.bacb,894
3754,SB_MotifThree_quantile_bacc,"symbolic,motifs",SB_MotifThree_quantile.bacc,894
3755,SB_MotifThree_quantile_bbaa,"symbolic,motifs",SB_MotifThree_quantile.bbaa,894
3756,SB_MotifThree_quantile_bbab,"symbolic,motifs",SB_MotifThree_quantile.bbab,894
3757,SB_MotifThree_quantile_bbac,"symbolic,motifs",SB_MotifThree_quantile.bbac,894
3758,SB_MotifThree_quantile_bbba,"symbolic,motifs",SB_MotifThree_quantile.bbba,894
3759,SB_MotifThree_quantile_bbbb,"symbolic,motifs",SB_MotifThree_quantile.bbbb,894
3760,SB_MotifThree_quantile_bbbc,"symbolic,motifs",SB_MotifThree_quantile.bbbc,894
3761,SB_MotifThree_quantile_bbca,"symbolic,motifs",SB_MotifThree_quantile.bbca,894
3762,SB_MotifThree_quantile_bbcb,"symbolic,motifs",SB_MotifThree_quantile.bbcb,894
3763,SB_MotifThree_quantile_bbcc,"symbolic,motifs",SB_MotifThree_quantile.bbcc,894
3764,SB_MotifThree_quantile_bcaa,"symbolic,motifs",SB_MotifThree_quantile.bcaa,894
3765,SB_MotifThree_quantile_bcab,"symbolic,motifs",SB_MotifThree_quantile.bcab,894
3766,SB_MotifThree_quantile_bcac,"symbolic,motifs",SB_MotifThree_quantile.bcac,894
3767,SB_MotifThree_quantile_bcba,"symbolic,motifs",SB_MotifThree_quantile.bcba,894
3768,SB_MotifThree_quantile_bcbb,"symbolic,motifs",SB_MotifThree_quantile.bcbb,894
3769,SB_MotifThree_quantile_bcbc,"symbolic,motifs",SB_MotifThree_quantile.bcbc,894
3770,SB_MotifThree_quantile_bcca,"symbolic,motifs",SB_MotifThree_quantile.bcca,894
3771,SB_MotifThree_quantile_bccb,"symbolic,motifs",SB_MotifThree_quantile.bccb,894
3772,SB_MotifThree_quantile_bccc,"symbolic,motifs",SB_MotifThree_quantile.bccc,894
3773,SB_MotifThree_quantile_caaa,"symbolic,motifs",SB_MotifThree_quantile.caaa,894
3774,SB_MotifThree_quantile_caab,"symbolic,motifs",SB_MotifThree_quantile.caab,894
3775,SB_MotifThree_quantile_caac,"symbolic,motifs",SB_MotifThree_quantile.caac,894
3776,SB_MotifThree_quantile_caba,"symbolic,motifs",SB_MotifThree_quantile.caba,894
3777,SB_MotifThree_quantile_cabb,"symbolic,motifs",SB_MotifThree_quantile.cabb,894
3778,SB_MotifThree_quantile_cabc,"symbolic,motifs",SB_MotifThree_quantile.cabc,894
3779,SB_MotifThree_quantile_caca,"symbolic,motifs",SB_MotifThree_quantile.caca,894
3780,SB_MotifThree_quantile_cacb,"symbolic,motifs",SB_MotifThree_quantile.cacb,894
3781,SB_MotifThree_quantile_cacc,"symbolic,motifs",SB_MotifThree_quantile.cacc,894
3782,SB_MotifThree_quantile_cbaa,"symbolic,motifs",SB_MotifThree_quantile.cbaa,894
3783,SB_MotifThree_quantile_cbab,"symbolic,motifs",SB_MotifThree_quantile.cbab,894
3784,SB_MotifThree_quantile_cbac,"symbolic,motifs",SB_MotifThree_quantile.cbac,894
3785,SB_MotifThree_quantile_cbba,"symbolic,motifs",SB_MotifThree_quantile.cbba,894
3786,SB_MotifThree_quantile_cbbb,"symbolic,motifs",SB_MotifThree_quantile.cbbb,894
3787,SB_MotifThree_quantile_cbbc,"symbolic,motifs",SB_MotifThree_quantile.cbbc,894
3788,SB_MotifThree_quantile_cbca,"symbolic,motifs",SB_MotifThree_quantile.cbca,894
3789,SB_MotifThree_quantile_cbcb,"symbolic,motifs",SB_MotifThree_quantile.cbcb,894
3790,SB_MotifThree_quantile_cbcc,"symbolic,motifs",SB_MotifThree_quantile.cbcc,894
3791,SB_MotifThree_quantile_ccaa,"symbolic,motifs",SB_MotifThree_quantile.ccaa,894
3792,SB_MotifThree_quantile_ccab,"symbolic,motifs",SB_MotifThree_quantile.ccab,894
3793,SB_MotifThree_quantile_ccac,"symbolic,motifs",SB_MotifThree_quantile.ccac,894
3794,SB_MotifThree_quantile_ccba,"symbolic,motifs",SB_MotifThree_quantile.ccba,894
3795,SB_MotifThree_quantile_ccbb,"symbolic,motifs",SB_MotifThree_quantile.ccbb,894
3796,SB_MotifThree_quantile_ccbc,"symbolic,motifs",SB_MotifThree_quantile.ccbc,894
3797,SB_MotifThree_quantile_ccca,"symbolic,motifs",SB_MotifThree_quantile.ccca,894
3798,SB_MotifThree_quantile_cccb,"symbolic,motifs",SB_MotifThree_quantile.cccb,894
3799,SB_MotifThree_quantile_cccc,"symbolic,motifs",SB_MotifThree_quantile.cccc,894
3800,SB_MotifThree_quantile_hhhh,"symbolic,motifs",SB_MotifThree_quantile.hhhh,894
3801,SB_MotifThree_diffquant_aa,"symbolic,motifs",SB_MotifThree_diffquant.aa,895
3802,SB_MotifThree_diffquant_ab,"symbolic,motifs",SB_MotifThree_diffquant.ab,895
3803,SB_MotifThree_diffquant_ac,"symbolic,motifs",SB_MotifThree_diffquant.ac,895
3804,SB_MotifThree_diffquant_ba,"symbolic,motifs",SB_MotifThree_diffquant.ba,895
3805,SB_MotifThree_diffquant_bb,"symbolic,motifs",SB_MotifThree_diffquant.bb,895
3806,SB_MotifThree_diffquant_bc,"symbolic,motifs",SB_MotifThree_diffquant.bc,895
3807,SB_MotifThree_diffquant_ca,"symbolic,motifs",SB_MotifThree_diffquant.ca,895
3808,SB_MotifThree_diffquant_cb,"symbolic,motifs",SB_MotifThree_diffquant.cb,895
3809,SB_MotifThree_diffquant_cc,"symbolic,motifs",SB_MotifThree_diffquant.cc,895
3810,SB_MotifThree_diffquant_hh,"symbolic,motifs",SB_MotifThree_diffquant.hh,895
3811,SB_MotifThree_diffquant_aaa,"symbolic,motifs",SB_MotifThree_diffquant.aaa,895
3812,SB_MotifThree_diffquant_aab,"symbolic,motifs",SB_MotifThree_diffquant.aab,895
3813,SB_MotifThree_diffquant_aac,"symbolic,motifs",SB_MotifThree_diffquant.aac,895
3814,SB_MotifThree_diffquant_aba,"symbolic,motifs",SB_MotifThree_diffquant.aba,895
3815,SB_MotifThree_diffquant_abb,"symbolic,motifs",SB_MotifThree_diffquant.abb,895
3816,SB_MotifThree_diffquant_abc,"symbolic,motifs",SB_MotifThree_diffquant.abc,895
3817,SB_MotifThree_diffquant_aca,"symbolic,motifs",SB_MotifThree_diffquant.aca,895
3818,SB_MotifThree_diffquant_acb,"symbolic,motifs",SB_MotifThree_diffquant.acb,895
3819,SB_MotifThree_diffquant_acc,"symbolic,motifs",SB_MotifThree_diffquant.acc,895
3820,SB_MotifThree_diffquant_baa,"symbolic,motifs",SB_MotifThree_diffquant.baa,895
3821,SB_MotifThree_diffquant_bab,"symbolic,motifs",SB_MotifThree_diffquant.bab,895
3822,SB_MotifThree_diffquant_bac,"symbolic,motifs",SB_MotifThree_diffquant.bac,895
3823,SB_MotifThree_diffquant_bba,"symbolic,motifs",SB_MotifThree_diffquant.bba,895
3824,SB_MotifThree_diffquant_bbb,"symbolic,motifs",SB_MotifThree_diffquant.bbb,895
3825,SB_MotifThree_diffquant_bbc,"symbolic,motifs",SB_MotifThree_diffquant.bbc,895
3826,SB_MotifThree_diffquant_bca,"symbolic,motifs",SB_MotifThree_diffquant.bca,895
3827,SB_MotifThree_diffquant_bcb,"symbolic,motifs",SB_MotifThree_diffquant.bcb,895
3828,SB_MotifThree_diffquant_bcc,"symbolic,motifs",SB_MotifThree_diffquant.bcc,895
3829,SB_MotifThree_diffquant_caa,"symbolic,motifs",SB_MotifThree_diffquant.caa,895
3830,SB_MotifThree_diffquant_cab,"symbolic,motifs",SB_MotifThree_diffquant.cab,895
3831,SB_MotifThree_diffquant_cac,"symbolic,motifs",SB_MotifThree_diffquant.cac,895
3832,SB_MotifThree_diffquant_cba,"symbolic,motifs",SB_MotifThree_diffquant.cba,895
3833,SB_MotifThree_diffquant_cbb,"symbolic,motifs",SB_MotifThree_diffquant.cbb,895
3834,SB_MotifThree_diffquant_cbc,"symbolic,motifs",SB_MotifThree_diffquant.cbc,895
3835,SB_MotifThree_diffquant_cca,"symbolic,motifs",SB_MotifThree_diffquant.cca,895
3836,SB_MotifThree_diffquant_ccb,"symbolic,motifs",SB_MotifThree_diffquant.ccb,895
3837,SB_MotifThree_diffquant_ccc,"symbolic,motifs",SB_MotifThree_diffquant.ccc,895
3838,SB_MotifThree_diffquant_hhh,"symbolic,motifs",SB_MotifThree_diffquant.hhh,895
3839,SB_MotifThree_diffquant_aaaa,"symbolic,motifs",SB_MotifThree_diffquant.aaaa,895
3840,SB_MotifThree_diffquant_aaab,"symbolic,motifs",SB_MotifThree_diffquant.aaab,895
3841,SB_MotifThree_diffquant_aaac,"symbolic,motifs",SB_MotifThree_diffquant.aaac,895
3842,SB_MotifThree_diffquant_aaba,"symbolic,motifs",SB_MotifThree_diffquant.aaba,895
3843,SB_MotifThree_diffquant_aabb,"symbolic,motifs",SB_MotifThree_diffquant.aabb,895
3844,SB_MotifThree_diffquant_aabc,"symbolic,motifs",SB_MotifThree_diffquant.aabc,895
3845,SB_MotifThree_diffquant_aaca,"symbolic,motifs",SB_MotifThree_diffquant.aaca,895
3846,SB_MotifThree_diffquant_aacb,"symbolic,motifs",SB_MotifThree_diffquant.aacb,895
3847,SB_MotifThree_diffquant_aacc,"symbolic,motifs",SB_MotifThree_diffquant.aacc,895
3848,SB_MotifThree_diffquant_abaa,"symbolic,motifs",SB_MotifThree_diffquant.abaa,895
3849,SB_MotifThree_diffquant_abab,"symbolic,motifs",SB_MotifThree_diffquant.abab,895
3850,SB_MotifThree_diffquant_abac,"symbolic,motifs",SB_MotifThree_diffquant.abac,895
3851,SB_MotifThree_diffquant_abba,"symbolic,motifs",SB_MotifThree_diffquant.abba,895
3852,SB_MotifThree_diffquant_abbb,"symbolic,motifs",SB_MotifThree_diffquant.abbb,895
3853,SB_MotifThree_diffquant_abbc,"symbolic,motifs",SB_MotifThree_diffquant.abbc,895
3854,SB_MotifThree_diffquant_abca,"symbolic,motifs",SB_MotifThree_diffquant.abca,895
3855,SB_MotifThree_diffquant_abcb,"symbolic,motifs",SB_MotifThree_diffquant.abcb,895
3856,SB_MotifThree_diffquant_abcc,"symbolic,motifs",SB_MotifThree_diffquant.abcc,895
3857,SB_MotifThree_diffquant_acaa,"symbolic,motifs",SB_MotifThree_diffquant.acaa,895
3858,SB_MotifThree_diffquant_acab,"symbolic,motifs",SB_MotifThree_diffquant.acab,895
3859,SB_MotifThree_diffquant_acac,"symbolic,motifs",SB_MotifThree_diffquant.acac,895
3860,SB_MotifThree_diffquant_acba,"symbolic,motifs",SB_MotifThree_diffquant.acba,895
3861,SB_MotifThree_diffquant_acbb,"symbolic,motifs",SB_MotifThree_diffquant.acbb,895
3862,SB_MotifThree_diffquant_acbc,"symbolic,motifs",SB_MotifThree_diffquant.acbc,895
3863,SB_MotifThree_diffquant_acca,"symbolic,motifs",SB_MotifThree_diffquant.acca,895
3864,SB_MotifThree_diffquant_accb,"symbolic,motifs",SB_MotifThree_diffquant.accb,895
3865,SB_MotifThree_diffquant_accc,"symbolic,motifs",SB_MotifThree_diffquant.accc,895
3866,SB_MotifThree_diffquant_baaa,"symbolic,motifs",SB_MotifThree_diffquant.baaa,895
3867,SB_MotifThree_diffquant_baab,"symbolic,motifs",SB_MotifThree_diffquant.baab,895
3868,SB_MotifThree_diffquant_baac,"symbolic,motifs",SB_MotifThree_diffquant.baac,895
3869,SB_MotifThree_diffquant_baba,"symbolic,motifs",SB_MotifThree_diffquant.baba,895
3870,SB_MotifThree_diffquant_babb,"symbolic,motifs",SB_MotifThree_diffquant.babb,895
3871,SB_MotifThree_diffquant_babc,"symbolic,motifs",SB_MotifThree_diffquant.babc,895
3872,SB_MotifThree_diffquant_baca,"symbolic,motifs",SB_MotifThree_diffquant.baca,895
3873,SB_MotifThree_diffquant_bacb,"symbolic,motifs",SB_MotifThree_diffquant.bacb,895
3874,SB_MotifThree_diffquant_bacc,"symbolic,motifs",SB_MotifThree_diffquant.bacc,895
3875,SB_MotifThree_diffquant_bbaa,"symbolic,motifs",SB_MotifThree_diffquant.bbaa,895
3876,SB_MotifThree_diffquant_bbab,"symbolic,motifs",SB_MotifThree_diffquant.bbab,895
3877,SB_MotifThree_diffquant_bbac,"symbolic,motifs",SB_MotifThree_diffquant.bbac,895
3878,SB_MotifThree_diffquant_bbba,"symbolic,motifs",SB_MotifThree_diffquant.bbba,895
3879,SB_MotifThree_diffquant_bbbb,"symbolic,motifs",SB_MotifThree_diffquant.bbbb,895
3880,SB_MotifThree_diffquant_bbbc,"symbolic,motifs",SB_MotifThree_diffquant.bbbc,895
3881,SB_MotifThree_diffquant_bbca,"symbolic,motifs",SB_MotifThree_diffquant.bbca,895
3882,SB_MotifThree_diffquant_bbcb,"symbolic,motifs",SB_MotifThree_diffquant.bbcb,895
3883,SB_MotifThree_diffquant_bbcc,"symbolic,motifs",SB_MotifThree_diffquant.bbcc,895
3884,SB_MotifThree_diffquant_bcaa,"symbolic,motifs",SB_MotifThree_diffquant.bcaa,895
3885,SB_MotifThree_diffquant_bcab,"symbolic,motifs",SB_MotifThree_diffquant.bcab,895
3886,SB_MotifThree_diffquant_bcac,"symbolic,motifs",SB_MotifThree_diffquant.bcac,895
3887,SB_MotifThree_diffquant_bcba,"symbolic,motifs",SB_MotifThree_diffquant.bcba,895
3888,SB_MotifThree_diffquant_bcbb,"symbolic,motifs",SB_MotifThree_diffquant.bcbb,895
3889,SB_MotifThree_diffquant_bcbc,"symbolic,motifs",SB_MotifThree_diffquant.bcbc,895
3890,SB_MotifThree_diffquant_bcca,"symbolic,motifs",SB_MotifThree_diffquant.bcca,895
3891,SB_MotifThree_diffquant_bccb,"symbolic,motifs",SB_MotifThree_diffquant.bccb,895
3892,SB_MotifThree_diffquant_bccc,"symbolic,motifs",SB_MotifThree_diffquant.bccc,895
3893,SB_MotifThree_diffquant_caaa,"symbolic,motifs",SB_MotifThree_diffquant.caaa,895
3894,SB_MotifThree_diffquant_caab,"symbolic,motifs",SB_MotifThree_diffquant.caab,895
3895,SB_MotifThree_diffquant_caac,"symbolic,motifs",SB_MotifThree_diffquant.caac,895
3896,SB_MotifThree_diffquant_caba,"symbolic,motifs",SB_MotifThree_diffquant.caba,895
3897,SB_MotifThree_diffquant_cabb,"symbolic,motifs",SB_MotifThree_diffquant.cabb,895
3898,SB_MotifThree_diffquant_cabc,"symbolic,motifs",SB_MotifThree_diffquant.cabc,895
3899,SB_MotifThree_diffquant_caca,"symbolic,motifs",SB_MotifThree_diffquant.caca,895
3900,SB_MotifThree_diffquant_cacb,"symbolic,motifs",SB_MotifThree_diffquant.cacb,895
3901,SB_MotifThree_diffquant_cacc,"symbolic,motifs",SB_MotifThree_diffquant.cacc,895
3902,SB_MotifThree_diffquant_cbaa,"symbolic,motifs",SB_MotifThree_diffquant.cbaa,895
3903,SB_MotifThree_diffquant_cbab,"symbolic,motifs",SB_MotifThree_diffquant.cbab,895
3904,SB_MotifThree_diffquant_cbac,"symbolic,motifs",SB_MotifThree_diffquant.cbac,895
3905,SB_MotifThree_diffquant_cbba,"symbolic,motifs",SB_MotifThree_diffquant.cbba,895
3906,SB_MotifThree_diffquant_cbbb,"symbolic,motifs",SB_MotifThree_diffquant.cbbb,895
3907,SB_MotifThree_diffquant_cbbc,"symbolic,motifs",SB_MotifThree_diffquant.cbbc,895
3908,SB_MotifThree_diffquant_cbca,"symbolic,motifs",SB_MotifThree_diffquant.cbca,895
3909,SB_MotifThree_diffquant_cbcb,"symbolic,motifs",SB_MotifThree_diffquant.cbcb,895
3910,SB_MotifThree_diffquant_cbcc,"symbolic,motifs",SB_MotifThree_diffquant.cbcc,895
3911,SB_MotifThree_diffquant_ccaa,"symbolic,motifs",SB_MotifThree_diffquant.ccaa,895
3912,SB_MotifThree_diffquant_ccab,"symbolic,motifs",SB_MotifThree_diffquant.ccab,895
3913,SB_MotifThree_diffquant_ccac,"symbolic,motifs",SB_MotifThree_diffquant.ccac,895
3914,SB_MotifThree_diffquant_ccba,"symbolic,motifs",SB_MotifThree_diffquant.ccba,895
3915,SB_MotifThree_diffquant_ccbb,"symbolic,motifs",SB_MotifThree_diffquant.ccbb,895
3916,SB_MotifThree_diffquant_ccbc,"symbolic,motifs",SB_MotifThree_diffquant.ccbc,895
3917,SB_MotifThree_diffquant_ccca,"symbolic,motifs",SB_MotifThree_diffquant.ccca,895
3918,SB_MotifThree_diffquant_cccb,"symbolic,motifs",SB_MotifThree_diffquant.cccb,895
3919,SB_MotifThree_diffquant_cccc,"symbolic,motifs",SB_MotifThree_diffquant.cccc,895
3920,SB_MotifThree_diffquant_hhhh,"symbolic,motifs",SB_MotifThree_diffquant.hhhh,895
3921,MF_AR_arcov_1_res_mu,"model,gof",MF_AR_arcov_1.res_mu,896
3922,MF_AR_arcov_1_res_std,"model,gof",MF_AR_arcov_1.res_std,896
3923,MF_AR_arcov_1_res_AC1,"model,gof",MF_AR_arcov_1.res_AC1,896
3924,MF_AR_arcov_1_res_AC2,"model,gof",MF_AR_arcov_1.res_AC2,896
3925,MF_AR_arcov_2_a2,"model,fit",MF_AR_arcov_2.a2,897
3926,MF_AR_arcov_2_a3,"model,fit",MF_AR_arcov_2.a3,897
3927,MF_AR_arcov_2_var,"model,fit",MF_AR_arcov_2.e,897
3928,MF_AR_arcov_2_res_mu,"model,gof",MF_AR_arcov_2.res_mu,897
3929,MF_AR_arcov_2_res_std,"model,gof",MF_AR_arcov_2.res_std,897
3930,MF_AR_arcov_2_res_AC1,"model,gof",MF_AR_arcov_2.res_AC1,897
3931,MF_AR_arcov_2_res_AC2,"model,gof",MF_AR_arcov_2.res_AC2,897
3932,MF_AR_arcov_3_a2,"model,fit",MF_AR_arcov_3.a2,898
3933,MF_AR_arcov_3_a3,"model,fit",MF_AR_arcov_3.a3,898
3934,MF_AR_arcov_3_a4,"model,fit",MF_AR_arcov_3.a4,898
3935,MF_AR_arcov_3_var,"model,fit",MF_AR_arcov_3.e,898
3936,MF_AR_arcov_3_res_mu,"model,gof",MF_AR_arcov_3.res_mu,898
3937,MF_AR_arcov_3_res_std,"model,gof",MF_AR_arcov_3.res_std,898
3938,MF_AR_arcov_3_res_AC1,"model,gof",MF_AR_arcov_3.res_AC1,898
3939,MF_AR_arcov_3_res_AC2,"model,gof",MF_AR_arcov_3.res_AC2,898
3940,MF_AR_arcov_4_a2,"model,fit",MF_AR_arcov_4.a2,899
3941,MF_AR_arcov_4_a3,"model,fit",MF_AR_arcov_4.a3,899
3942,MF_AR_arcov_4_a4,"model,fit",MF_AR_arcov_4.a4,899
3943,MF_AR_arcov_4_a5,"model,fit",MF_AR_arcov_4.a5,899
3944,MF_AR_arcov_4_var,"model,fit",MF_AR_arcov_4.e,899
3945,MF_AR_arcov_4_res_mu,"model,gof",MF_AR_arcov_4.res_mu,899
3946,MF_AR_arcov_4_res_std,"model,gof",MF_AR_arcov_4.res_std,899
3947,MF_AR_arcov_4_res_AC1,"model,gof",MF_AR_arcov_4.res_AC1,899
3948,MF_AR_arcov_4_res_AC2,"model,gof",MF_AR_arcov_4.res_AC2,899
3949,MF_AR_arcov_5_a2,"model,fit",MF_AR_arcov_5.a2,900
3950,MF_AR_arcov_5_a3,"model,fit",MF_AR_arcov_5.a3,900
3951,MF_AR_arcov_5_a4,"model,fit",MF_AR_arcov_5.a4,900
3952,MF_AR_arcov_5_a5,"model,fit",MF_AR_arcov_5.a5,900
3953,MF_AR_arcov_5_a6,"model,fit",MF_AR_arcov_5.a6,900
3954,MF_AR_arcov_5_var,"model,fit",MF_AR_arcov_5.e,900
3955,MF_AR_arcov_5_res_mu,"model,gof",MF_AR_arcov_5.res_mu,900
3956,MF_AR_arcov_5_res_std,"model,gof",MF_AR_arcov_5.res_std,900
3957,MF_AR_arcov_5_res_AC1,"model,gof",MF_AR_arcov_5.res_AC1,900
3958,MF_AR_arcov_5_res_AC2,"model,gof",MF_AR_arcov_5.res_AC2,900
3959,DN_SimpleFit_sin1_rmse,"model,gof",DN_SimpleFit_sin1.rmse,901
3960,DN_SimpleFit_sin1_resAC1,"model",DN_SimpleFit_sin1.resAC1,901
3961,DN_SimpleFit_sin1_resAC2,"model",DN_SimpleFit_sin1.resAC2,901
3962,DN_SimpleFit_sin1_resruns,"model",DN_SimpleFit_sin1.resruns,901
3963,DN_SimpleFit_sin2_rmse,"model,gof",DN_SimpleFit_sin2.rmse,902
3964,DN_SimpleFit_sin2_resAC1,"model",DN_SimpleFit_sin2.resAC1,902
3965,DN_SimpleFit_sin2_resAC2,"model",DN_SimpleFit_sin2.resAC2,902
3966,DN_SimpleFit_sin2_resruns,"model",DN_SimpleFit_sin2.resruns,902
3967,DN_SimpleFit_sin3_rmse,"model,gof",DN_SimpleFit_sin3.rmse,903
3968,DN_SimpleFit_sin3_resAC1,"model",DN_SimpleFit_sin3.resAC1,903
3969,DN_SimpleFit_sin3_resAC2,"model",DN_SimpleFit_sin3.resAC2,903
3970,DN_SimpleFit_sin3_resruns,"model",DN_SimpleFit_sin3.resruns,903
3971,SC_FluctAnal_2_nothing_50_logi_linfitint,"scaling",SC_FluctAnal_2_nothing_50_logi.linfitint,905
3972,SC_FluctAnal_2_nothing_50_logi_alpha,"scaling",SC_FluctAnal_2_nothing_50_logi.alpha,905
3973,SC_FluctAnal_2_nothing_50_logi_se1,"scaling",SC_FluctAnal_2_nothing_50_logi.se1,905
3974,SC_FluctAnal_2_nothing_50_logi_se2,"scaling",SC_FluctAnal_2_nothing_50_logi.se2,905
3975,SC_FluctAnal_2_nothing_50_logi_ssr,"scaling",SC_FluctAnal_2_nothing_50_logi.ssr,905
3976,SC_FluctAnal_2_nothing_50_logi_resac1,"scaling",SC_FluctAnal_2_nothing_50_logi.resac1,905
3977,SC_FluctAnal_2_nothing_50_logi_logtausplit,"scaling",SC_FluctAnal_2_nothing_50_logi.logtausplit,905
3978,SC_FluctAnal_2_nothing_50_logi_prop_r1,"scaling",SC_FluctAnal_2_nothing_50_logi.prop_r1,905
3979,SC_FluctAnal_2_nothing_50_logi_ratsplitminerr,"scaling",SC_FluctAnal_2_nothing_50_logi.ratsplitminerr,905
3980,SC_FluctAnal_2_nothing_50_logi_meanssr,"scaling",SC_FluctAnal_2_nothing_50_logi.meanssr,905
3981,SC_FluctAnal_2_nothing_50_logi_stdssr,"scaling",SC_FluctAnal_2_nothing_50_logi.stdssr,905
3982,SC_FluctAnal_2_nothing_50_logi_r1_linfitint,"scaling",SC_FluctAnal_2_nothing_50_logi.r1_linfitint,905
3983,SC_FluctAnal_2_nothing_50_logi_r1_alpha,"scaling",SC_FluctAnal_2_nothing_50_logi.r1_alpha,905
3984,SC_FluctAnal_2_nothing_50_logi_r1_se1,"scaling",SC_FluctAnal_2_nothing_50_logi.r1_se1,905
3985,SC_FluctAnal_2_nothing_50_logi_r1_se2,"scaling",SC_FluctAnal_2_nothing_50_logi.r1_se2,905
3986,SC_FluctAnal_2_nothing_50_logi_r1_ssr,"scaling",SC_FluctAnal_2_nothing_50_logi.r1_ssr,905
3987,SC_FluctAnal_2_nothing_50_logi_r1_resac1,"scaling",SC_FluctAnal_2_nothing_50_logi.r1_resac1,905
3988,SC_FluctAnal_2_nothing_50_logi_r2_linfitint,"scaling",SC_FluctAnal_2_nothing_50_logi.r2_linfitint,905
3989,SC_FluctAnal_2_nothing_50_logi_r2_alpha,"scaling",SC_FluctAnal_2_nothing_50_logi.r2_alpha,905
3990,SC_FluctAnal_2_nothing_50_logi_r2_se1,"scaling",SC_FluctAnal_2_nothing_50_logi.r2_se1,905
3991,SC_FluctAnal_2_nothing_50_logi_r2_se2,"scaling",SC_FluctAnal_2_nothing_50_logi.r2_se2,905
3992,SC_FluctAnal_2_nothing_50_logi_r2_ssr,"scaling",SC_FluctAnal_2_nothing_50_logi.r2_ssr,905
3993,SC_FluctAnal_2_nothing_50_logi_r2_resac1,"scaling",SC_FluctAnal_2_nothing_50_logi.r2_resac1,905
3994,SC_FluctAnal_2_nothing_50_logi_alpharat,"scaling",SC_FluctAnal_2_nothing_50_logi.alpharat,905
3995,SC_FluctAnal_2_endptdiff_50_logi_linfitint,"scaling",SC_FluctAnal_2_endptdiff_50_logi.linfitint,906
3996,SC_FluctAnal_2_endptdiff_50_logi_alpha,"scaling",SC_FluctAnal_2_endptdiff_50_logi.alpha,906
3997,SC_FluctAnal_2_endptdiff_50_logi_se1,"scaling",SC_FluctAnal_2_endptdiff_50_logi.se1,906
3998,SC_FluctAnal_2_endptdiff_50_logi_se2,"scaling",SC_FluctAnal_2_endptdiff_50_logi.se2,906
3999,SC_FluctAnal_2_endptdiff_50_logi_ssr,"scaling",SC_FluctAnal_2_endptdiff_50_logi.ssr,906
4000,SC_FluctAnal_2_endptdiff_50_logi_resac1,"scaling",SC_FluctAnal_2_endptdiff_50_logi.resac1,906
4001,SC_FluctAnal_2_endptdiff_50_logi_logtausplit,"scaling",SC_FluctAnal_2_endptdiff_50_logi.logtausplit,906
4002,SC_FluctAnal_2_endptdiff_50_logi_prop_r1,"scaling",SC_FluctAnal_2_endptdiff_50_logi.prop_r1,906
4003,SC_FluctAnal_2_endptdiff_50_logi_ratsplitminerr,"scaling",SC_FluctAnal_2_endptdiff_50_logi.ratsplitminerr,906
4004,SC_FluctAnal_2_endptdiff_50_logi_meanssr,"scaling",SC_FluctAnal_2_endptdiff_50_logi.meanssr,906
4005,SC_FluctAnal_2_endptdiff_50_logi_stdssr,"scaling",SC_FluctAnal_2_endptdiff_50_logi.stdssr,906
4006,SC_FluctAnal_2_endptdiff_50_logi_r1_linfitint,"scaling",SC_FluctAnal_2_endptdiff_50_logi.r1_linfitint,906
4007,SC_FluctAnal_2_endptdiff_50_logi_r1_alpha,"scaling",SC_FluctAnal_2_endptdiff_50_logi.r1_alpha,906
4008,SC_FluctAnal_2_endptdiff_50_logi_r1_se1,"scaling",SC_FluctAnal_2_endptdiff_50_logi.r1_se1,906
4009,SC_FluctAnal_2_endptdiff_50_logi_r1_se2,"scaling",SC_FluctAnal_2_endptdiff_50_logi.r1_se2,906
4010,SC_FluctAnal_2_endptdiff_50_logi_r1_ssr,"scaling",SC_FluctAnal_2_endptdiff_50_logi.r1_ssr,906
4011,SC_FluctAnal_2_endptdiff_50_logi_r1_resac1,"scaling",SC_FluctAnal_2_endptdiff_50_logi.r1_resac1,906
4012,SC_FluctAnal_2_endptdiff_50_logi_r2_linfitint,"scaling",SC_FluctAnal_2_endptdiff_50_logi.r2_linfitint,906
4013,SC_FluctAnal_2_endptdiff_50_logi_r2_alpha,"scaling",SC_FluctAnal_2_endptdiff_50_logi.r2_alpha,906
4014,SC_FluctAnal_2_endptdiff_50_logi_r2_se1,"scaling",SC_FluctAnal_2_endptdiff_50_logi.r2_se1,906
4015,SC_FluctAnal_2_endptdiff_50_logi_r2_se2,"scaling",SC_FluctAnal_2_endptdiff_50_logi.r2_se2,906
4016,SC_FluctAnal_2_endptdiff_50_logi_r2_ssr,"scaling",SC_FluctAnal_2_endptdiff_50_logi.r2_ssr,906
4017,SC_FluctAnal_2_endptdiff_50_logi_r2_resac1,"scaling",SC_FluctAnal_2_endptdiff_50_logi.r2_resac1,906
4018,SC_FluctAnal_2_endptdiff_50_logi_alpharat,"scaling",SC_FluctAnal_2_endptdiff_50_logi.alpharat,906
4019,SC_FluctAnal_2_range_50_logi_linfitint,"scaling",SC_FluctAnal_2_range_50_logi.linfitint,907
4020,SC_FluctAnal_2_range_50_logi_alpha,"scaling",SC_FluctAnal_2_range_50_logi.alpha,907
4021,SC_FluctAnal_2_range_50_logi_se1,"scaling",SC_FluctAnal_2_range_50_logi.se1,907
4022,SC_FluctAnal_2_range_50_logi_se2,"scaling",SC_FluctAnal_2_range_50_logi.se2,907
4023,SC_FluctAnal_2_range_50_logi_ssr,"scaling",SC_FluctAnal_2_range_50_logi.ssr,907
4024,SC_FluctAnal_2_range_50_logi_resac1,"scaling",SC_FluctAnal_2_range_50_logi.resac1,907
4025,SC_FluctAnal_2_range_50_logi_logtausplit,"scaling",SC_FluctAnal_2_range_50_logi.logtausplit,907
4026,SC_FluctAnal_2_range_50_logi_prop_r1,"scaling",SC_FluctAnal_2_range_50_logi.prop_r1,907
4027,SC_FluctAnal_2_range_50_logi_ratsplitminerr,"scaling",SC_FluctAnal_2_range_50_logi.ratsplitminerr,907
4028,SC_FluctAnal_2_range_50_logi_meanssr,"scaling",SC_FluctAnal_2_range_50_logi.meanssr,907
4029,SC_FluctAnal_2_range_50_logi_stdssr,"scaling",SC_FluctAnal_2_range_50_logi.stdssr,907
4030,SC_FluctAnal_2_range_50_logi_r1_linfitint,"scaling",SC_FluctAnal_2_range_50_logi.r1_linfitint,907
4031,SC_FluctAnal_2_range_50_logi_r1_alpha,"scaling",SC_FluctAnal_2_range_50_logi.r1_alpha,907
4032,SC_FluctAnal_2_range_50_logi_r1_se1,"scaling",SC_FluctAnal_2_range_50_logi.r1_se1,907
4033,SC_FluctAnal_2_range_50_logi_r1_se2,"scaling",SC_FluctAnal_2_range_50_logi.r1_se2,907
4034,SC_FluctAnal_2_range_50_logi_r1_ssr,"scaling",SC_FluctAnal_2_range_50_logi.r1_ssr,907
4035,SC_FluctAnal_2_range_50_logi_r1_resac1,"scaling",SC_FluctAnal_2_range_50_logi.r1_resac1,907
4036,SC_FluctAnal_2_range_50_logi_r2_linfitint,"scaling",SC_FluctAnal_2_range_50_logi.r2_linfitint,907
4037,SC_FluctAnal_2_range_50_logi_r2_alpha,"scaling",SC_FluctAnal_2_range_50_logi.r2_alpha,907
4038,SC_FluctAnal_2_range_50_logi_r2_se1,"scaling",SC_FluctAnal_2_range_50_logi.r2_se1,907
4039,SC_FluctAnal_2_range_50_logi_r2_se2,"scaling",SC_FluctAnal_2_range_50_logi.r2_se2,907
4040,SC_FluctAnal_2_range_50_logi_r2_ssr,"scaling",SC_FluctAnal_2_range_50_logi.r2_ssr,907
4041,SC_FluctAnal_2_range_50_logi_r2_resac1,"scaling",SC_FluctAnal_2_range_50_logi.r2_resac1,907
4042,SC_FluctAnal_2_range_50_logi_alpharat,"scaling",SC_FluctAnal_2_range_50_logi.alpharat,907
4043,SC_FluctAnal_2_std_50_logi_linfitint,"scaling",SC_FluctAnal_2_std_50_logi.linfitint,908
4044,SC_FluctAnal_2_std_50_logi_alpha,"scaling",SC_FluctAnal_2_std_50_logi.alpha,908
4045,SC_FluctAnal_2_std_50_logi_se1,"scaling",SC_FluctAnal_2_std_50_logi.se1,908
4046,SC_FluctAnal_2_std_50_logi_se2,"scaling",SC_FluctAnal_2_std_50_logi.se2,908
4047,SC_FluctAnal_2_std_50_logi_ssr,"scaling",SC_FluctAnal_2_std_50_logi.ssr,908
4048,SC_FluctAnal_2_std_50_logi_resac1,"scaling",SC_FluctAnal_2_std_50_logi.resac1,908
4049,SC_FluctAnal_2_std_50_logi_logtausplit,"scaling",SC_FluctAnal_2_std_50_logi.logtausplit,908
4050,SC_FluctAnal_2_std_50_logi_prop_r1,"scaling",SC_FluctAnal_2_std_50_logi.prop_r1,908
4051,SC_FluctAnal_2_std_50_logi_ratsplitminerr,"scaling",SC_FluctAnal_2_std_50_logi.ratsplitminerr,908
4052,SC_FluctAnal_2_std_50_logi_meanssr,"scaling",SC_FluctAnal_2_std_50_logi.meanssr,908
4053,SC_FluctAnal_2_std_50_logi_stdssr,"scaling",SC_FluctAnal_2_std_50_logi.stdssr,908
4054,SC_FluctAnal_2_std_50_logi_r1_linfitint,"scaling",SC_FluctAnal_2_std_50_logi.r1_linfitint,908
4055,SC_FluctAnal_2_std_50_logi_r1_alpha,"scaling",SC_FluctAnal_2_std_50_logi.r1_alpha,908
4056,SC_FluctAnal_2_std_50_logi_r1_se1,"scaling",SC_FluctAnal_2_std_50_logi.r1_se1,908
4057,SC_FluctAnal_2_std_50_logi_r1_se2,"scaling",SC_FluctAnal_2_std_50_logi.r1_se2,908
4058,SC_FluctAnal_2_std_50_logi_r1_ssr,"scaling",SC_FluctAnal_2_std_50_logi.r1_ssr,908
4059,SC_FluctAnal_2_std_50_logi_r1_resac1,"scaling",SC_FluctAnal_2_std_50_logi.r1_resac1,908
4060,SC_FluctAnal_2_std_50_logi_r2_linfitint,"scaling",SC_FluctAnal_2_std_50_logi.r2_linfitint,908
4061,SC_FluctAnal_2_std_50_logi_r2_alpha,"scaling",SC_FluctAnal_2_std_50_logi.r2_alpha,908
4062,SC_FluctAnal_2_std_50_logi_r2_se1,"scaling",SC_FluctAnal_2_std_50_logi.r2_se1,908
4063,SC_FluctAnal_2_std_50_logi_r2_se2,"scaling",SC_FluctAnal_2_std_50_logi.r2_se2,908
4064,SC_FluctAnal_2_std_50_logi_r2_ssr,"scaling",SC_FluctAnal_2_std_50_logi.r2_ssr,908
4065,SC_FluctAnal_2_std_50_logi_r2_resac1,"scaling",SC_FluctAnal_2_std_50_logi.r2_resac1,908
4066,SC_FluctAnal_2_std_50_logi_alpharat,"scaling",SC_FluctAnal_2_std_50_logi.alpharat,908
4067,SC_FluctAnal_2_iqr_50_logi_linfitint,"scaling",SC_FluctAnal_2_iqr_50_logi.linfitint,909
4068,SC_FluctAnal_2_iqr_50_logi_alpha,"scaling",SC_FluctAnal_2_iqr_50_logi.alpha,909
4069,SC_FluctAnal_2_iqr_50_logi_se1,"scaling",SC_FluctAnal_2_iqr_50_logi.se1,909
4070,SC_FluctAnal_2_iqr_50_logi_se2,"scaling",SC_FluctAnal_2_iqr_50_logi.se2,909
4071,SC_FluctAnal_2_iqr_50_logi_ssr,"scaling",SC_FluctAnal_2_iqr_50_logi.ssr,909
4072,SC_FluctAnal_2_iqr_50_logi_resac1,"scaling",SC_FluctAnal_2_iqr_50_logi.resac1,909
4073,SC_FluctAnal_2_iqr_50_logi_logtausplit,"scaling",SC_FluctAnal_2_iqr_50_logi.logtausplit,909
4074,SC_FluctAnal_2_iqr_50_logi_prop_r1,"scaling",SC_FluctAnal_2_iqr_50_logi.prop_r1,909
4075,SC_FluctAnal_2_iqr_50_logi_ratsplitminerr,"scaling",SC_FluctAnal_2_iqr_50_logi.ratsplitminerr,909
4076,SC_FluctAnal_2_iqr_50_logi_meanssr,"scaling",SC_FluctAnal_2_iqr_50_logi.meanssr,909
4077,SC_FluctAnal_2_iqr_50_logi_stdssr,"scaling",SC_FluctAnal_2_iqr_50_logi.stdssr,909
4078,SC_FluctAnal_2_iqr_50_logi_r1_linfitint,"scaling",SC_FluctAnal_2_iqr_50_logi.r1_linfitint,909
4079,SC_FluctAnal_2_iqr_50_logi_r1_alpha,"scaling",SC_FluctAnal_2_iqr_50_logi.r1_alpha,909
4080,SC_FluctAnal_2_iqr_50_logi_r1_se1,"scaling",SC_FluctAnal_2_iqr_50_logi.r1_se1,909
4081,SC_FluctAnal_2_iqr_50_logi_r1_se2,"scaling",SC_FluctAnal_2_iqr_50_logi.r1_se2,909
4082,SC_FluctAnal_2_iqr_50_logi_r1_ssr,"scaling",SC_FluctAnal_2_iqr_50_logi.r1_ssr,909
4083,SC_FluctAnal_2_iqr_50_logi_r1_resac1,"scaling",SC_FluctAnal_2_iqr_50_logi.r1_resac1,909
4084,SC_FluctAnal_2_iqr_50_logi_r2_linfitint,"scaling",SC_FluctAnal_2_iqr_50_logi.r2_linfitint,909
4085,SC_FluctAnal_2_iqr_50_logi_r2_alpha,"scaling",SC_FluctAnal_2_iqr_50_logi.r2_alpha,909
4086,SC_FluctAnal_2_iqr_50_logi_r2_se1,"scaling",SC_FluctAnal_2_iqr_50_logi.r2_se1,909
4087,SC_FluctAnal_2_iqr_50_logi_r2_se2,"scaling",SC_FluctAnal_2_iqr_50_logi.r2_se2,909
4088,SC_FluctAnal_2_iqr_50_logi_r2_ssr,"scaling",SC_FluctAnal_2_iqr_50_logi.r2_ssr,909
4089,SC_FluctAnal_2_iqr_50_logi_r2_resac1,"scaling",SC_FluctAnal_2_iqr_50_logi.r2_resac1,909
4090,SC_FluctAnal_2_iqr_50_logi_alpharat,"scaling",SC_FluctAnal_2_iqr_50_logi.alpharat,909
4091,SC_FluctAnal_2_rsrange_50_logi_linfitint,"scaling",SC_FluctAnal_2_rsrange_50_logi.linfitint,910
4092,SC_FluctAnal_2_rsrange_50_logi_alpha,"scaling",SC_FluctAnal_2_rsrange_50_logi.alpha,910
4093,SC_FluctAnal_2_rsrange_50_logi_se1,"scaling",SC_FluctAnal_2_rsrange_50_logi.se1,910
4094,SC_FluctAnal_2_rsrange_50_logi_se2,"scaling",SC_FluctAnal_2_rsrange_50_logi.se2,910
4095,SC_FluctAnal_2_rsrange_50_logi_ssr,"scaling",SC_FluctAnal_2_rsrange_50_logi.ssr,910
4096,SC_FluctAnal_2_rsrange_50_logi_resac1,"scaling",SC_FluctAnal_2_rsrange_50_logi.resac1,910
4097,SC_FluctAnal_2_rsrange_50_logi_logtausplit,"scaling",SC_FluctAnal_2_rsrange_50_logi.logtausplit,910
4098,SC_FluctAnal_2_rsrange_50_logi_prop_r1,"scaling",SC_FluctAnal_2_rsrange_50_logi.prop_r1,910
4099,SC_FluctAnal_2_rsrange_50_logi_ratsplitminerr,"scaling",SC_FluctAnal_2_rsrange_50_logi.ratsplitminerr,910
4100,SC_FluctAnal_2_rsrange_50_logi_meanssr,"scaling",SC_FluctAnal_2_rsrange_50_logi.meanssr,910
4101,SC_FluctAnal_2_rsrange_50_logi_stdssr,"scaling",SC_FluctAnal_2_rsrange_50_logi.stdssr,910
4102,SC_FluctAnal_2_rsrange_50_logi_r1_linfitint,"scaling",SC_FluctAnal_2_rsrange_50_logi.r1_linfitint,910
4103,SC_FluctAnal_2_rsrange_50_logi_r1_alpha,"scaling",SC_FluctAnal_2_rsrange_50_logi.r1_alpha,910
4104,SC_FluctAnal_2_rsrange_50_logi_r1_se1,"scaling",SC_FluctAnal_2_rsrange_50_logi.r1_se1,910
4105,SC_FluctAnal_2_rsrange_50_logi_r1_se2,"scaling",SC_FluctAnal_2_rsrange_50_logi.r1_se2,910
4106,SC_FluctAnal_2_rsrange_50_logi_r1_ssr,"scaling",SC_FluctAnal_2_rsrange_50_logi.r1_ssr,910
4107,SC_FluctAnal_2_rsrange_50_logi_r1_resac1,"scaling",SC_FluctAnal_2_rsrange_50_logi.r1_resac1,910
4108,SC_FluctAnal_2_rsrange_50_logi_r2_linfitint,"scaling",SC_FluctAnal_2_rsrange_50_logi.r2_linfitint,910
4109,SC_FluctAnal_2_rsrange_50_logi_r2_alpha,"scaling",SC_FluctAnal_2_rsrange_50_logi.r2_alpha,910
4110,SC_FluctAnal_2_rsrange_50_logi_r2_se1,"scaling",SC_FluctAnal_2_rsrange_50_logi.r2_se1,910
4111,SC_FluctAnal_2_rsrange_50_logi_r2_se2,"scaling",SC_FluctAnal_2_rsrange_50_logi.r2_se2,910
4112,SC_FluctAnal_2_rsrange_50_logi_r2_ssr,"scaling",SC_FluctAnal_2_rsrange_50_logi.r2_ssr,910
4113,SC_FluctAnal_2_rsrange_50_logi_r2_resac1,"scaling",SC_FluctAnal_2_rsrange_50_logi.r2_resac1,910
4114,SC_FluctAnal_2_rsrange_50_logi_alpharat,"scaling",SC_FluctAnal_2_rsrange_50_logi.alpharat,910
4115,SC_FluctAnal_2_rsrangefit_50_1_logi_linfitint,"scaling",SC_FluctAnal_2_rsrangefit_50_1_logi.linfitint,911
4116,SC_FluctAnal_2_rsrangefit_50_1_logi_alpha,"scaling",SC_FluctAnal_2_rsrangefit_50_1_logi.alpha,911
4117,SC_FluctAnal_2_rsrangefit_50_1_logi_se1,"scaling",SC_FluctAnal_2_rsrangefit_50_1_logi.se1,911
4118,SC_FluctAnal_2_rsrangefit_50_1_logi_se2,"scaling",SC_FluctAnal_2_rsrangefit_50_1_logi.se2,911
4119,SC_FluctAnal_2_rsrangefit_50_1_logi_ssr,"scaling",SC_FluctAnal_2_rsrangefit_50_1_logi.ssr,911
4120,SC_FluctAnal_2_rsrangefit_50_1_logi_resac1,"scaling",SC_FluctAnal_2_rsrangefit_50_1_logi.resac1,911
4121,SC_FluctAnal_2_rsrangefit_50_1_logi_logtausplit,"scaling",SC_FluctAnal_2_rsrangefit_50_1_logi.logtausplit,911
4122,SC_FluctAnal_2_rsrangefit_50_1_logi_prop_r1,"scaling",SC_FluctAnal_2_rsrangefit_50_1_logi.prop_r1,911
4123,SC_FluctAnal_2_rsrangefit_50_1_logi_ratsplitminerr,"scaling",SC_FluctAnal_2_rsrangefit_50_1_logi.ratsplitminerr,911
4124,SC_FluctAnal_2_rsrangefit_50_1_logi_meanssr,"scaling",SC_FluctAnal_2_rsrangefit_50_1_logi.meanssr,911
4125,SC_FluctAnal_2_rsrangefit_50_1_logi_stdssr,"scaling",SC_FluctAnal_2_rsrangefit_50_1_logi.stdssr,911
4126,SC_FluctAnal_2_rsrangefit_50_1_logi_r1_linfitint,"scaling",SC_FluctAnal_2_rsrangefit_50_1_logi.r1_linfitint,911
4127,SC_FluctAnal_2_rsrangefit_50_1_logi_r1_alpha,"scaling",SC_FluctAnal_2_rsrangefit_50_1_logi.r1_alpha,911
4128,SC_FluctAnal_2_rsrangefit_50_1_logi_r1_se1,"scaling",SC_FluctAnal_2_rsrangefit_50_1_logi.r1_se1,911
4129,SC_FluctAnal_2_rsrangefit_50_1_logi_r1_se2,"scaling",SC_FluctAnal_2_rsrangefit_50_1_logi.r1_se2,911
4130,SC_FluctAnal_2_rsrangefit_50_1_logi_r1_ssr,"scaling",SC_FluctAnal_2_rsrangefit_50_1_logi.r1_ssr,911
4131,SC_FluctAnal_2_rsrangefit_50_1_logi_r1_resac1,"scaling",SC_FluctAnal_2_rsrangefit_50_1_logi.r1_resac1,911
4132,SC_FluctAnal_2_rsrangefit_50_1_logi_r2_linfitint,"scaling",SC_FluctAnal_2_rsrangefit_50_1_logi.r2_linfitint,911
4133,SC_FluctAnal_2_rsrangefit_50_1_logi_r2_alpha,"scaling",SC_FluctAnal_2_rsrangefit_50_1_logi.r2_alpha,911
4134,SC_FluctAnal_2_rsrangefit_50_1_logi_r2_se1,"scaling",SC_FluctAnal_2_rsrangefit_50_1_logi.r2_se1,911
4135,SC_FluctAnal_2_rsrangefit_50_1_logi_r2_se2,"scaling",SC_FluctAnal_2_rsrangefit_50_1_logi.r2_se2,911
4136,SC_FluctAnal_2_rsrangefit_50_1_logi_r2_ssr,"scaling",SC_FluctAnal_2_rsrangefit_50_1_logi.r2_ssr,911
4137,SC_FluctAnal_2_rsrangefit_50_1_logi_r2_resac1,"scaling",SC_FluctAnal_2_rsrangefit_50_1_logi.r2_resac1,911
4138,SC_FluctAnal_2_rsrangefit_50_1_logi_alpharat,"scaling",SC_FluctAnal_2_rsrangefit_50_1_logi.alpharat,911
4139,SC_FluctAnal_2_dfa_50_0_logi_linfitint,"scaling",SC_FluctAnal_2_dfa_50_0_logi.linfitint,912
4140,SC_FluctAnal_2_dfa_50_0_logi_alpha,"scaling",SC_FluctAnal_2_dfa_50_0_logi.alpha,912
4141,SC_FluctAnal_2_dfa_50_0_logi_se1,"scaling",SC_FluctAnal_2_dfa_50_0_logi.se1,912
4142,SC_FluctAnal_2_dfa_50_0_logi_se2,"scaling",SC_FluctAnal_2_dfa_50_0_logi.se2,912
4143,SC_FluctAnal_2_dfa_50_0_logi_ssr,"scaling",SC_FluctAnal_2_dfa_50_0_logi.ssr,912
4144,SC_FluctAnal_2_dfa_50_0_logi_resac1,"scaling",SC_FluctAnal_2_dfa_50_0_logi.resac1,912
4145,SC_FluctAnal_2_dfa_50_0_logi_logtausplit,"scaling",SC_FluctAnal_2_dfa_50_0_logi.logtausplit,912
4146,SC_FluctAnal_2_dfa_50_0_logi_prop_r1,"scaling",SC_FluctAnal_2_dfa_50_0_logi.prop_r1,912
4147,SC_FluctAnal_2_dfa_50_0_logi_ratsplitminerr,"scaling",SC_FluctAnal_2_dfa_50_0_logi.ratsplitminerr,912
4148,SC_FluctAnal_2_dfa_50_0_logi_meanssr,"scaling",SC_FluctAnal_2_dfa_50_0_logi.meanssr,912
4149,SC_FluctAnal_2_dfa_50_0_logi_stdssr,"scaling",SC_FluctAnal_2_dfa_50_0_logi.stdssr,912
4150,SC_FluctAnal_2_dfa_50_0_logi_r1_linfitint,"scaling",SC_FluctAnal_2_dfa_50_0_logi.r1_linfitint,912
4151,SC_FluctAnal_2_dfa_50_0_logi_r1_alpha,"scaling",SC_FluctAnal_2_dfa_50_0_logi.r1_alpha,912
4152,SC_FluctAnal_2_dfa_50_0_logi_r1_se1,"scaling",SC_FluctAnal_2_dfa_50_0_logi.r1_se1,912
4153,SC_FluctAnal_2_dfa_50_0_logi_r1_se2,"scaling",SC_FluctAnal_2_dfa_50_0_logi.r1_se2,912
4154,SC_FluctAnal_2_dfa_50_0_logi_r1_ssr,"scaling",SC_FluctAnal_2_dfa_50_0_logi.r1_ssr,912
4155,SC_FluctAnal_2_dfa_50_0_logi_r1_resac1,"scaling",SC_FluctAnal_2_dfa_50_0_logi.r1_resac1,912
4156,SC_FluctAnal_2_dfa_50_0_logi_r2_linfitint,"scaling",SC_FluctAnal_2_dfa_50_0_logi.r2_linfitint,912
4157,SC_FluctAnal_2_dfa_50_0_logi_r2_alpha,"scaling",SC_FluctAnal_2_dfa_50_0_logi.r2_alpha,912
4158,SC_FluctAnal_2_dfa_50_0_logi_r2_se1,"scaling",SC_FluctAnal_2_dfa_50_0_logi.r2_se1,912
4159,SC_FluctAnal_2_dfa_50_0_logi_r2_se2,"scaling",SC_FluctAnal_2_dfa_50_0_logi.r2_se2,912
4160,SC_FluctAnal_2_dfa_50_0_logi_r2_ssr,"scaling",SC_FluctAnal_2_dfa_50_0_logi.r2_ssr,912
4161,SC_FluctAnal_2_dfa_50_0_logi_r2_resac1,"scaling",SC_FluctAnal_2_dfa_50_0_logi.r2_resac1,912
4162,SC_FluctAnal_2_dfa_50_0_logi_alpharat,"scaling",SC_FluctAnal_2_dfa_50_0_logi.alpharat,912
4163,SC_FluctAnal_2_dfa_50_1_logi_linfitint,"scaling",SC_FluctAnal_2_dfa_50_1_logi.linfitint,913
4164,SC_FluctAnal_2_dfa_50_1_logi_alpha,"scaling",SC_FluctAnal_2_dfa_50_1_logi.alpha,913
4165,SC_FluctAnal_2_dfa_50_1_logi_se1,"scaling",SC_FluctAnal_2_dfa_50_1_logi.se1,913
4166,SC_FluctAnal_2_dfa_50_1_logi_se2,"scaling",SC_FluctAnal_2_dfa_50_1_logi.se2,913
4167,SC_FluctAnal_2_dfa_50_1_logi_ssr,"scaling",SC_FluctAnal_2_dfa_50_1_logi.ssr,913
4168,SC_FluctAnal_2_dfa_50_1_logi_resac1,"scaling",SC_FluctAnal_2_dfa_50_1_logi.resac1,913
4169,SC_FluctAnal_2_dfa_50_1_logi_logtausplit,"scaling",SC_FluctAnal_2_dfa_50_1_logi.logtausplit,913
4170,SC_FluctAnal_2_dfa_50_1_logi_prop_r1,"scaling",SC_FluctAnal_2_dfa_50_1_logi.prop_r1,913
4171,SC_FluctAnal_2_dfa_50_1_logi_ratsplitminerr,"scaling",SC_FluctAnal_2_dfa_50_1_logi.ratsplitminerr,913
4172,SC_FluctAnal_2_dfa_50_1_logi_meanssr,"scaling",SC_FluctAnal_2_dfa_50_1_logi.meanssr,913
4173,SC_FluctAnal_2_dfa_50_1_logi_stdssr,"scaling",SC_FluctAnal_2_dfa_50_1_logi.stdssr,913
4174,SC_FluctAnal_2_dfa_50_1_logi_r1_linfitint,"scaling",SC_FluctAnal_2_dfa_50_1_logi.r1_linfitint,913
4175,SC_FluctAnal_2_dfa_50_1_logi_r1_alpha,"scaling",SC_FluctAnal_2_dfa_50_1_logi.r1_alpha,913
4176,SC_FluctAnal_2_dfa_50_1_logi_r1_se1,"scaling",SC_FluctAnal_2_dfa_50_1_logi.r1_se1,913
4177,SC_FluctAnal_2_dfa_50_1_logi_r1_se2,"scaling",SC_FluctAnal_2_dfa_50_1_logi.r1_se2,913
4178,SC_FluctAnal_2_dfa_50_1_logi_r1_ssr,"scaling",SC_FluctAnal_2_dfa_50_1_logi.r1_ssr,913
4179,SC_FluctAnal_2_dfa_50_1_logi_r1_resac1,"scaling",SC_FluctAnal_2_dfa_50_1_logi.r1_resac1,913
4180,SC_FluctAnal_2_dfa_50_1_logi_r2_linfitint,"scaling",SC_FluctAnal_2_dfa_50_1_logi.r2_linfitint,913
4181,SC_FluctAnal_2_dfa_50_1_logi_r2_alpha,"scaling",SC_FluctAnal_2_dfa_50_1_logi.r2_alpha,913
4182,SC_FluctAnal_2_dfa_50_1_logi_r2_se1,"scaling",SC_FluctAnal_2_dfa_50_1_logi.r2_se1,913
4183,SC_FluctAnal_2_dfa_50_1_logi_r2_se2,"scaling",SC_FluctAnal_2_dfa_50_1_logi.r2_se2,913
4184,SC_FluctAnal_2_dfa_50_1_logi_r2_ssr,"scaling",SC_FluctAnal_2_dfa_50_1_logi.r2_ssr,913
4185,SC_FluctAnal_2_dfa_50_1_logi_r2_resac1,"scaling",SC_FluctAnal_2_dfa_50_1_logi.r2_resac1,913
4186,SC_FluctAnal_2_dfa_50_1_logi_alpharat,"scaling",SC_FluctAnal_2_dfa_50_1_logi.alpharat,913
4187,SC_FluctAnal_2_dfa_50_2_logi_linfitint,"scaling",SC_FluctAnal_2_dfa_50_2_logi.linfitint,916
4188,SC_FluctAnal_2_dfa_50_2_logi_alpha,"scaling",SC_FluctAnal_2_dfa_50_2_logi.alpha,916
4189,SC_FluctAnal_2_dfa_50_2_logi_se1,"scaling",SC_FluctAnal_2_dfa_50_2_logi.se1,916
4190,SC_FluctAnal_2_dfa_50_2_logi_se2,"scaling",SC_FluctAnal_2_dfa_50_2_logi.se2,916
4191,SC_FluctAnal_2_dfa_50_2_logi_ssr,"scaling",SC_FluctAnal_2_dfa_50_2_logi.ssr,916
4192,SC_FluctAnal_2_dfa_50_2_logi_resac1,"scaling",SC_FluctAnal_2_dfa_50_2_logi.resac1,916
4193,SC_FluctAnal_2_dfa_50_2_logi_logtausplit,"scaling",SC_FluctAnal_2_dfa_50_2_logi.logtausplit,916
4194,SC_FluctAnal_2_dfa_50_2_logi_prop_r1,"scaling",SC_FluctAnal_2_dfa_50_2_logi.prop_r1,916
4195,SC_FluctAnal_2_dfa_50_2_logi_ratsplitminerr,"scaling",SC_FluctAnal_2_dfa_50_2_logi.ratsplitminerr,916
4196,SC_FluctAnal_2_dfa_50_2_logi_meanssr,"scaling",SC_FluctAnal_2_dfa_50_2_logi.meanssr,916
4197,SC_FluctAnal_2_dfa_50_2_logi_stdssr,"scaling",SC_FluctAnal_2_dfa_50_2_logi.stdssr,916
4198,SC_FluctAnal_2_dfa_50_2_logi_r1_linfitint,"scaling",SC_FluctAnal_2_dfa_50_2_logi.r1_linfitint,916
4199,SC_FluctAnal_2_dfa_50_2_logi_r1_alpha,"scaling",SC_FluctAnal_2_dfa_50_2_logi.r1_alpha,916
4200,SC_FluctAnal_2_dfa_50_2_logi_r1_se1,"scaling",SC_FluctAnal_2_dfa_50_2_logi.r1_se1,916
4201,SC_FluctAnal_2_dfa_50_2_logi_r1_se2,"scaling",SC_FluctAnal_2_dfa_50_2_logi.r1_se2,916
4202,SC_FluctAnal_2_dfa_50_2_logi_r1_ssr,"scaling",SC_FluctAnal_2_dfa_50_2_logi.r1_ssr,916
4203,SC_FluctAnal_2_dfa_50_2_logi_r1_resac1,"scaling",SC_FluctAnal_2_dfa_50_2_logi.r1_resac1,916
4204,SC_FluctAnal_2_dfa_50_2_logi_r2_linfitint,"scaling",SC_FluctAnal_2_dfa_50_2_logi.r2_linfitint,916
4205,SC_FluctAnal_2_dfa_50_2_logi_r2_alpha,"scaling",SC_FluctAnal_2_dfa_50_2_logi.r2_alpha,916
4206,SC_FluctAnal_2_dfa_50_2_logi_r2_se1,"scaling",SC_FluctAnal_2_dfa_50_2_logi.r2_se1,916
4207,SC_FluctAnal_2_dfa_50_2_logi_r2_se2,"scaling",SC_FluctAnal_2_dfa_50_2_logi.r2_se2,916
4208,SC_FluctAnal_2_dfa_50_2_logi_r2_ssr,"scaling",SC_FluctAnal_2_dfa_50_2_logi.r2_ssr,916
4209,SC_FluctAnal_2_dfa_50_2_logi_r2_resac1,"scaling",SC_FluctAnal_2_dfa_50_2_logi.r2_resac1,916
4210,SC_FluctAnal_2_dfa_50_2_logi_alpharat,"scaling",SC_FluctAnal_2_dfa_50_2_logi.alpharat,916
4211,SC_FluctAnal_2_dfa_50_3_logi_linfitint,"scaling",SC_FluctAnal_2_dfa_50_3_logi.linfitint,917
4212,SC_FluctAnal_2_dfa_50_3_logi_alpha,"scaling",SC_FluctAnal_2_dfa_50_3_logi.alpha,917
4213,SC_FluctAnal_2_dfa_50_3_logi_se1,"scaling",SC_FluctAnal_2_dfa_50_3_logi.se1,917
4214,SC_FluctAnal_2_dfa_50_3_logi_se2,"scaling",SC_FluctAnal_2_dfa_50_3_logi.se2,917
4215,SC_FluctAnal_2_dfa_50_3_logi_ssr,"scaling",SC_FluctAnal_2_dfa_50_3_logi.ssr,917
4216,SC_FluctAnal_2_dfa_50_3_logi_resac1,"scaling",SC_FluctAnal_2_dfa_50_3_logi.resac1,917
4217,SC_FluctAnal_2_dfa_50_3_logi_logtausplit,"scaling",SC_FluctAnal_2_dfa_50_3_logi.logtausplit,917
4218,SC_FluctAnal_2_dfa_50_3_logi_prop_r1,"scaling",SC_FluctAnal_2_dfa_50_3_logi.prop_r1,917
4219,SC_FluctAnal_2_dfa_50_3_logi_ratsplitminerr,"scaling",SC_FluctAnal_2_dfa_50_3_logi.ratsplitminerr,917
4220,SC_FluctAnal_2_dfa_50_3_logi_meanssr,"scaling",SC_FluctAnal_2_dfa_50_3_logi.meanssr,917
4221,SC_FluctAnal_2_dfa_50_3_logi_stdssr,"scaling",SC_FluctAnal_2_dfa_50_3_logi.stdssr,917
4222,SC_FluctAnal_2_dfa_50_3_logi_r1_linfitint,"scaling",SC_FluctAnal_2_dfa_50_3_logi.r1_linfitint,917
4223,SC_FluctAnal_2_dfa_50_3_logi_r1_alpha,"scaling",SC_FluctAnal_2_dfa_50_3_logi.r1_alpha,917
4224,SC_FluctAnal_2_dfa_50_3_logi_r1_se1,"scaling",SC_FluctAnal_2_dfa_50_3_logi.r1_se1,917
4225,SC_FluctAnal_2_dfa_50_3_logi_r1_se2,"scaling",SC_FluctAnal_2_dfa_50_3_logi.r1_se2,917
4226,SC_FluctAnal_2_dfa_50_3_logi_r1_ssr,"scaling",SC_FluctAnal_2_dfa_50_3_logi.r1_ssr,917
4227,SC_FluctAnal_2_dfa_50_3_logi_r1_resac1,"scaling",SC_FluctAnal_2_dfa_50_3_logi.r1_resac1,917
4228,SC_FluctAnal_2_dfa_50_3_logi_r2_linfitint,"scaling",SC_FluctAnal_2_dfa_50_3_logi.r2_linfitint,917
4229,SC_FluctAnal_2_dfa_50_3_logi_r2_alpha,"scaling",SC_FluctAnal_2_dfa_50_3_logi.r2_alpha,917
4230,SC_FluctAnal_2_dfa_50_3_logi_r2_se1,"scaling",SC_FluctAnal_2_dfa_50_3_logi.r2_se1,917
4231,SC_FluctAnal_2_dfa_50_3_logi_r2_se2,"scaling",SC_FluctAnal_2_dfa_50_3_logi.r2_se2,917
4232,SC_FluctAnal_2_dfa_50_3_logi_r2_ssr,"scaling",SC_FluctAnal_2_dfa_50_3_logi.r2_ssr,917
4233,SC_FluctAnal_2_dfa_50_3_logi_r2_resac1,"scaling",SC_FluctAnal_2_dfa_50_3_logi.r2_resac1,917
4234,SC_FluctAnal_2_dfa_50_3_logi_alpharat,"scaling",SC_FluctAnal_2_dfa_50_3_logi.alpharat,917
4235,SC_FluctAnal_2_dfa_50_1_2_logi_linfitint,"scaling",SC_FluctAnal_2_dfa_50_1_2_logi.linfitint,914
4236,SC_FluctAnal_2_dfa_50_1_2_logi_alpha,"scaling",SC_FluctAnal_2_dfa_50_1_2_logi.alpha,914
4237,SC_FluctAnal_2_dfa_50_1_2_logi_se1,"scaling",SC_FluctAnal_2_dfa_50_1_2_logi.se1,914
4238,SC_FluctAnal_2_dfa_50_1_2_logi_se2,"scaling",SC_FluctAnal_2_dfa_50_1_2_logi.se2,914
4239,SC_FluctAnal_2_dfa_50_1_2_logi_ssr,"scaling",SC_FluctAnal_2_dfa_50_1_2_logi.ssr,914
4240,SC_FluctAnal_2_dfa_50_1_2_logi_resac1,"scaling",SC_FluctAnal_2_dfa_50_1_2_logi.resac1,914
4241,SC_FluctAnal_2_dfa_50_1_2_logi_logtausplit,"scaling",SC_FluctAnal_2_dfa_50_1_2_logi.logtausplit,914
4242,SC_FluctAnal_2_dfa_50_1_2_logi_prop_r1,"scaling",SC_FluctAnal_2_dfa_50_1_2_logi.prop_r1,914
4243,SC_FluctAnal_2_dfa_50_1_2_logi_ratsplitminerr,"scaling",SC_FluctAnal_2_dfa_50_1_2_logi.ratsplitminerr,914
4244,SC_FluctAnal_2_dfa_50_1_2_logi_meanssr,"scaling",SC_FluctAnal_2_dfa_50_1_2_logi.meanssr,914
4245,SC_FluctAnal_2_dfa_50_1_2_logi_stdssr,"scaling",SC_FluctAnal_2_dfa_50_1_2_logi.stdssr,914
4246,SC_FluctAnal_2_dfa_50_1_2_logi_r1_linfitint,"scaling",SC_FluctAnal_2_dfa_50_1_2_logi.r1_linfitint,914
4247,SC_FluctAnal_2_dfa_50_1_2_logi_r1_alpha,"scaling",SC_FluctAnal_2_dfa_50_1_2_logi.r1_alpha,914
4248,SC_FluctAnal_2_dfa_50_1_2_logi_r1_se1,"scaling",SC_FluctAnal_2_dfa_50_1_2_logi.r1_se1,914
4249,SC_FluctAnal_2_dfa_50_1_2_logi_r1_se2,"scaling",SC_FluctAnal_2_dfa_50_1_2_logi.r1_se2,914
4250,SC_FluctAnal_2_dfa_50_1_2_logi_r1_ssr,"scaling",SC_FluctAnal_2_dfa_50_1_2_logi.r1_ssr,914
4251,SC_FluctAnal_2_dfa_50_1_2_logi_r1_resac1,"scaling",SC_FluctAnal_2_dfa_50_1_2_logi.r1_resac1,914
4252,SC_FluctAnal_2_dfa_50_1_2_logi_r2_linfitint,"scaling",SC_FluctAnal_2_dfa_50_1_2_logi.r2_linfitint,914
4253,SC_FluctAnal_2_dfa_50_1_2_logi_r2_alpha,"scaling",SC_FluctAnal_2_dfa_50_1_2_logi.r2_alpha,914
4254,SC_FluctAnal_2_dfa_50_1_2_logi_r2_se1,"scaling",SC_FluctAnal_2_dfa_50_1_2_logi.r2_se1,914
4255,SC_FluctAnal_2_dfa_50_1_2_logi_r2_se2,"scaling",SC_FluctAnal_2_dfa_50_1_2_logi.r2_se2,914
4256,SC_FluctAnal_2_dfa_50_1_2_logi_r2_ssr,"scaling",SC_FluctAnal_2_dfa_50_1_2_logi.r2_ssr,914
4257,SC_FluctAnal_2_dfa_50_1_2_logi_r2_resac1,"scaling",SC_FluctAnal_2_dfa_50_1_2_logi.r2_resac1,914
4258,SC_FluctAnal_2_dfa_50_1_2_logi_alpharat,"scaling",SC_FluctAnal_2_dfa_50_1_2_logi.alpharat,914
4259,SC_FluctAnal_2_dfa_50_1_3_logi_linfitint,"scaling",SC_FluctAnal_2_dfa_50_1_3_logi.linfitint,915
4260,SC_FluctAnal_2_dfa_50_1_3_logi_alpha,"scaling",SC_FluctAnal_2_dfa_50_1_3_logi.alpha,915
4261,SC_FluctAnal_2_dfa_50_1_3_logi_se1,"scaling",SC_FluctAnal_2_dfa_50_1_3_logi.se1,915
4262,SC_FluctAnal_2_dfa_50_1_3_logi_se2,"scaling",SC_FluctAnal_2_dfa_50_1_3_logi.se2,915
4263,SC_FluctAnal_2_dfa_50_1_3_logi_ssr,"scaling",SC_FluctAnal_2_dfa_50_1_3_logi.ssr,915
4264,SC_FluctAnal_2_dfa_50_1_3_logi_resac1,"scaling",SC_FluctAnal_2_dfa_50_1_3_logi.resac1,915
4265,SC_FluctAnal_2_dfa_50_1_3_logi_logtausplit,"scaling",SC_FluctAnal_2_dfa_50_1_3_logi.logtausplit,915
4266,SC_FluctAnal_2_dfa_50_1_3_logi_prop_r1,"scaling",SC_FluctAnal_2_dfa_50_1_3_logi.prop_r1,915
4267,SC_FluctAnal_2_dfa_50_1_3_logi_ratsplitminerr,"scaling",SC_FluctAnal_2_dfa_50_1_3_logi.ratsplitminerr,915
4268,SC_FluctAnal_2_dfa_50_1_3_logi_meanssr,"scaling",SC_FluctAnal_2_dfa_50_1_3_logi.meanssr,915
4269,SC_FluctAnal_2_dfa_50_1_3_logi_stdssr,"scaling",SC_FluctAnal_2_dfa_50_1_3_logi.stdssr,915
4270,SC_FluctAnal_2_dfa_50_1_3_logi_r1_linfitint,"scaling",SC_FluctAnal_2_dfa_50_1_3_logi.r1_linfitint,915
4271,SC_FluctAnal_2_dfa_50_1_3_logi_r1_alpha,"scaling",SC_FluctAnal_2_dfa_50_1_3_logi.r1_alpha,915
4272,SC_FluctAnal_2_dfa_50_1_3_logi_r1_se1,"scaling",SC_FluctAnal_2_dfa_50_1_3_logi.r1_se1,915
4273,SC_FluctAnal_2_dfa_50_1_3_logi_r1_se2,"scaling",SC_FluctAnal_2_dfa_50_1_3_logi.r1_se2,915
4274,SC_FluctAnal_2_dfa_50_1_3_logi_r1_ssr,"scaling",SC_FluctAnal_2_dfa_50_1_3_logi.r1_ssr,915
4275,SC_FluctAnal_2_dfa_50_1_3_logi_r1_resac1,"scaling",SC_FluctAnal_2_dfa_50_1_3_logi.r1_resac1,915
4276,SC_FluctAnal_2_dfa_50_1_3_logi_r2_linfitint,"scaling",SC_FluctAnal_2_dfa_50_1_3_logi.r2_linfitint,915
4277,SC_FluctAnal_2_dfa_50_1_3_logi_r2_alpha,"scaling",SC_FluctAnal_2_dfa_50_1_3_logi.r2_alpha,915
4278,SC_FluctAnal_2_dfa_50_1_3_logi_r2_se1,"scaling",SC_FluctAnal_2_dfa_50_1_3_logi.r2_se1,915
4279,SC_FluctAnal_2_dfa_50_1_3_logi_r2_se2,"scaling",SC_FluctAnal_2_dfa_50_1_3_logi.r2_se2,915
4280,SC_FluctAnal_2_dfa_50_1_3_logi_r2_ssr,"scaling",SC_FluctAnal_2_dfa_50_1_3_logi.r2_ssr,915
4281,SC_FluctAnal_2_dfa_50_1_3_logi_r2_resac1,"scaling",SC_FluctAnal_2_dfa_50_1_3_logi.r2_resac1,915
4282,SC_FluctAnal_2_dfa_50_1_3_logi_alpharat,"scaling",SC_FluctAnal_2_dfa_50_1_3_logi.alpharat,915
4283,SC_FluctAnal_mag_2_dfa_50_2_logi_linfitint,"scaling",SC_FluctAnal_mag_2_dfa_50_2_logi.linfitint,918
4284,SC_FluctAnal_mag_2_dfa_50_2_logi_alpha,"scaling",SC_FluctAnal_mag_2_dfa_50_2_logi.alpha,918
4285,SC_FluctAnal_mag_2_dfa_50_2_logi_se1,"scaling",SC_FluctAnal_mag_2_dfa_50_2_logi.se1,918
4286,SC_FluctAnal_mag_2_dfa_50_2_logi_se2,"scaling",SC_FluctAnal_mag_2_dfa_50_2_logi.se2,918
4287,SC_FluctAnal_mag_2_dfa_50_2_logi_ssr,"scaling",SC_FluctAnal_mag_2_dfa_50_2_logi.ssr,918
4288,SC_FluctAnal_mag_2_dfa_50_2_logi_resac1,"scaling",SC_FluctAnal_mag_2_dfa_50_2_logi.resac1,918
4289,SC_FluctAnal_mag_2_dfa_50_2_logi_logtausplit,"scaling",SC_FluctAnal_mag_2_dfa_50_2_logi.logtausplit,918
4290,SC_FluctAnal_mag_2_dfa_50_2_logi_prop_r1,"scaling",SC_FluctAnal_mag_2_dfa_50_2_logi.prop_r1,918
4291,SC_FluctAnal_mag_2_dfa_50_2_logi_ratsplitminerr,"scaling",SC_FluctAnal_mag_2_dfa_50_2_logi.ratsplitminerr,918
4292,SC_FluctAnal_mag_2_dfa_50_2_logi_meanssr,"scaling",SC_FluctAnal_mag_2_dfa_50_2_logi.meanssr,918
4293,SC_FluctAnal_mag_2_dfa_50_2_logi_stdssr,"scaling",SC_FluctAnal_mag_2_dfa_50_2_logi.stdssr,918
4294,SC_FluctAnal_mag_2_dfa_50_2_logi_r1_linfitint,"scaling",SC_FluctAnal_mag_2_dfa_50_2_logi.r1_linfitint,918
4295,SC_FluctAnal_mag_2_dfa_50_2_logi_r1_alpha,"scaling",SC_FluctAnal_mag_2_dfa_50_2_logi.r1_alpha,918
4296,SC_FluctAnal_mag_2_dfa_50_2_logi_r1_se1,"scaling",SC_FluctAnal_mag_2_dfa_50_2_logi.r1_se1,918
4297,SC_FluctAnal_mag_2_dfa_50_2_logi_r1_se2,"scaling",SC_FluctAnal_mag_2_dfa_50_2_logi.r1_se2,918
4298,SC_FluctAnal_mag_2_dfa_50_2_logi_r1_ssr,"scaling",SC_FluctAnal_mag_2_dfa_50_2_logi.r1_ssr,918
4299,SC_FluctAnal_mag_2_dfa_50_2_logi_r1_resac1,"scaling",SC_FluctAnal_mag_2_dfa_50_2_logi.r1_resac1,918
4300,SC_FluctAnal_mag_2_dfa_50_2_logi_r2_linfitint,"scaling",SC_FluctAnal_mag_2_dfa_50_2_logi.r2_linfitint,918
4301,SC_FluctAnal_mag_2_dfa_50_2_logi_r2_alpha,"scaling",SC_FluctAnal_mag_2_dfa_50_2_logi.r2_alpha,918
4302,SC_FluctAnal_mag_2_dfa_50_2_logi_r2_se1,"scaling",SC_FluctAnal_mag_2_dfa_50_2_logi.r2_se1,918
4303,SC_FluctAnal_mag_2_dfa_50_2_logi_r2_se2,"scaling",SC_FluctAnal_mag_2_dfa_50_2_logi.r2_se2,918
4304,SC_FluctAnal_mag_2_dfa_50_2_logi_r2_ssr,"scaling",SC_FluctAnal_mag_2_dfa_50_2_logi.r2_ssr,918
4305,SC_FluctAnal_mag_2_dfa_50_2_logi_r2_resac1,"scaling",SC_FluctAnal_mag_2_dfa_50_2_logi.r2_resac1,918
4306,SC_FluctAnal_mag_2_dfa_50_2_logi_alpharat,"scaling",SC_FluctAnal_mag_2_dfa_50_2_logi.alpharat,918
4307,SC_FluctAnal_sign_2_dfa_50_2_logi_linfitint,"scaling",SC_FluctAnal_sign_2_dfa_50_2_logi.linfitint,919
4308,SC_FluctAnal_sign_2_dfa_50_2_logi_alpha,"scaling",SC_FluctAnal_sign_2_dfa_50_2_logi.alpha,919
4309,SC_FluctAnal_sign_2_dfa_50_2_logi_se1,"scaling",SC_FluctAnal_sign_2_dfa_50_2_logi.se1,919
4310,SC_FluctAnal_sign_2_dfa_50_2_logi_se2,"scaling",SC_FluctAnal_sign_2_dfa_50_2_logi.se2,919
4311,SC_FluctAnal_sign_2_dfa_50_2_logi_ssr,"scaling",SC_FluctAnal_sign_2_dfa_50_2_logi.ssr,919
4312,SC_FluctAnal_sign_2_dfa_50_2_logi_resac1,"scaling",SC_FluctAnal_sign_2_dfa_50_2_logi.resac1,919
4313,SC_FluctAnal_sign_2_dfa_50_2_logi_logtausplit,"scaling",SC_FluctAnal_sign_2_dfa_50_2_logi.logtausplit,919
4314,SC_FluctAnal_sign_2_dfa_50_2_logi_prop_r1,"scaling",SC_FluctAnal_sign_2_dfa_50_2_logi.prop_r1,919
4315,SC_FluctAnal_sign_2_dfa_50_2_logi_ratsplitminerr,"scaling",SC_FluctAnal_sign_2_dfa_50_2_logi.ratsplitminerr,919
4316,SC_FluctAnal_sign_2_dfa_50_2_logi_meanssr,"scaling",SC_FluctAnal_sign_2_dfa_50_2_logi.meanssr,919
4317,SC_FluctAnal_sign_2_dfa_50_2_logi_stdssr,"scaling",SC_FluctAnal_sign_2_dfa_50_2_logi.stdssr,919
4318,SC_FluctAnal_sign_2_dfa_50_2_logi_r1_linfitint,"scaling",SC_FluctAnal_sign_2_dfa_50_2_logi.r1_linfitint,919
4319,SC_FluctAnal_sign_2_dfa_50_2_logi_r1_alpha,"scaling",SC_FluctAnal_sign_2_dfa_50_2_logi.r1_alpha,919
4320,SC_FluctAnal_sign_2_dfa_50_2_logi_r1_se1,"scaling",SC_FluctAnal_sign_2_dfa_50_2_logi.r1_se1,919
4321,SC_FluctAnal_sign_2_dfa_50_2_logi_r1_se2,"scaling",SC_FluctAnal_sign_2_dfa_50_2_logi.r1_se2,919
4322,SC_FluctAnal_sign_2_dfa_50_2_logi_r1_ssr,"scaling",SC_FluctAnal_sign_2_dfa_50_2_logi.r1_ssr,919
4323,SC_FluctAnal_sign_2_dfa_50_2_logi_r1_resac1,"scaling",SC_FluctAnal_sign_2_dfa_50_2_logi.r1_resac1,919
4324,SC_FluctAnal_sign_2_dfa_50_2_logi_r2_linfitint,"scaling",SC_FluctAnal_sign_2_dfa_50_2_logi.r2_linfitint,919
4325,SC_FluctAnal_sign_2_dfa_50_2_logi_r2_alpha,"scaling",SC_FluctAnal_sign_2_dfa_50_2_logi.r2_alpha,919
4326,SC_FluctAnal_sign_2_dfa_50_2_logi_r2_se1,"scaling",SC_FluctAnal_sign_2_dfa_50_2_logi.r2_se1,919
4327,SC_FluctAnal_sign_2_dfa_50_2_logi_r2_se2,"scaling",SC_FluctAnal_sign_2_dfa_50_2_logi.r2_se2,919
4328,SC_FluctAnal_sign_2_dfa_50_2_logi_r2_ssr,"scaling",SC_FluctAnal_sign_2_dfa_50_2_logi.r2_ssr,919
4329,SC_FluctAnal_sign_2_dfa_50_2_logi_r2_resac1,"scaling",SC_FluctAnal_sign_2_dfa_50_2_logi.r2_resac1,919
4330,SC_FluctAnal_sign_2_dfa_50_2_logi_alpharat,"scaling",SC_FluctAnal_sign_2_dfa_50_2_logi.alpharat,919
4331,SC_MMA_0__n5_5_meanHurstExponent,"scaling,fractal",SC_MMA_0__n5_5.meanHurstExponent,920
4332,SC_MMA_0__n5_5_stdHurstExponent,"scaling,fractal",SC_MMA_0__n5_5.stdHurstExponent,920
4333,SC_MMA_0__n5_5_minHurstExponent,"scaling,fractal",SC_MMA_0__n5_5.minHurstExponent,920
4334,SC_MMA_0__n5_5_maxHurstExponent,"scaling,fractal",SC_MMA_0__n5_5.maxHurstExponent,920
4335,SC_MMA_0__n5_5_scaleHurstStd,"scaling,fractal",SC_MMA_0__n5_5.scaleHurstStd,920
4336,SC_MMA_0__n5_5_scaleHurstTrend,"scaling,fractal",SC_MMA_0__n5_5.scaleHurstTrend,920
4337,SC_MMA_0__n5_5_qHurstStd,"scaling,fractal",SC_MMA_0__n5_5.qHurstStd,920
4338,SC_MMA_0__n5_5_qHurstTrend,"scaling,fractal",SC_MMA_0__n5_5.qHurstTrend,920
4339,SC_MMA_0__n5_5_maxHurstQ,"scaling,fractal",SC_MMA_0__n5_5.maxHurstQ,920
4340,SC_MMA_0__n5_5_maxHurstScale,"scaling,fractal",SC_MMA_0__n5_5.maxHurstScale,920
4341,SC_MMA_0__n5_5_minHurstQ,"scaling,fractal",SC_MMA_0__n5_5.minHurstQ,920
4342,SC_MMA_0__n5_5_minHurstScale,"scaling,fractal",SC_MMA_0__n5_5.minHurstScale,920
4343,SC_MMA_0__n5_5_stdStdHurstQ,"scaling,fractal",SC_MMA_0__n5_5.stdStdHurstQ,920
4344,SC_MMA_0__n5_5_stdStdHurstScale,"scaling,fractal",SC_MMA_0__n5_5.stdStdHurstScale,920
4345,SP_Summaries_pgram_hamm_maxS,"FourierSpectrum",SP_Summaries_pgram_hamm.maxS,921
4346,SP_Summaries_pgram_hamm_maxw,"FourierSpectrum",SP_Summaries_pgram_hamm.maxw,921
4347,SP_Summaries_pgram_hamm_maxWidth,"FourierSpectrum",SP_Summaries_pgram_hamm.maxWidth,921
4348,SP_Summaries_pgram_hamm_numPeaks,"FourierSpectrum",SP_Summaries_pgram_hamm.numPeaks,921
4349,SP_Summaries_pgram_hamm_numPromPeaks_1,"FourierSpectrum",SP_Summaries_pgram_hamm.numPromPeaks_1,921
4350,SP_Summaries_pgram_hamm_numPromPeaks_2,"FourierSpectrum",SP_Summaries_pgram_hamm.numPromPeaks_2,921
4351,SP_Summaries_pgram_hamm_numPromPeaks_5,"FourierSpectrum",SP_Summaries_pgram_hamm.numPromPeaks_5,921
4352,SP_Summaries_pgram_hamm_numPeaks_overmean,"FourierSpectrum",SP_Summaries_pgram_hamm.numPeaks_overmean,921
4353,SP_Summaries_pgram_hamm_maxProm,"FourierSpectrum",SP_Summaries_pgram_hamm.maxProm,921
4354,SP_Summaries_pgram_hamm_meanProm_2,"FourierSpectrum",SP_Summaries_pgram_hamm.meanProm_2,921
4355,SP_Summaries_pgram_hamm_meanPeakWidth_prom2,"FourierSpectrum",SP_Summaries_pgram_hamm.meanPeakWidth_prom2,921
4356,SP_Summaries_pgram_hamm_width_weighted_prom,"FourierSpectrum",SP_Summaries_pgram_hamm.width_weighted_prom,921
4357,SP_Summaries_pgram_hamm_peakPower_2,"FourierSpectrum",SP_Summaries_pgram_hamm.peakPower_2,921
4358,SP_Summaries_pgram_hamm_peakPower_5,"FourierSpectrum",SP_Summaries_pgram_hamm.peakPower_5,921
4359,SP_Summaries_pgram_hamm_peakPower_prom2,"FourierSpectrum",SP_Summaries_pgram_hamm.peakPower_prom2,921
4360,SP_Summaries_pgram_hamm_w_weighted_peak_prom,"FourierSpectrum",SP_Summaries_pgram_hamm.w_weighted_peak_prom,921
4361,SP_Summaries_pgram_hamm_w_weighted_peak_height,"FourierSpectrum",SP_Summaries_pgram_hamm.w_weighted_peak_height,921
4362,SP_Summaries_pgram_hamm_numPeaks_50power,"FourierSpectrum",SP_Summaries_pgram_hamm.numPeaks_50power,921
4363,SP_Summaries_pgram_hamm_peakpower_1,"FourierSpectrum",SP_Summaries_pgram_hamm.peakpower_1,921
4364,SP_Summaries_pgram_hamm_iqr,"FourierSpectrum",SP_Summaries_pgram_hamm.iqr,921
4365,SP_Summaries_pgram_hamm_logiqr,"FourierSpectrum",SP_Summaries_pgram_hamm.logiqr,921
4366,SP_Summaries_pgram_hamm_q25,"FourierSpectrum",SP_Summaries_pgram_hamm.q25,921
4367,SP_Summaries_pgram_hamm_median,"FourierSpectrum",SP_Summaries_pgram_hamm.median,921
4368,SP_Summaries_pgram_hamm_q75,"FourierSpectrum",SP_Summaries_pgram_hamm.q75,921
4369,SP_Summaries_pgram_hamm_std,"FourierSpectrum",SP_Summaries_pgram_hamm.std,921
4370,SP_Summaries_pgram_hamm_stdlog,"FourierSpectrum",SP_Summaries_pgram_hamm.stdlog,921
4371,SP_Summaries_pgram_hamm_logstd,"FourierSpectrum",SP_Summaries_pgram_hamm.logstd,921
4372,SP_Summaries_pgram_hamm_mean,"FourierSpectrum",SP_Summaries_pgram_hamm.mean,921
4373,SP_Summaries_pgram_hamm_logmean,"FourierSpectrum",SP_Summaries_pgram_hamm.logmean,921
4374,SP_Summaries_pgram_hamm_mom3,"FourierSpectrum",SP_Summaries_pgram_hamm.mom3,921
4375,SP_Summaries_pgram_hamm_mom4,"FourierSpectrum",SP_Summaries_pgram_hamm.mom4,921
4376,SP_Summaries_pgram_hamm_mom5,"FourierSpectrum",SP_Summaries_pgram_hamm.mom5,921
4377,SP_Summaries_pgram_hamm_ac1,"FourierSpectrum",SP_Summaries_pgram_hamm.ac1,921
4378,SP_Summaries_pgram_hamm_ac2,"FourierSpectrum",SP_Summaries_pgram_hamm.ac2,921
4379,SP_Summaries_pgram_hamm_tau,"FourierSpectrum",SP_Summaries_pgram_hamm.tau,921
4380,SP_Summaries_pgram_hamm_wmax_5,"FourierSpectrum",SP_Summaries_pgram_hamm.wmax_5,921
4381,SP_Summaries_pgram_hamm_wmax_10,"FourierSpectrum",SP_Summaries_pgram_hamm.wmax_10,921
4382,SP_Summaries_pgram_hamm_wmax_25,"FourierSpectrum",SP_Summaries_pgram_hamm.wmax_25,921
4383,SP_Summaries_pgram_hamm_centroid,"FourierSpectrum",SP_Summaries_pgram_hamm.centroid,921
4384,SP_Summaries_pgram_hamm_wmax_75,"FourierSpectrum",SP_Summaries_pgram_hamm.wmax_75,921
4385,SP_Summaries_pgram_hamm_wmax_90,"FourierSpectrum",SP_Summaries_pgram_hamm.wmax_90,921
4386,SP_Summaries_pgram_hamm_wmax_95,"FourierSpectrum",SP_Summaries_pgram_hamm.wmax_95,921
4387,SP_Summaries_pgram_hamm_wmax_99,"FourierSpectrum",SP_Summaries_pgram_hamm.wmax_99,921
4388,SP_Summaries_pgram_hamm_w10_90,"FourierSpectrum",SP_Summaries_pgram_hamm.w10_90,921
4389,SP_Summaries_pgram_hamm_w25_75,"FourierSpectrum",SP_Summaries_pgram_hamm.w25_75,921
4390,SP_Summaries_pgram_hamm_fpoly2csS_p1,"FourierSpectrum",SP_Summaries_pgram_hamm.fpoly2csS_p1,921
4391,SP_Summaries_pgram_hamm_fpoly2csS_p2,"FourierSpectrum",SP_Summaries_pgram_hamm.fpoly2csS_p2,921
4392,SP_Summaries_pgram_hamm_fpoly2csS_p3,"FourierSpectrum",SP_Summaries_pgram_hamm.fpoly2csS_p3,921
4393,SP_Summaries_pgram_hamm_fpoly2_sse,"FourierSpectrum",SP_Summaries_pgram_hamm.fpoly2_sse,921
4394,SP_Summaries_pgram_hamm_fpoly2_r2,"FourierSpectrum",SP_Summaries_pgram_hamm.fpoly2_r2,921
4395,SP_Summaries_pgram_hamm_fpoly2_rmse,"FourierSpectrum",SP_Summaries_pgram_hamm.fpoly2_rmse,921
4396,SP_Summaries_pgram_hamm_fpolysat_a,"FourierSpectrum",SP_Summaries_pgram_hamm.fpolysat_a,921
4397,SP_Summaries_pgram_hamm_fpolysat_b,"FourierSpectrum",SP_Summaries_pgram_hamm.fpolysat_b,921
4398,SP_Summaries_pgram_hamm_fpolysat_r2,"FourierSpectrum",SP_Summaries_pgram_hamm.fpolysat_r2,921
4399,SP_Summaries_pgram_hamm_fpolysat_rmse,"FourierSpectrum",SP_Summaries_pgram_hamm.fpolysat_rmse,921
4400,SP_Summaries_pgram_hamm_spect_shann_ent,"FourierSpectrum",SP_Summaries_pgram_hamm.spect_shann_ent,921
4401,SP_Summaries_pgram_hamm_spect_shann_ent_norm,"FourierSpectrum",SP_Summaries_pgram_hamm.spect_shann_ent_norm,921
4402,SP_Summaries_pgram_hamm_sfm,"FourierSpectrum",SP_Summaries_pgram_hamm.sfm,921
4403,SP_Summaries_pgram_hamm_areatopeak,"FourierSpectrum",SP_Summaries_pgram_hamm.areatopeak,921
4404,SP_Summaries_pgram_hamm_ylogareatopeak,"FourierSpectrum",SP_Summaries_pgram_hamm.ylogareatopeak,921
4405,SP_Summaries_pgram_hamm_linfitloglog_all_a1,"FourierSpectrum",SP_Summaries_pgram_hamm.linfitloglog_all_a1,921
4406,SP_Summaries_pgram_hamm_linfitloglog_all_a2,"FourierSpectrum",SP_Summaries_pgram_hamm.linfitloglog_all_a2,921
4407,SP_Summaries_pgram_hamm_linfitloglog_all_sigrat,"FourierSpectrum",SP_Summaries_pgram_hamm.linfitloglog_all_sigrat,921
4408,SP_Summaries_pgram_hamm_linfitloglog_all_sigma,"FourierSpectrum",SP_Summaries_pgram_hamm.linfitloglog_all_sigma,921
4409,SP_Summaries_pgram_hamm_linfitloglog_all_sea1,"FourierSpectrum",SP_Summaries_pgram_hamm.linfitloglog_all_sea1,921
4410,SP_Summaries_pgram_hamm_linfitloglog_lf_a1,"FourierSpectrum",SP_Summaries_pgram_hamm.linfitloglog_lf_a1,921
4411,SP_Summaries_pgram_hamm_linfitloglog_lf_a2,"FourierSpectrum",SP_Summaries_pgram_hamm.linfitloglog_lf_a2,921
4412,SP_Summaries_pgram_hamm_linfitloglog_lf_sigrat,"FourierSpectrum",SP_Summaries_pgram_hamm.linfitloglog_lf_sigrat,921
4413,SP_Summaries_pgram_hamm_linfitloglog_lf_sigma,"FourierSpectrum",SP_Summaries_pgram_hamm.linfitloglog_lf_sigma,921
4414,SP_Summaries_pgram_hamm_linfitloglog_lf_sea1,"FourierSpectrum",SP_Summaries_pgram_hamm.linfitloglog_lf_sea1,921
4415,SP_Summaries_pgram_hamm_linfitloglog_hf_a1,"FourierSpectrum",SP_Summaries_pgram_hamm.linfitloglog_hf_a1,921
4416,SP_Summaries_pgram_hamm_linfitloglog_hf_a2,"FourierSpectrum",SP_Summaries_pgram_hamm.linfitloglog_hf_a2,921
4417,SP_Summaries_pgram_hamm_linfitloglog_hf_sigrat,"FourierSpectrum",SP_Summaries_pgram_hamm.linfitloglog_hf_sigrat,921
4418,SP_Summaries_pgram_hamm_linfitloglog_hf_sigma,"FourierSpectrum",SP_Summaries_pgram_hamm.linfitloglog_hf_sigma,921
4419,SP_Summaries_pgram_hamm_linfitloglog_hf_sea1,"FourierSpectrum",SP_Summaries_pgram_hamm.linfitloglog_hf_sea1,921
4420,SP_Summaries_pgram_hamm_linfitloglog_mf_a1,"FourierSpectrum",SP_Summaries_pgram_hamm.linfitloglog_mf_a1,921
4421,SP_Summaries_pgram_hamm_linfitloglog_mf_a2,"FourierSpectrum",SP_Summaries_pgram_hamm.linfitloglog_mf_a2,921
4422,SP_Summaries_pgram_hamm_linfitloglog_mf_sigrat,"FourierSpectrum",SP_Summaries_pgram_hamm.linfitloglog_mf_sigrat,921
4423,SP_Summaries_pgram_hamm_linfitloglog_mf_sigma,"FourierSpectrum",SP_Summaries_pgram_hamm.linfitloglog_mf_sigma,921
4424,SP_Summaries_pgram_hamm_linfitloglog_mf_sea1,"FourierSpectrum",SP_Summaries_pgram_hamm.linfitloglog_mf_sea1,921
4425,SP_Summaries_pgram_hamm_linfitsemilog_all_a1,"FourierSpectrum",SP_Summaries_pgram_hamm.linfitsemilog_all_a1,921
4426,SP_Summaries_pgram_hamm_linfitsemilog_all_a2,"FourierSpectrum",SP_Summaries_pgram_hamm.linfitsemilog_all_a2,921
4427,SP_Summaries_pgram_hamm_linfitsemilog_all_sigrat,"FourierSpectrum",SP_Summaries_pgram_hamm.linfitsemilog_all_sigrat,921
4428,SP_Summaries_pgram_hamm_linfitsemilog_all_sigma,"FourierSpectrum",SP_Summaries_pgram_hamm.linfitsemilog_all_sigma,921
4429,SP_Summaries_pgram_hamm_linfitsemilog_all_sea1,"FourierSpectrum",SP_Summaries_pgram_hamm.linfitsemilog_all_sea1,921
4430,SP_Summaries_pgram_hamm_area_2_1,"FourierSpectrum",SP_Summaries_pgram_hamm.area_2_1,921
4431,SP_Summaries_pgram_hamm_logarea_2_1,"FourierSpectrum",SP_Summaries_pgram_hamm.logarea_2_1,921
4432,SP_Summaries_pgram_hamm_area_2_2,"FourierSpectrum",SP_Summaries_pgram_hamm.area_2_2,921
4433,SP_Summaries_pgram_hamm_logarea_2_2,"FourierSpectrum",SP_Summaries_pgram_hamm.logarea_2_2,921
4434,SP_Summaries_pgram_hamm_statav2_m,"FourierSpectrum",SP_Summaries_pgram_hamm.statav2_m,921
4435,SP_Summaries_pgram_hamm_statav2_s,"FourierSpectrum",SP_Summaries_pgram_hamm.statav2_s,921
4436,SP_Summaries_pgram_hamm_area_3_1,"FourierSpectrum",SP_Summaries_pgram_hamm.area_3_1,921
4437,SP_Summaries_pgram_hamm_logarea_3_1,"FourierSpectrum",SP_Summaries_pgram_hamm.logarea_3_1,921
4438,SP_Summaries_pgram_hamm_area_3_2,"FourierSpectrum",SP_Summaries_pgram_hamm.area_3_2,921
4439,SP_Summaries_pgram_hamm_logarea_3_2,"FourierSpectrum",SP_Summaries_pgram_hamm.logarea_3_2,921
4440,SP_Summaries_pgram_hamm_area_3_3,"FourierSpectrum",SP_Summaries_pgram_hamm.area_3_3,921
4441,SP_Summaries_pgram_hamm_logarea_3_3,"FourierSpectrum",SP_Summaries_pgram_hamm.logarea_3_3,921
4442,SP_Summaries_pgram_hamm_statav3_m,"FourierSpectrum",SP_Summaries_pgram_hamm.statav3_m,921
4443,SP_Summaries_pgram_hamm_statav3_s,"FourierSpectrum",SP_Summaries_pgram_hamm.statav3_s,921
4444,SP_Summaries_pgram_hamm_area_4_1,"FourierSpectrum",SP_Summaries_pgram_hamm.area_4_1,921
4445,SP_Summaries_pgram_hamm_logarea_4_1,"FourierSpectrum",SP_Summaries_pgram_hamm.logarea_4_1,921
4446,SP_Summaries_pgram_hamm_area_4_2,"FourierSpectrum",SP_Summaries_pgram_hamm.area_4_2,921
4447,SP_Summaries_pgram_hamm_logarea_4_2,"FourierSpectrum",SP_Summaries_pgram_hamm.logarea_4_2,921
4448,SP_Summaries_pgram_hamm_area_4_3,"FourierSpectrum",SP_Summaries_pgram_hamm.area_4_3,921
4449,SP_Summaries_pgram_hamm_logarea_4_3,"FourierSpectrum",SP_Summaries_pgram_hamm.logarea_4_3,921
4450,SP_Summaries_pgram_hamm_area_4_4,"FourierSpectrum",SP_Summaries_pgram_hamm.area_4_4,921
4451,SP_Summaries_pgram_hamm_logarea_4_4,"FourierSpectrum",SP_Summaries_pgram_hamm.logarea_4_4,921
4452,SP_Summaries_pgram_hamm_statav4_m,"FourierSpectrum",SP_Summaries_pgram_hamm.statav4_m,921
4453,SP_Summaries_pgram_hamm_statav4_s,"FourierSpectrum",SP_Summaries_pgram_hamm.statav4_s,921
4454,SP_Summaries_pgram_hamm_area_5_1,"FourierSpectrum",SP_Summaries_pgram_hamm.area_5_1,921
4455,SP_Summaries_pgram_hamm_logarea_5_1,"FourierSpectrum",SP_Summaries_pgram_hamm.logarea_5_1,921
4456,SP_Summaries_pgram_hamm_area_5_2,"FourierSpectrum",SP_Summaries_pgram_hamm.area_5_2,921
4457,SP_Summaries_pgram_hamm_logarea_5_2,"FourierSpectrum",SP_Summaries_pgram_hamm.logarea_5_2,921
4458,SP_Summaries_pgram_hamm_area_5_3,"FourierSpectrum",SP_Summaries_pgram_hamm.area_5_3,921
4459,SP_Summaries_pgram_hamm_logarea_5_3,"FourierSpectrum",SP_Summaries_pgram_hamm.logarea_5_3,921
4460,SP_Summaries_pgram_hamm_area_5_4,"FourierSpectrum",SP_Summaries_pgram_hamm.area_5_4,921
4461,SP_Summaries_pgram_hamm_logarea_5_4,"FourierSpectrum",SP_Summaries_pgram_hamm.logarea_5_4,921
4462,SP_Summaries_pgram_hamm_area_5_5,"FourierSpectrum",SP_Summaries_pgram_hamm.area_5_5,921
4463,SP_Summaries_pgram_hamm_logarea_5_5,"FourierSpectrum",SP_Summaries_pgram_hamm.logarea_5_5,921
4464,SP_Summaries_pgram_hamm_statav5_m,"FourierSpectrum",SP_Summaries_pgram_hamm.statav5_m,921
4465,SP_Summaries_pgram_hamm_statav5_s,"FourierSpectrum",SP_Summaries_pgram_hamm.statav5_s,921
4466,SP_Summaries_pgram_hamm_ncross_f05,"FourierSpectrum",SP_Summaries_pgram_hamm.ncross_f05,921
4467,SP_Summaries_pgram_hamm_ncross_f01,"FourierSpectrum",SP_Summaries_pgram_hamm.ncross_f01,921
4468,SP_Summaries_pgram_hamm_ncross_f02,"FourierSpectrum",SP_Summaries_pgram_hamm.ncross_f02,921
4469,SP_Summaries_welch_rect_maxS,"FourierSpectrum",SP_Summaries_welch_rect.maxS,922
4470,SP_Summaries_welch_rect_maxw,"FourierSpectrum",SP_Summaries_welch_rect.maxw,922
4471,SP_Summaries_welch_rect_maxWidth,"FourierSpectrum",SP_Summaries_welch_rect.maxWidth,922
4472,SP_Summaries_welch_rect_numPeaks,"FourierSpectrum",SP_Summaries_welch_rect.numPeaks,922
4473,SP_Summaries_welch_rect_numPromPeaks_1,"FourierSpectrum",SP_Summaries_welch_rect.numPromPeaks_1,922
4474,SP_Summaries_welch_rect_numPromPeaks_2,"FourierSpectrum",SP_Summaries_welch_rect.numPromPeaks_2,922
4475,SP_Summaries_welch_rect_numPromPeaks_5,"FourierSpectrum",SP_Summaries_welch_rect.numPromPeaks_5,922
4476,SP_Summaries_welch_rect_numPeaks_overmean,"FourierSpectrum",SP_Summaries_welch_rect.numPeaks_overmean,922
4477,SP_Summaries_welch_rect_maxProm,"FourierSpectrum",SP_Summaries_welch_rect.maxProm,922
4478,SP_Summaries_welch_rect_meanProm_2,"FourierSpectrum",SP_Summaries_welch_rect.meanProm_2,922
4479,SP_Summaries_welch_rect_meanPeakWidth_prom2,"FourierSpectrum",SP_Summaries_welch_rect.meanPeakWidth_prom2,922
4480,SP_Summaries_welch_rect_width_weighted_prom,"FourierSpectrum",SP_Summaries_welch_rect.width_weighted_prom,922
4481,SP_Summaries_welch_rect_peakPower_2,"FourierSpectrum",SP_Summaries_welch_rect.peakPower_2,922
4482,SP_Summaries_welch_rect_peakPower_5,"FourierSpectrum",SP_Summaries_welch_rect.peakPower_5,922
4483,SP_Summaries_welch_rect_peakPower_prom2,"FourierSpectrum",SP_Summaries_welch_rect.peakPower_prom2,922
4484,SP_Summaries_welch_rect_w_weighted_peak_prom,"FourierSpectrum",SP_Summaries_welch_rect.w_weighted_peak_prom,922
4485,SP_Summaries_welch_rect_w_weighted_peak_height,"FourierSpectrum",SP_Summaries_welch_rect.w_weighted_peak_height,922
4486,SP_Summaries_welch_rect_numPeaks_50power,"FourierSpectrum",SP_Summaries_welch_rect.numPeaks_50power,922
4487,SP_Summaries_welch_rect_peakpower_1,"FourierSpectrum",SP_Summaries_welch_rect.peakpower_1,922
4488,SP_Summaries_welch_rect_iqr,"FourierSpectrum",SP_Summaries_welch_rect.iqr,922
4489,SP_Summaries_welch_rect_logiqr,"FourierSpectrum",SP_Summaries_welch_rect.logiqr,922
4490,SP_Summaries_welch_rect_q25,"FourierSpectrum",SP_Summaries_welch_rect.q25,922
4491,SP_Summaries_welch_rect_median,"FourierSpectrum",SP_Summaries_welch_rect.median,922
4492,SP_Summaries_welch_rect_q75,"FourierSpectrum",SP_Summaries_welch_rect.q75,922
4493,SP_Summaries_welch_rect_std,"FourierSpectrum",SP_Summaries_welch_rect.std,922
4494,SP_Summaries_welch_rect_stdlog,"FourierSpectrum",SP_Summaries_welch_rect.stdlog,922
4495,SP_Summaries_welch_rect_logstd,"FourierSpectrum",SP_Summaries_welch_rect.logstd,922
4496,SP_Summaries_welch_rect_mean,"FourierSpectrum",SP_Summaries_welch_rect.mean,922
4497,SP_Summaries_welch_rect_logmean,"FourierSpectrum",SP_Summaries_welch_rect.logmean,922
4498,SP_Summaries_welch_rect_mom3,"FourierSpectrum",SP_Summaries_welch_rect.mom3,922
4499,SP_Summaries_welch_rect_mom4,"FourierSpectrum",SP_Summaries_welch_rect.mom4,922
4500,SP_Summaries_welch_rect_mom5,"FourierSpectrum",SP_Summaries_welch_rect.mom5,922
4501,SP_Summaries_welch_rect_ac1,"FourierSpectrum",SP_Summaries_welch_rect.ac1,922
4502,SP_Summaries_welch_rect_ac2,"FourierSpectrum",SP_Summaries_welch_rect.ac2,922
4503,SP_Summaries_welch_rect_tau,"FourierSpectrum",SP_Summaries_welch_rect.tau,922
4504,SP_Summaries_welch_rect_wmax_5,"FourierSpectrum",SP_Summaries_welch_rect.wmax_5,922
4505,SP_Summaries_welch_rect_wmax_10,"FourierSpectrum",SP_Summaries_welch_rect.wmax_10,922
4506,SP_Summaries_welch_rect_wmax_25,"FourierSpectrum",SP_Summaries_welch_rect.wmax_25,922
4507,SP_Summaries_welch_rect_centroid,"FourierSpectrum",SP_Summaries_welch_rect.centroid,922
4508,SP_Summaries_welch_rect_wmax_75,"FourierSpectrum",SP_Summaries_welch_rect.wmax_75,922
4509,SP_Summaries_welch_rect_wmax_90,"FourierSpectrum",SP_Summaries_welch_rect.wmax_90,922
4510,SP_Summaries_welch_rect_wmax_95,"FourierSpectrum",SP_Summaries_welch_rect.wmax_95,922
4511,SP_Summaries_welch_rect_wmax_99,"FourierSpectrum",SP_Summaries_welch_rect.wmax_99,922
4512,SP_Summaries_welch_rect_w10_90,"FourierSpectrum",SP_Summaries_welch_rect.w10_90,922
4513,SP_Summaries_welch_rect_w25_75,"FourierSpectrum",SP_Summaries_welch_rect.w25_75,922
4514,SP_Summaries_welch_rect_fpoly2csS_p1,"FourierSpectrum",SP_Summaries_welch_rect.fpoly2csS_p1,922
4515,SP_Summaries_welch_rect_fpoly2csS_p2,"FourierSpectrum",SP_Summaries_welch_rect.fpoly2csS_p2,922
4516,SP_Summaries_welch_rect_fpoly2csS_p3,"FourierSpectrum",SP_Summaries_welch_rect.fpoly2csS_p3,922
4517,SP_Summaries_welch_rect_fpoly2_sse,"FourierSpectrum",SP_Summaries_welch_rect.fpoly2_sse,922
4518,SP_Summaries_welch_rect_fpoly2_r2,"FourierSpectrum",SP_Summaries_welch_rect.fpoly2_r2,922
4519,SP_Summaries_welch_rect_fpoly2_rmse,"FourierSpectrum",SP_Summaries_welch_rect.fpoly2_rmse,922
4520,SP_Summaries_welch_rect_fpolysat_a,"FourierSpectrum",SP_Summaries_welch_rect.fpolysat_a,922
4521,SP_Summaries_welch_rect_fpolysat_b,"FourierSpectrum",SP_Summaries_welch_rect.fpolysat_b,922
4522,SP_Summaries_welch_rect_fpolysat_r2,"FourierSpectrum",SP_Summaries_welch_rect.fpolysat_r2,922
4523,SP_Summaries_welch_rect_fpolysat_rmse,"FourierSpectrum",SP_Summaries_welch_rect.fpolysat_rmse,922
4524,SP_Summaries_welch_rect_spect_shann_ent,"FourierSpectrum",SP_Summaries_welch_rect.spect_shann_ent,922
4525,SP_Summaries_welch_rect_spect_shann_ent_norm,"FourierSpectrum",SP_Summaries_welch_rect.spect_shann_ent_norm,922
4526,SP_Summaries_welch_rect_sfm,"FourierSpectrum",SP_Summaries_welch_rect.sfm,922
4527,SP_Summaries_welch_rect_areatopeak,"FourierSpectrum",SP_Summaries_welch_rect.areatopeak,922
4528,SP_Summaries_welch_rect_ylogareatopeak,"FourierSpectrum",SP_Summaries_welch_rect.ylogareatopeak,922
4529,SP_Summaries_welch_rect_linfitloglog_all_a1,"FourierSpectrum",SP_Summaries_welch_rect.linfitloglog_all_a1,922
4530,SP_Summaries_welch_rect_linfitloglog_all_a2,"FourierSpectrum",SP_Summaries_welch_rect.linfitloglog_all_a2,922
4531,SP_Summaries_welch_rect_linfitloglog_all_sigrat,"FourierSpectrum",SP_Summaries_welch_rect.linfitloglog_all_sigrat,922
4532,SP_Summaries_welch_rect_linfitloglog_all_sigma,"FourierSpectrum",SP_Summaries_welch_rect.linfitloglog_all_sigma,922
4533,SP_Summaries_welch_rect_linfitloglog_all_sea1,"FourierSpectrum",SP_Summaries_welch_rect.linfitloglog_all_sea1,922
4534,SP_Summaries_welch_rect_linfitloglog_lf_a1,"FourierSpectrum",SP_Summaries_welch_rect.linfitloglog_lf_a1,922
4535,SP_Summaries_welch_rect_linfitloglog_lf_a2,"FourierSpectrum",SP_Summaries_welch_rect.linfitloglog_lf_a2,922
4536,SP_Summaries_welch_rect_linfitloglog_lf_sigrat,"FourierSpectrum",SP_Summaries_welch_rect.linfitloglog_lf_sigrat,922
4537,SP_Summaries_welch_rect_linfitloglog_lf_sigma,"FourierSpectrum",SP_Summaries_welch_rect.linfitloglog_lf_sigma,922
4538,SP_Summaries_welch_rect_linfitloglog_lf_sea1,"FourierSpectrum",SP_Summaries_welch_rect.linfitloglog_lf_sea1,922
4539,SP_Summaries_welch_rect_linfitloglog_hf_a1,"FourierSpectrum",SP_Summaries_welch_rect.linfitloglog_hf_a1,922
4540,SP_Summaries_welch_rect_linfitloglog_hf_a2,"FourierSpectrum",SP_Summaries_welch_rect.linfitloglog_hf_a2,922
4541,SP_Summaries_welch_rect_linfitloglog_hf_sigrat,"FourierSpectrum",SP_Summaries_welch_rect.linfitloglog_hf_sigrat,922
4542,SP_Summaries_welch_rect_linfitloglog_hf_sigma,"FourierSpectrum",SP_Summaries_welch_rect.linfitloglog_hf_sigma,922
4543,SP_Summaries_welch_rect_linfitloglog_hf_sea1,"FourierSpectrum",SP_Summaries_welch_rect.linfitloglog_hf_sea1,922
4544,SP_Summaries_welch_rect_linfitloglog_mf_a1,"FourierSpectrum",SP_Summaries_welch_rect.linfitloglog_mf_a1,922
4545,SP_Summaries_welch_rect_linfitloglog_mf_a2,"FourierSpectrum",SP_Summaries_welch_rect.linfitloglog_mf_a2,922
4546,SP_Summaries_welch_rect_linfitloglog_mf_sigrat,"FourierSpectrum",SP_Summaries_welch_rect.linfitloglog_mf_sigrat,922
4547,SP_Summaries_welch_rect_linfitloglog_mf_sigma,"FourierSpectrum",SP_Summaries_welch_rect.linfitloglog_mf_sigma,922
4548,SP_Summaries_welch_rect_linfitloglog_mf_sea1,"FourierSpectrum",SP_Summaries_welch_rect.linfitloglog_mf_sea1,922
4549,SP_Summaries_welch_rect_linfitsemilog_all_a1,"FourierSpectrum",SP_Summaries_welch_rect.linfitsemilog_all_a1,922
4550,SP_Summaries_welch_rect_linfitsemilog_all_a2,"FourierSpectrum",SP_Summaries_welch_rect.linfitsemilog_all_a2,922
4551,SP_Summaries_welch_rect_linfitsemilog_all_sigrat,"FourierSpectrum",SP_Summaries_welch_rect.linfitsemilog_all_sigrat,922
4552,SP_Summaries_welch_rect_linfitsemilog_all_sigma,"FourierSpectrum",SP_Summaries_welch_rect.linfitsemilog_all_sigma,922
4553,SP_Summaries_welch_rect_linfitsemilog_all_sea1,"FourierSpectrum",SP_Summaries_welch_rect.linfitsemilog_all_sea1,922
4554,SP_Summaries_welch_rect_area_2_1,"FourierSpectrum",SP_Summaries_welch_rect.area_2_1,922
4555,SP_Summaries_welch_rect_logarea_2_1,"FourierSpectrum",SP_Summaries_welch_rect.logarea_2_1,922
4556,SP_Summaries_welch_rect_area_2_2,"FourierSpectrum",SP_Summaries_welch_rect.area_2_2,922
4557,SP_Summaries_welch_rect_logarea_2_2,"FourierSpectrum",SP_Summaries_welch_rect.logarea_2_2,922
4558,SP_Summaries_welch_rect_statav2_m,"FourierSpectrum",SP_Summaries_welch_rect.statav2_m,922
4559,SP_Summaries_welch_rect_statav2_s,"FourierSpectrum",SP_Summaries_welch_rect.statav2_s,922
4560,SP_Summaries_welch_rect_area_3_1,"FourierSpectrum",SP_Summaries_welch_rect.area_3_1,922
4561,SP_Summaries_welch_rect_logarea_3_1,"FourierSpectrum",SP_Summaries_welch_rect.logarea_3_1,922
4562,SP_Summaries_welch_rect_area_3_2,"FourierSpectrum",SP_Summaries_welch_rect.area_3_2,922
4563,SP_Summaries_welch_rect_logarea_3_2,"FourierSpectrum",SP_Summaries_welch_rect.logarea_3_2,922
4564,SP_Summaries_welch_rect_area_3_3,"FourierSpectrum",SP_Summaries_welch_rect.area_3_3,922
4565,SP_Summaries_welch_rect_logarea_3_3,"FourierSpectrum",SP_Summaries_welch_rect.logarea_3_3,922
4566,SP_Summaries_welch_rect_statav3_m,"FourierSpectrum",SP_Summaries_welch_rect.statav3_m,922
4567,SP_Summaries_welch_rect_statav3_s,"FourierSpectrum",SP_Summaries_welch_rect.statav3_s,922
4568,SP_Summaries_welch_rect_area_4_1,"FourierSpectrum",SP_Summaries_welch_rect.area_4_1,922
4569,SP_Summaries_welch_rect_logarea_4_1,"FourierSpectrum",SP_Summaries_welch_rect.logarea_4_1,922
4570,SP_Summaries_welch_rect_area_4_2,"FourierSpectrum",SP_Summaries_welch_rect.area_4_2,922
4571,SP_Summaries_welch_rect_logarea_4_2,"FourierSpectrum",SP_Summaries_welch_rect.logarea_4_2,922
4572,SP_Summaries_welch_rect_area_4_3,"FourierSpectrum",SP_Summaries_welch_rect.area_4_3,922
4573,SP_Summaries_welch_rect_logarea_4_3,"FourierSpectrum",SP_Summaries_welch_rect.logarea_4_3,922
4574,SP_Summaries_welch_rect_area_4_4,"FourierSpectrum",SP_Summaries_welch_rect.area_4_4,922
4575,SP_Summaries_welch_rect_logarea_4_4,"FourierSpectrum",SP_Summaries_welch_rect.logarea_4_4,922
4576,SP_Summaries_welch_rect_statav4_m,"FourierSpectrum",SP_Summaries_welch_rect.statav4_m,922
4577,SP_Summaries_welch_rect_statav4_s,"FourierSpectrum",SP_Summaries_welch_rect.statav4_s,922
4578,SP_Summaries_welch_rect_area_5_1,"FourierSpectrum",SP_Summaries_welch_rect.area_5_1,922
4579,SP_Summaries_welch_rect_logarea_5_1,"FourierSpectrum",SP_Summaries_welch_rect.logarea_5_1,922
4580,SP_Summaries_welch_rect_area_5_2,"FourierSpectrum",SP_Summaries_welch_rect.area_5_2,922
4581,SP_Summaries_welch_rect_logarea_5_2,"FourierSpectrum",SP_Summaries_welch_rect.logarea_5_2,922
4582,SP_Summaries_welch_rect_area_5_3,"FourierSpectrum",SP_Summaries_welch_rect.area_5_3,922
4583,SP_Summaries_welch_rect_logarea_5_3,"FourierSpectrum",SP_Summaries_welch_rect.logarea_5_3,922
4584,SP_Summaries_welch_rect_area_5_4,"FourierSpectrum",SP_Summaries_welch_rect.area_5_4,922
4585,SP_Summaries_welch_rect_logarea_5_4,"FourierSpectrum",SP_Summaries_welch_rect.logarea_5_4,922
4586,SP_Summaries_welch_rect_area_5_5,"FourierSpectrum",SP_Summaries_welch_rect.area_5_5,922
4587,SP_Summaries_welch_rect_logarea_5_5,"FourierSpectrum",SP_Summaries_welch_rect.logarea_5_5,922
4588,SP_Summaries_welch_rect_statav5_m,"FourierSpectrum",SP_Summaries_welch_rect.statav5_m,922
4589,SP_Summaries_welch_rect_statav5_s,"FourierSpectrum",SP_Summaries_welch_rect.statav5_s,922
4590,SP_Summaries_welch_rect_ncross_f05,"FourierSpectrum",SP_Summaries_welch_rect.ncross_f05,922
4591,SP_Summaries_welch_rect_ncross_f01,"FourierSpectrum",SP_Summaries_welch_rect.ncross_f01,922
4592,SP_Summaries_welch_rect_ncross_f02,"FourierSpectrum",SP_Summaries_welch_rect.ncross_f02,922
4593,SP_Summaries_fft_maxS,"FourierSpectrum",SP_Summaries_fft.maxS,923
4594,SP_Summaries_fft_maxw,"FourierSpectrum",SP_Summaries_fft.maxw,923
4595,SP_Summaries_fft_maxWidth,"FourierSpectrum",SP_Summaries_fft.maxWidth,923
4596,SP_Summaries_fft_numPeaks,"FourierSpectrum",SP_Summaries_fft.numPeaks,923
4597,SP_Summaries_fft_numPromPeaks_1,"FourierSpectrum",SP_Summaries_fft.numPromPeaks_1,923
4598,SP_Summaries_fft_numPromPeaks_2,"FourierSpectrum",SP_Summaries_fft.numPromPeaks_2,923
4599,SP_Summaries_fft_numPromPeaks_5,"FourierSpectrum",SP_Summaries_fft.numPromPeaks_5,923
4600,SP_Summaries_fft_numPeaks_overmean,"FourierSpectrum",SP_Summaries_fft.numPeaks_overmean,923
4601,SP_Summaries_fft_maxProm,"FourierSpectrum",SP_Summaries_fft.maxProm,923
4602,SP_Summaries_fft_meanProm_2,"FourierSpectrum",SP_Summaries_fft.meanProm_2,923
4603,SP_Summaries_fft_meanPeakWidth_prom2,"FourierSpectrum",SP_Summaries_fft.meanPeakWidth_prom2,923
4604,SP_Summaries_fft_width_weighted_prom,"FourierSpectrum",SP_Summaries_fft.width_weighted_prom,923
4605,SP_Summaries_fft_peakPower_2,"FourierSpectrum",SP_Summaries_fft.peakPower_2,923
4606,SP_Summaries_fft_peakPower_5,"FourierSpectrum",SP_Summaries_fft.peakPower_5,923
4607,SP_Summaries_fft_peakPower_prom2,"FourierSpectrum",SP_Summaries_fft.peakPower_prom2,923
4608,SP_Summaries_fft_w_weighted_peak_prom,"FourierSpectrum",SP_Summaries_fft.w_weighted_peak_prom,923
4609,SP_Summaries_fft_w_weighted_peak_height,"FourierSpectrum",SP_Summaries_fft.w_weighted_peak_height,923
4610,SP_Summaries_fft_numPeaks_50power,"FourierSpectrum",SP_Summaries_fft.numPeaks_50power,923
4611,SP_Summaries_fft_peakpower_1,"FourierSpectrum",SP_Summaries_fft.peakpower_1,923
4612,SP_Summaries_fft_iqr,"FourierSpectrum",SP_Summaries_fft.iqr,923
4613,SP_Summaries_fft_logiqr,"FourierSpectrum",SP_Summaries_fft.logiqr,923
4614,SP_Summaries_fft_q25,"FourierSpectrum",SP_Summaries_fft.q25,923
4615,SP_Summaries_fft_median,"FourierSpectrum",SP_Summaries_fft.median,923
4616,SP_Summaries_fft_q75,"FourierSpectrum",SP_Summaries_fft.q75,923
4617,SP_Summaries_fft_std,"FourierSpectrum",SP_Summaries_fft.std,923
4618,SP_Summaries_fft_stdlog,"FourierSpectrum",SP_Summaries_fft.stdlog,923
4619,SP_Summaries_fft_logstd,"FourierSpectrum",SP_Summaries_fft.logstd,923
4620,SP_Summaries_fft_mean,"FourierSpectrum",SP_Summaries_fft.mean,923
4621,SP_Summaries_fft_logmean,"FourierSpectrum",SP_Summaries_fft.logmean,923
4622,SP_Summaries_fft_mom3,"FourierSpectrum",SP_Summaries_fft.mom3,923
4623,SP_Summaries_fft_mom4,"FourierSpectrum",SP_Summaries_fft.mom4,923
4624,SP_Summaries_fft_mom5,"FourierSpectrum",SP_Summaries_fft.mom5,923
4625,SP_Summaries_fft_ac1,"FourierSpectrum",SP_Summaries_fft.ac1,923
4626,SP_Summaries_fft_ac2,"FourierSpectrum",SP_Summaries_fft.ac2,923
4627,SP_Summaries_fft_tau,"FourierSpectrum",SP_Summaries_fft.tau,923
4628,SP_Summaries_fft_wmax_5,"FourierSpectrum",SP_Summaries_fft.wmax_5,923
4629,SP_Summaries_fft_wmax_10,"FourierSpectrum",SP_Summaries_fft.wmax_10,923
4630,SP_Summaries_fft_wmax_25,"FourierSpectrum",SP_Summaries_fft.wmax_25,923
4631,SP_Summaries_fft_centroid,"FourierSpectrum",SP_Summaries_fft.centroid,923
4632,SP_Summaries_fft_wmax_75,"FourierSpectrum",SP_Summaries_fft.wmax_75,923
4633,SP_Summaries_fft_wmax_90,"FourierSpectrum",SP_Summaries_fft.wmax_90,923
4634,SP_Summaries_fft_wmax_95,"FourierSpectrum",SP_Summaries_fft.wmax_95,923
4635,SP_Summaries_fft_wmax_99,"FourierSpectrum",SP_Summaries_fft.wmax_99,923
4636,SP_Summaries_fft_w10_90,"FourierSpectrum",SP_Summaries_fft.w10_90,923
4637,SP_Summaries_fft_w25_75,"FourierSpectrum",SP_Summaries_fft.w25_75,923
4638,SP_Summaries_fft_fpoly2csS_p1,"FourierSpectrum",SP_Summaries_fft.fpoly2csS_p1,923
4639,SP_Summaries_fft_fpoly2csS_p2,"FourierSpectrum",SP_Summaries_fft.fpoly2csS_p2,923
4640,SP_Summaries_fft_fpoly2csS_p3,"FourierSpectrum",SP_Summaries_fft.fpoly2csS_p3,923
4641,SP_Summaries_fft_fpoly2_sse,"FourierSpectrum",SP_Summaries_fft.fpoly2_sse,923
4642,SP_Summaries_fft_fpoly2_r2,"FourierSpectrum",SP_Summaries_fft.fpoly2_r2,923
4643,SP_Summaries_fft_fpoly2_rmse,"FourierSpectrum",SP_Summaries_fft.fpoly2_rmse,923
4644,SP_Summaries_fft_fpolysat_a,"FourierSpectrum",SP_Summaries_fft.fpolysat_a,923
4645,SP_Summaries_fft_fpolysat_b,"FourierSpectrum",SP_Summaries_fft.fpolysat_b,923
4646,SP_Summaries_fft_fpolysat_r2,"FourierSpectrum",SP_Summaries_fft.fpolysat_r2,923
4647,SP_Summaries_fft_fpolysat_rmse,"FourierSpectrum",SP_Summaries_fft.fpolysat_rmse,923
4648,SP_Summaries_fft_spect_shann_ent,"FourierSpectrum",SP_Summaries_fft.spect_shann_ent,923
4649,SP_Summaries_fft_spect_shann_ent_norm,"FourierSpectrum",SP_Summaries_fft.spect_shann_ent_norm,923
4650,SP_Summaries_fft_sfm,"FourierSpectrum",SP_Summaries_fft.sfm,923
4651,SP_Summaries_fft_areatopeak,"FourierSpectrum",SP_Summaries_fft.areatopeak,923
4652,SP_Summaries_fft_ylogareatopeak,"FourierSpectrum",SP_Summaries_fft.ylogareatopeak,923
4653,SP_Summaries_fft_linfitloglog_all_a1,"FourierSpectrum",SP_Summaries_fft.linfitloglog_all_a1,923
4654,SP_Summaries_fft_linfitloglog_all_a2,"FourierSpectrum",SP_Summaries_fft.linfitloglog_all_a2,923
4655,SP_Summaries_fft_linfitloglog_all_sigrat,"FourierSpectrum",SP_Summaries_fft.linfitloglog_all_sigrat,923
4656,SP_Summaries_fft_linfitloglog_all_sigma,"FourierSpectrum",SP_Summaries_fft.linfitloglog_all_sigma,923
4657,SP_Summaries_fft_linfitloglog_all_sea1,"FourierSpectrum",SP_Summaries_fft.linfitloglog_all_sea1,923
4658,SP_Summaries_fft_linfitloglog_lf_a1,"FourierSpectrum",SP_Summaries_fft.linfitloglog_lf_a1,923
4659,SP_Summaries_fft_linfitloglog_lf_a2,"FourierSpectrum",SP_Summaries_fft.linfitloglog_lf_a2,923
4660,SP_Summaries_fft_linfitloglog_lf_sigrat,"FourierSpectrum",SP_Summaries_fft.linfitloglog_lf_sigrat,923
4661,SP_Summaries_fft_linfitloglog_lf_sigma,"FourierSpectrum",SP_Summaries_fft.linfitloglog_lf_sigma,923
4662,SP_Summaries_fft_linfitloglog_lf_sea1,"FourierSpectrum",SP_Summaries_fft.linfitloglog_lf_sea1,923
4663,SP_Summaries_fft_linfitloglog_hf_a1,"FourierSpectrum",SP_Summaries_fft.linfitloglog_hf_a1,923
4664,SP_Summaries_fft_linfitloglog_hf_a2,"FourierSpectrum",SP_Summaries_fft.linfitloglog_hf_a2,923
4665,SP_Summaries_fft_linfitloglog_hf_sigrat,"FourierSpectrum",SP_Summaries_fft.linfitloglog_hf_sigrat,923
4666,SP_Summaries_fft_linfitloglog_hf_sigma,"FourierSpectrum",SP_Summaries_fft.linfitloglog_hf_sigma,923
4667,SP_Summaries_fft_linfitloglog_hf_sea1,"FourierSpectrum",SP_Summaries_fft.linfitloglog_hf_sea1,923
4668,SP_Summaries_fft_linfitloglog_mf_a1,"FourierSpectrum",SP_Summaries_fft.linfitloglog_mf_a1,923
4669,SP_Summaries_fft_linfitloglog_mf_a2,"FourierSpectrum",SP_Summaries_fft.linfitloglog_mf_a2,923
4670,SP_Summaries_fft_linfitloglog_mf_sigrat,"FourierSpectrum",SP_Summaries_fft.linfitloglog_mf_sigrat,923
4671,SP_Summaries_fft_linfitloglog_mf_sigma,"FourierSpectrum",SP_Summaries_fft.linfitloglog_mf_sigma,923
4672,SP_Summaries_fft_linfitloglog_mf_sea1,"FourierSpectrum",SP_Summaries_fft.linfitloglog_mf_sea1,923
4673,SP_Summaries_fft_linfitsemilog_all_a1,"FourierSpectrum",SP_Summaries_fft.linfitsemilog_all_a1,923
4674,SP_Summaries_fft_linfitsemilog_all_a2,"FourierSpectrum",SP_Summaries_fft.linfitsemilog_all_a2,923
4675,SP_Summaries_fft_linfitsemilog_all_sigrat,"FourierSpectrum",SP_Summaries_fft.linfitsemilog_all_sigrat,923
4676,SP_Summaries_fft_linfitsemilog_all_sigma,"FourierSpectrum",SP_Summaries_fft.linfitsemilog_all_sigma,923
4677,SP_Summaries_fft_linfitsemilog_all_sea1,"FourierSpectrum",SP_Summaries_fft.linfitsemilog_all_sea1,923
4678,SP_Summaries_fft_area_2_1,"FourierSpectrum",SP_Summaries_fft.area_2_1,923
4679,SP_Summaries_fft_logarea_2_1,"FourierSpectrum",SP_Summaries_fft.logarea_2_1,923
4680,SP_Summaries_fft_area_2_2,"FourierSpectrum",SP_Summaries_fft.area_2_2,923
4681,SP_Summaries_fft_logarea_2_2,"FourierSpectrum",SP_Summaries_fft.logarea_2_2,923
4682,SP_Summaries_fft_statav2_m,"FourierSpectrum",SP_Summaries_fft.statav2_m,923
4683,SP_Summaries_fft_statav2_s,"FourierSpectrum",SP_Summaries_fft.statav2_s,923
4684,SP_Summaries_fft_area_3_1,"FourierSpectrum",SP_Summaries_fft.area_3_1,923
4685,SP_Summaries_fft_logarea_3_1,"FourierSpectrum",SP_Summaries_fft.logarea_3_1,923
4686,SP_Summaries_fft_area_3_2,"FourierSpectrum",SP_Summaries_fft.area_3_2,923
4687,SP_Summaries_fft_logarea_3_2,"FourierSpectrum",SP_Summaries_fft.logarea_3_2,923
4688,SP_Summaries_fft_area_3_3,"FourierSpectrum",SP_Summaries_fft.area_3_3,923
4689,SP_Summaries_fft_logarea_3_3,"FourierSpectrum",SP_Summaries_fft.logarea_3_3,923
4690,SP_Summaries_fft_statav3_m,"FourierSpectrum",SP_Summaries_fft.statav3_m,923
4691,SP_Summaries_fft_statav3_s,"FourierSpectrum",SP_Summaries_fft.statav3_s,923
4692,SP_Summaries_fft_area_4_1,"FourierSpectrum",SP_Summaries_fft.area_4_1,923
4693,SP_Summaries_fft_logarea_4_1,"FourierSpectrum",SP_Summaries_fft.logarea_4_1,923
4694,SP_Summaries_fft_area_4_2,"FourierSpectrum",SP_Summaries_fft.area_4_2,923
4695,SP_Summaries_fft_logarea_4_2,"FourierSpectrum",SP_Summaries_fft.logarea_4_2,923
4696,SP_Summaries_fft_area_4_3,"FourierSpectrum",SP_Summaries_fft.area_4_3,923
4697,SP_Summaries_fft_logarea_4_3,"FourierSpectrum",SP_Summaries_fft.logarea_4_3,923
4698,SP_Summaries_fft_area_4_4,"FourierSpectrum",SP_Summaries_fft.area_4_4,923
4699,SP_Summaries_fft_logarea_4_4,"FourierSpectrum",SP_Summaries_fft.logarea_4_4,923
4700,SP_Summaries_fft_statav4_m,"FourierSpectrum",SP_Summaries_fft.statav4_m,923
4701,SP_Summaries_fft_statav4_s,"FourierSpectrum",SP_Summaries_fft.statav4_s,923
4702,SP_Summaries_fft_area_5_1,"FourierSpectrum",SP_Summaries_fft.area_5_1,923
4703,SP_Summaries_fft_logarea_5_1,"FourierSpectrum",SP_Summaries_fft.logarea_5_1,923
4704,SP_Summaries_fft_area_5_2,"FourierSpectrum",SP_Summaries_fft.area_5_2,923
4705,SP_Summaries_fft_logarea_5_2,"FourierSpectrum",SP_Summaries_fft.logarea_5_2,923
4706,SP_Summaries_fft_area_5_3,"FourierSpectrum",SP_Summaries_fft.area_5_3,923
4707,SP_Summaries_fft_logarea_5_3,"FourierSpectrum",SP_Summaries_fft.logarea_5_3,923
4708,SP_Summaries_fft_area_5_4,"FourierSpectrum",SP_Summaries_fft.area_5_4,923
4709,SP_Summaries_fft_logarea_5_4,"FourierSpectrum",SP_Summaries_fft.logarea_5_4,923
4710,SP_Summaries_fft_area_5_5,"FourierSpectrum",SP_Summaries_fft.area_5_5,923
4711,SP_Summaries_fft_logarea_5_5,"FourierSpectrum",SP_Summaries_fft.logarea_5_5,923
4712,SP_Summaries_fft_statav5_m,"FourierSpectrum",SP_Summaries_fft.statav5_m,923
4713,SP_Summaries_fft_statav5_s,"FourierSpectrum",SP_Summaries_fft.statav5_s,923
4714,SP_Summaries_fft_ncross_f05,"FourierSpectrum",SP_Summaries_fft.ncross_f05,923
4715,SP_Summaries_fft_ncross_f01,"FourierSpectrum",SP_Summaries_fft.ncross_f01,923
4716,SP_Summaries_fft_ncross_f02,"FourierSpectrum",SP_Summaries_fft.ncross_f02,923
4717,NL_crptool_fnn_10_2_mi_pdrop,"nonlinear,dimension,crptool",NL_crptool_fnn_10_2_mi.pdrop,924
4718,NL_crptool_fnn_10_2_mi_fnn2,"nonlinear,dimension,crptool",NL_crptool_fnn_10_2_mi.fnn2,924
4719,NL_crptool_fnn_10_2_mi_fnn3,"nonlinear,dimension,crptool",NL_crptool_fnn_10_2_mi.fnn3,924
4720,NL_crptool_fnn_10_2_mi_fnn4,"nonlinear,dimension,crptool",NL_crptool_fnn_10_2_mi.fnn4,924
4721,NL_crptool_fnn_10_2_mi_fnn5,"nonlinear,dimension,crptool",NL_crptool_fnn_10_2_mi.fnn5,924
4722,NL_crptool_fnn_10_2_mi_fnn6,"nonlinear,dimension,crptool",NL_crptool_fnn_10_2_mi.fnn6,924
4723,NL_crptool_fnn_10_2_mi_fnn7,"nonlinear,dimension,crptool",NL_crptool_fnn_10_2_mi.fnn7,924
4724,NL_crptool_fnn_10_2_mi_fnn8,"nonlinear,dimension,crptool",NL_crptool_fnn_10_2_mi.fnn8,924
4725,NL_crptool_fnn_10_2_mi_fnn9,"nonlinear,dimension,crptool",NL_crptool_fnn_10_2_mi.fnn9,924
4726,NL_crptool_fnn_10_2_mi_fnn10,"nonlinear,dimension,crptool",NL_crptool_fnn_10_2_mi.fnn10,924
4727,NL_crptool_fnn_10_2_mi_firstunder005,"nonlinear,dimension,crptool",NL_crptool_fnn_10_2_mi.firstunder005,924
4728,NL_crptool_fnn_10_2_mi_firstunder01,"nonlinear,dimension,crptool",NL_crptool_fnn_10_2_mi.firstunder01,924
4729,NL_crptool_fnn_10_2_mi_firstunder02,"nonlinear,dimension,crptool",NL_crptool_fnn_10_2_mi.firstunder02,924
4730,NL_crptool_fnn_10_2_mi_firstunder05,"nonlinear,dimension,crptool",NL_crptool_fnn_10_2_mi.firstunder05,924
4731,NL_crptool_fnn_10_2_mi_firstunder07,"nonlinear,dimension,crptool",NL_crptool_fnn_10_2_mi.firstunder07,924
4732,NL_crptool_fnn_10_2_mi_firstunder08,"nonlinear,dimension,crptool",NL_crptool_fnn_10_2_mi.firstunder08,924
4733,NL_crptool_fnn_10_2_ac_pdrop,"nonlinear,dimension,crptool",NL_crptool_fnn_10_2_ac.pdrop,925
4734,NL_crptool_fnn_10_2_ac_fnn2,"nonlinear,dimension,crptool",NL_crptool_fnn_10_2_ac.fnn2,925
4735,NL_crptool_fnn_10_2_ac_fnn3,"nonlinear,dimension,crptool",NL_crptool_fnn_10_2_ac.fnn3,925
4736,NL_crptool_fnn_10_2_ac_fnn4,"nonlinear,dimension,crptool",NL_crptool_fnn_10_2_ac.fnn4,925
4737,NL_crptool_fnn_10_2_ac_fnn5,"nonlinear,dimension,crptool",NL_crptool_fnn_10_2_ac.fnn5,925
4738,NL_crptool_fnn_10_2_ac_fnn6,"nonlinear,dimension,crptool",NL_crptool_fnn_10_2_ac.fnn6,925
4739,NL_crptool_fnn_10_2_ac_fnn7,"nonlinear,dimension,crptool",NL_crptool_fnn_10_2_ac.fnn7,925
4740,NL_crptool_fnn_10_2_ac_fnn8,"nonlinear,dimension,crptool",NL_crptool_fnn_10_2_ac.fnn8,925
4741,NL_crptool_fnn_10_2_ac_fnn9,"nonlinear,dimension,crptool",NL_crptool_fnn_10_2_ac.fnn9,925
4742,NL_crptool_fnn_10_2_ac_fnn10,"nonlinear,dimension,crptool",NL_crptool_fnn_10_2_ac.fnn10,925
4743,NL_crptool_fnn_10_2_ac_firstunder005,"nonlinear,dimension,crptool",NL_crptool_fnn_10_2_ac.firstunder005,925
4744,NL_crptool_fnn_10_2_ac_firstunder01,"nonlinear,dimension,crptool",NL_crptool_fnn_10_2_ac.firstunder01,925
4745,NL_crptool_fnn_10_2_ac_firstunder02,"nonlinear,dimension,crptool",NL_crptool_fnn_10_2_ac.firstunder02,925
4746,NL_crptool_fnn_10_2_ac_firstunder05,"nonlinear,dimension,crptool",NL_crptool_fnn_10_2_ac.firstunder05,925
4747,NL_crptool_fnn_10_2_ac_firstunder07,"nonlinear,dimension,crptool",NL_crptool_fnn_10_2_ac.firstunder07,925
4748,NL_crptool_fnn_10_2_ac_firstunder08,"nonlinear,dimension,crptool",NL_crptool_fnn_10_2_ac.firstunder08,925
4749,NL_crptool_fnn_10_2_1_pdrop,"nonlinear,dimension,crptool",NL_crptool_fnn_10_2_1.pdrop,926
4750,NL_crptool_fnn_10_2_1_fnn2,"nonlinear,dimension,crptool",NL_crptool_fnn_10_2_1.fnn2,926
4751,NL_crptool_fnn_10_2_1_fnn3,"nonlinear,dimension,crptool",NL_crptool_fnn_10_2_1.fnn3,926
4752,NL_crptool_fnn_10_2_1_fnn4,"nonlinear,dimension,crptool",NL_crptool_fnn_10_2_1.fnn4,926
4753,NL_crptool_fnn_10_2_1_fnn5,"nonlinear,dimension,crptool",NL_crptool_fnn_10_2_1.fnn5,926
4754,NL_crptool_fnn_10_2_1_fnn6,"nonlinear,dimension,crptool",NL_crptool_fnn_10_2_1.fnn6,926
4755,NL_crptool_fnn_10_2_1_fnn7,"nonlinear,dimension,crptool",NL_crptool_fnn_10_2_1.fnn7,926
4756,NL_crptool_fnn_10_2_1_fnn8,"nonlinear,dimension,crptool",NL_crptool_fnn_10_2_1.fnn8,926
4757,NL_crptool_fnn_10_2_1_fnn9,"nonlinear,dimension,crptool",NL_crptool_fnn_10_2_1.fnn9,926
4758,NL_crptool_fnn_10_2_1_fnn10,"nonlinear,dimension,crptool",NL_crptool_fnn_10_2_1.fnn10,926
4759,NL_crptool_fnn_10_2_1_firstunder005,"nonlinear,dimension,crptool",NL_crptool_fnn_10_2_1.firstunder005,926
4760,NL_crptool_fnn_10_2_1_firstunder01,"nonlinear,dimension,crptool",NL_crptool_fnn_10_2_1.firstunder01,926
4761,NL_crptool_fnn_10_2_1_firstunder02,"nonlinear,dimension,crptool",NL_crptool_fnn_10_2_1.firstunder02,926
4762,NL_crptool_fnn_10_2_1_firstunder05,"nonlinear,dimension,crptool",NL_crptool_fnn_10_2_1.firstunder05,926
4763,NL_crptool_fnn_10_2_1_firstunder07,"nonlinear,dimension,crptool",NL_crptool_fnn_10_2_1.firstunder07,926
4764,NL_crptool_fnn_10_2_1_firstunder08,"nonlinear,dimension,crptool",NL_crptool_fnn_10_2_1.firstunder08,926
4765,NL_TISEAN_fnn_ac_10_005_pfnn_1,"nonlinear,dimension,tisean",NL_TISEAN_fnn_ac_10_005.pfnn_1,927
4766,NL_TISEAN_fnn_ac_10_005_pfnn_2,"nonlinear,dimension,tisean",NL_TISEAN_fnn_ac_10_005.pfnn_2,927
4767,NL_TISEAN_fnn_ac_10_005_pfnn_3,"nonlinear,dimension,tisean",NL_TISEAN_fnn_ac_10_005.pfnn_3,927
4768,NL_TISEAN_fnn_ac_10_005_pfnn_4,"nonlinear,dimension,tisean",NL_TISEAN_fnn_ac_10_005.pfnn_4,927
4769,NL_TISEAN_fnn_ac_10_005_pfnn_5,"nonlinear,dimension,tisean",NL_TISEAN_fnn_ac_10_005.pfnn_5,927
4770,NL_TISEAN_fnn_ac_10_005_pfnn_6,"nonlinear,dimension,tisean",NL_TISEAN_fnn_ac_10_005.pfnn_6,927
4771,NL_TISEAN_fnn_ac_10_005_pfnn_7,"nonlinear,dimension,tisean",NL_TISEAN_fnn_ac_10_005.pfnn_7,927
4772,NL_TISEAN_fnn_ac_10_005_pfnn_8,"nonlinear,dimension,tisean",NL_TISEAN_fnn_ac_10_005.pfnn_8,927
4773,NL_TISEAN_fnn_ac_10_005_pfnn_9,"nonlinear,dimension,tisean",NL_TISEAN_fnn_ac_10_005.pfnn_9,927
4774,NL_TISEAN_fnn_ac_10_005_pfnn_10,"nonlinear,dimension,tisean",NL_TISEAN_fnn_ac_10_005.pfnn_10,927
4775,NL_TISEAN_fnn_ac_10_005_nHood2_1,"nonlinear,dimension,tisean",NL_TISEAN_fnn_ac_10_005.nHood2_1,927
4776,NL_TISEAN_fnn_ac_10_005_nHood2_2,"nonlinear,dimension,tisean",NL_TISEAN_fnn_ac_10_005.nHood2_2,927
4777,NL_TISEAN_fnn_ac_10_005_nHood2_3,"nonlinear,dimension,tisean",NL_TISEAN_fnn_ac_10_005.nHood2_3,927
4778,NL_TISEAN_fnn_ac_10_005_nHood2_4,"nonlinear,dimension,tisean",NL_TISEAN_fnn_ac_10_005.nHood2_4,927
4779,NL_TISEAN_fnn_ac_10_005_nHood2_5,"nonlinear,dimension,tisean",NL_TISEAN_fnn_ac_10_005.nHood2_5,927
4780,NL_TISEAN_fnn_ac_10_005_nHood2_6,"nonlinear,dimension,tisean",NL_TISEAN_fnn_ac_10_005.nHood2_6,927
4781,NL_TISEAN_fnn_ac_10_005_nHood2_7,"nonlinear,dimension,tisean",NL_TISEAN_fnn_ac_10_005.nHood2_7,927
4782,NL_TISEAN_fnn_ac_10_005_nHood2_8,"nonlinear,dimension,tisean",NL_TISEAN_fnn_ac_10_005.nHood2_8,927
4783,NL_TISEAN_fnn_ac_10_005_nHood2_9,"nonlinear,dimension,tisean",NL_TISEAN_fnn_ac_10_005.nHood2_9,927
4784,NL_TISEAN_fnn_ac_10_005_nHood2_10,"nonlinear,dimension,tisean",NL_TISEAN_fnn_ac_10_005.nHood2_10,927
4785,NL_TISEAN_fnn_ac_10_005_minpfnn,"nonlinear,dimension,tisean",NL_TISEAN_fnn_ac_10_005.minpfnn,927
4786,NL_TISEAN_fnn_ac_10_005_meanpfnn,"nonlinear,dimension,tisean",NL_TISEAN_fnn_ac_10_005.meanpfnn,927
4787,NL_TISEAN_fnn_ac_10_005_stdpfnn,"nonlinear,dimension,tisean",NL_TISEAN_fnn_ac_10_005.stdpfnn,927
4788,NL_TISEAN_fnn_ac_10_005_meannHood2,"nonlinear,dimension,tisean",NL_TISEAN_fnn_ac_10_005.meannHood2,927
4789,NL_TISEAN_fnn_ac_10_005_maxnHood2,"nonlinear,dimension,tisean",NL_TISEAN_fnn_ac_10_005.maxnHood2,927
4790,NL_TISEAN_fnn_ac_10_005_firstunder09,"nonlinear,dimension,tisean",NL_TISEAN_fnn_ac_10_005.firstunder09,927
4791,NL_TISEAN_fnn_ac_10_005_firstunder08,"nonlinear,dimension,tisean",NL_TISEAN_fnn_ac_10_005.firstunder08,927
4792,NL_TISEAN_fnn_ac_10_005_firstunder07,"nonlinear,dimension,tisean",NL_TISEAN_fnn_ac_10_005.firstunder07,927
4793,NL_TISEAN_fnn_ac_10_005_firstunder06,"nonlinear,dimension,tisean",NL_TISEAN_fnn_ac_10_005.firstunder06,927
4794,NL_TISEAN_fnn_ac_10_005_firstunder05,"nonlinear,dimension,tisean",NL_TISEAN_fnn_ac_10_005.firstunder05,927
4795,NL_TISEAN_fnn_ac_10_005_firstunder04,"nonlinear,dimension,tisean",NL_TISEAN_fnn_ac_10_005.firstunder04,927
4796,NL_TISEAN_fnn_ac_10_005_firstunder03,"nonlinear,dimension,tisean",NL_TISEAN_fnn_ac_10_005.firstunder03,927
4797,NL_TISEAN_fnn_ac_10_005_firstunder02,"nonlinear,dimension,tisean",NL_TISEAN_fnn_ac_10_005.firstunder02,927
4798,NL_TISEAN_fnn_ac_10_005_firstunder01,"nonlinear,dimension,tisean",NL_TISEAN_fnn_ac_10_005.firstunder01,927
4799,NL_TISEAN_fnn_ac_10_005_firstunder005,"nonlinear,dimension,tisean",NL_TISEAN_fnn_ac_10_005.firstunder005,927
4800,NL_TISEAN_fnn_ac_10_005_max1stepchange,"nonlinear,dimension,tisean",NL_TISEAN_fnn_ac_10_005.max1stepchange,927
4801,NL_TISEAN_fnn_mi_10_005_pfnn_1,"nonlinear,dimension,tisean",NL_TISEAN_fnn_mi_10_005.pfnn_1,928
4802,NL_TISEAN_fnn_mi_10_005_pfnn_2,"nonlinear,dimension,tisean",NL_TISEAN_fnn_mi_10_005.pfnn_2,928
4803,NL_TISEAN_fnn_mi_10_005_pfnn_3,"nonlinear,dimension,tisean",NL_TISEAN_fnn_mi_10_005.pfnn_3,928
4804,NL_TISEAN_fnn_mi_10_005_pfnn_4,"nonlinear,dimension,tisean",NL_TISEAN_fnn_mi_10_005.pfnn_4,928
4805,NL_TISEAN_fnn_mi_10_005_pfnn_5,"nonlinear,dimension,tisean",NL_TISEAN_fnn_mi_10_005.pfnn_5,928
4806,NL_TISEAN_fnn_mi_10_005_pfnn_6,"nonlinear,dimension,tisean",NL_TISEAN_fnn_mi_10_005.pfnn_6,928
4807,NL_TISEAN_fnn_mi_10_005_pfnn_7,"nonlinear,dimension,tisean",NL_TISEAN_fnn_mi_10_005.pfnn_7,928
4808,NL_TISEAN_fnn_mi_10_005_pfnn_8,"nonlinear,dimension,tisean",NL_TISEAN_fnn_mi_10_005.pfnn_8,928
4809,NL_TISEAN_fnn_mi_10_005_pfnn_9,"nonlinear,dimension,tisean",NL_TISEAN_fnn_mi_10_005.pfnn_9,928
4810,NL_TISEAN_fnn_mi_10_005_pfnn_10,"nonlinear,dimension,tisean",NL_TISEAN_fnn_mi_10_005.pfnn_10,928
4811,NL_TISEAN_fnn_mi_10_005_nHood2_1,"nonlinear,dimension,tisean",NL_TISEAN_fnn_mi_10_005.nHood2_1,928
4812,NL_TISEAN_fnn_mi_10_005_nHood2_2,"nonlinear,dimension,tisean",NL_TISEAN_fnn_mi_10_005.nHood2_2,928
4813,NL_TISEAN_fnn_mi_10_005_nHood2_3,"nonlinear,dimension,tisean",NL_TISEAN_fnn_mi_10_005.nHood2_3,928
4814,NL_TISEAN_fnn_mi_10_005_nHood2_4,"nonlinear,dimension,tisean",NL_TISEAN_fnn_mi_10_005.nHood2_4,928
4815,NL_TISEAN_fnn_mi_10_005_nHood2_5,"nonlinear,dimension,tisean",NL_TISEAN_fnn_mi_10_005.nHood2_5,928
4816,NL_TISEAN_fnn_mi_10_005_nHood2_6,"nonlinear,dimension,tisean",NL_TISEAN_fnn_mi_10_005.nHood2_6,928
4817,NL_TISEAN_fnn_mi_10_005_nHood2_7,"nonlinear,dimension,tisean",NL_TISEAN_fnn_mi_10_005.nHood2_7,928
4818,NL_TISEAN_fnn_mi_10_005_nHood2_8,"nonlinear,dimension,tisean",NL_TISEAN_fnn_mi_10_005.nHood2_8,928
4819,NL_TISEAN_fnn_mi_10_005_nHood2_9,"nonlinear,dimension,tisean",NL_TISEAN_fnn_mi_10_005.nHood2_9,928
4820,NL_TISEAN_fnn_mi_10_005_nHood2_10,"nonlinear,dimension,tisean",NL_TISEAN_fnn_mi_10_005.nHood2_10,928
4821,NL_TISEAN_fnn_mi_10_005_meanpfnn,"nonlinear,dimension,tisean",NL_TISEAN_fnn_mi_10_005.meanpfnn,928
4822,NL_TISEAN_fnn_mi_10_005_minpfnn,"nonlinear,dimension,tisean",NL_TISEAN_fnn_mi_10_005.minpfnn,928
4823,NL_TISEAN_fnn_mi_10_005_stdpfnn,"nonlinear,dimension,tisean",NL_TISEAN_fnn_mi_10_005.stdpfnn,928
4824,NL_TISEAN_fnn_mi_10_005_meannHood2,"nonlinear,dimension,tisean",NL_TISEAN_fnn_mi_10_005.meannHood2,928
4825,NL_TISEAN_fnn_mi_10_005_maxnHood2,"nonlinear,dimension,tisean",NL_TISEAN_fnn_mi_10_005.maxnHood2,928
4826,NL_TISEAN_fnn_mi_10_005_firstunder09,"nonlinear,dimension,tisean",NL_TISEAN_fnn_mi_10_005.firstunder09,928
4827,NL_TISEAN_fnn_mi_10_005_firstunder08,"nonlinear,dimension,tisean",NL_TISEAN_fnn_mi_10_005.firstunder08,928
4828,NL_TISEAN_fnn_mi_10_005_firstunder07,"nonlinear,dimension,tisean",NL_TISEAN_fnn_mi_10_005.firstunder07,928
4829,NL_TISEAN_fnn_mi_10_005_firstunder06,"nonlinear,dimension,tisean",NL_TISEAN_fnn_mi_10_005.firstunder06,928
4830,NL_TISEAN_fnn_mi_10_005_firstunder05,"nonlinear,dimension,tisean",NL_TISEAN_fnn_mi_10_005.firstunder05,928
4831,NL_TISEAN_fnn_mi_10_005_firstunder04,"nonlinear,dimension,tisean",NL_TISEAN_fnn_mi_10_005.firstunder04,928
4832,NL_TISEAN_fnn_mi_10_005_firstunder03,"nonlinear,dimension,tisean",NL_TISEAN_fnn_mi_10_005.firstunder03,928
4833,NL_TISEAN_fnn_mi_10_005_firstunder02,"nonlinear,dimension,tisean",NL_TISEAN_fnn_mi_10_005.firstunder02,928
4834,NL_TISEAN_fnn_mi_10_005_firstunder01,"nonlinear,dimension,tisean",NL_TISEAN_fnn_mi_10_005.firstunder01,928
4835,NL_TISEAN_fnn_mi_10_005_firstunder005,"nonlinear,dimension,tisean",NL_TISEAN_fnn_mi_10_005.firstunder005,928
4836,NL_TISEAN_fnn_mi_10_005_max1stepchange,"nonlinear,dimension,tisean",NL_TISEAN_fnn_mi_10_005.max1stepchange,928
4837,NL_TISEAN_fnn_1_10_005_nHood2_1,"nonlinear,dimension,tisean",NL_TISEAN_fnn_1_10_005.nHood2_1,929
4838,NL_TISEAN_fnn_1_10_005_nHood2_2,"nonlinear,dimension,tisean",NL_TISEAN_fnn_1_10_005.nHood2_2,929
4839,NL_TISEAN_fnn_1_10_005_nHood2_3,"nonlinear,dimension,tisean",NL_TISEAN_fnn_1_10_005.nHood2_3,929
4840,NL_TISEAN_fnn_1_10_005_nHood2_4,"nonlinear,dimension,tisean",NL_TISEAN_fnn_1_10_005.nHood2_4,929
4841,NL_TISEAN_fnn_1_10_005_nHood2_5,"nonlinear,dimension,tisean",NL_TISEAN_fnn_1_10_005.nHood2_5,929
4842,NL_TISEAN_fnn_1_10_005_nHood2_6,"nonlinear,dimension,tisean",NL_TISEAN_fnn_1_10_005.nHood2_6,929
4843,NL_TISEAN_fnn_1_10_005_nHood2_7,"nonlinear,dimension,tisean",NL_TISEAN_fnn_1_10_005.nHood2_7,929
4844,NL_TISEAN_fnn_1_10_005_nHood2_8,"nonlinear,dimension,tisean",NL_TISEAN_fnn_1_10_005.nHood2_8,929
4845,NL_TISEAN_fnn_1_10_005_nHood2_9,"nonlinear,dimension,tisean",NL_TISEAN_fnn_1_10_005.nHood2_9,929
4846,NL_TISEAN_fnn_1_10_005_nHood2_10,"nonlinear,dimension,tisean",NL_TISEAN_fnn_1_10_005.nHood2_10,929
4847,NL_TISEAN_fnn_1_10_005_meanpfnn,"nonlinear,dimension,tisean",NL_TISEAN_fnn_1_10_005.meanpfnn,929
4848,NL_TISEAN_fnn_1_10_005_minpfnn,"nonlinear,dimension,tisean",NL_TISEAN_fnn_1_10_005.minpfnn,929
4849,NL_TISEAN_fnn_1_10_005_stdpfnn,"nonlinear,dimension,tisean",NL_TISEAN_fnn_1_10_005.stdpfnn,929
4850,NL_TISEAN_fnn_1_10_005_meannHood2,"nonlinear,dimension,tisean",NL_TISEAN_fnn_1_10_005.meannHood2,929
4851,NL_TISEAN_fnn_1_10_005_maxnHood2,"nonlinear,dimension,tisean",NL_TISEAN_fnn_1_10_005.maxnHood2,929
4852,NL_TISEAN_fnn_1_10_005_firstunder09,"nonlinear,dimension,tisean",NL_TISEAN_fnn_1_10_005.firstunder09,929
4853,NL_TISEAN_fnn_1_10_005_firstunder08,"nonlinear,dimension,tisean",NL_TISEAN_fnn_1_10_005.firstunder08,929
4854,NL_TISEAN_fnn_1_10_005_firstunder07,"nonlinear,dimension,tisean",NL_TISEAN_fnn_1_10_005.firstunder07,929
4855,NL_TISEAN_fnn_1_10_005_firstunder06,"nonlinear,dimension,tisean",NL_TISEAN_fnn_1_10_005.firstunder06,929
4856,NL_TISEAN_fnn_1_10_005_firstunder05,"nonlinear,dimension,tisean",NL_TISEAN_fnn_1_10_005.firstunder05,929
4857,NL_TISEAN_fnn_1_10_005_firstunder04,"nonlinear,dimension,tisean",NL_TISEAN_fnn_1_10_005.firstunder04,929
4858,NL_TISEAN_fnn_1_10_005_firstunder03,"nonlinear,dimension,tisean",NL_TISEAN_fnn_1_10_005.firstunder03,929
4859,NL_TISEAN_fnn_1_10_005_firstunder02,"nonlinear,dimension,tisean",NL_TISEAN_fnn_1_10_005.firstunder02,929
4860,NL_TISEAN_fnn_1_10_005_firstunder01,"nonlinear,dimension,tisean",NL_TISEAN_fnn_1_10_005.firstunder01,929
4861,NL_TISEAN_fnn_1_10_005_firstunder005,"nonlinear,dimension,tisean",NL_TISEAN_fnn_1_10_005.firstunder005,929
4862,NL_TISEAN_fnn_1_10_005_max1stepchange,"nonlinear,dimension,tisean",NL_TISEAN_fnn_1_10_005.max1stepchange,929
4863,SY_TISEAN_nstat_z_4_1_3_trace,"nonlinear,tisean,model,stationarity",SY_TISEAN_nstat_z_4_1_3.trace,930
4864,SY_TISEAN_nstat_z_4_1_3_mean,"nonlinear,tisean,model,stationarity",SY_TISEAN_nstat_z_4_1_3.mean,930
4865,SY_TISEAN_nstat_z_4_1_3_median,"nonlinear,tisean,model,stationarity",SY_TISEAN_nstat_z_4_1_3.median,930
4866,SY_TISEAN_nstat_z_4_1_3_min,"nonlinear,tisean,model,stationarity",SY_TISEAN_nstat_z_4_1_3.min,930
4867,SY_TISEAN_nstat_z_4_1_3_max,"nonlinear,tisean,model,stationarity",SY_TISEAN_nstat_z_4_1_3.max,930
4868,SY_TISEAN_nstat_z_4_1_3_iqr,"nonlinear,tisean,model,stationarity",SY_TISEAN_nstat_z_4_1_3.iqr,930
4869,SY_TISEAN_nstat_z_4_1_3_std,"nonlinear,tisean,model,stationarity",SY_TISEAN_nstat_z_4_1_3.std,930
4870,SY_TISEAN_nstat_z_4_1_3_range,"nonlinear,tisean,model,stationarity",SY_TISEAN_nstat_z_4_1_3.range,930
4871,SY_TISEAN_nstat_z_4_1_3_minlower,"nonlinear,tisean,model,stationarity",SY_TISEAN_nstat_z_4_1_3.minlower,930
4872,SY_TISEAN_nstat_z_4_1_3_minupper,"nonlinear,tisean,model,stationarity",SY_TISEAN_nstat_z_4_1_3.minupper,930
4873,SY_TISEAN_nstat_z_4_1_3_minoffdiag,"nonlinear,tisean,model,stationarity",SY_TISEAN_nstat_z_4_1_3.minoffdiag,930
4874,SY_TISEAN_nstat_z_4_1_3_iqroffdiag,"nonlinear,tisean,model,stationarity",SY_TISEAN_nstat_z_4_1_3.iqroffdiag,930
4875,SY_TISEAN_nstat_z_4_1_3_stdoffdiag,"nonlinear,tisean,model,stationarity",SY_TISEAN_nstat_z_4_1_3.stdoffdiag,930
4876,SY_TISEAN_nstat_z_4_1_3_rangeoffdiag,"nonlinear,tisean,model,stationarity",SY_TISEAN_nstat_z_4_1_3.rangeoffdiag,930
4877,SY_TISEAN_nstat_z_4_1_3_stdmean,"nonlinear,tisean,model,stationarity",SY_TISEAN_nstat_z_4_1_3.stdmean,930
4878,SY_TISEAN_nstat_z_4_1_3_rangemean,"nonlinear,tisean,model,stationarity",SY_TISEAN_nstat_z_4_1_3.rangemean,930
4879,SY_TISEAN_nstat_z_4_1_3_stdmedian,"nonlinear,tisean,model,stationarity",SY_TISEAN_nstat_z_4_1_3.stdmedian,930
4880,SY_TISEAN_nstat_z_4_1_3_rangemedian,"nonlinear,tisean,model,stationarity",SY_TISEAN_nstat_z_4_1_3.rangemedian,930
4881,SY_TISEAN_nstat_z_4_1_3_rangerange,"nonlinear,tisean,model,stationarity",SY_TISEAN_nstat_z_4_1_3.rangerange,930
4882,SY_TISEAN_nstat_z_4_1_3_stdrange,"nonlinear,tisean,model,stationarity",SY_TISEAN_nstat_z_4_1_3.stdrange,930
4883,SY_TISEAN_nstat_z_4_1_3_rangestd,"nonlinear,tisean,model,stationarity",SY_TISEAN_nstat_z_4_1_3.rangestd,930
4884,SY_TISEAN_nstat_z_4_1_3_stdstd,"nonlinear,tisean,model,stationarity",SY_TISEAN_nstat_z_4_1_3.stdstd,930
4885,SY_TISEAN_nstat_z_4_1_3_minimageig,"nonlinear,tisean,model,stationarity",SY_TISEAN_nstat_z_4_1_3.minimageig,930
4886,SY_TISEAN_nstat_z_4_1_3_rangeeig,"nonlinear,tisean,model,stationarity",SY_TISEAN_nstat_z_4_1_3.rangeeig,930
4887,SY_TISEAN_nstat_z_4_1_3_stdeig,"nonlinear,tisean,model,stationarity",SY_TISEAN_nstat_z_4_1_3.stdeig,930
4888,SY_TISEAN_nstat_z_4_1_3_mineig,"nonlinear,tisean,model,stationarity",SY_TISEAN_nstat_z_4_1_3.mineig,930
4889,SY_TISEAN_nstat_z_4_1_3_maxeig,"nonlinear,tisean,model,stationarity",SY_TISEAN_nstat_z_4_1_3.maxeig,930
4890,SY_TISEAN_nstat_z_5_1_3_trace,"nonlinear,tisean,model,stationarity",SY_TISEAN_nstat_z_5_1_3.trace,931
4891,SY_TISEAN_nstat_z_5_1_3_mean,"nonlinear,tisean,model,stationarity",SY_TISEAN_nstat_z_5_1_3.mean,931
4892,SY_TISEAN_nstat_z_5_1_3_median,"nonlinear,tisean,model,stationarity",SY_TISEAN_nstat_z_5_1_3.median,931
4893,SY_TISEAN_nstat_z_5_1_3_min,"nonlinear,tisean,model,stationarity",SY_TISEAN_nstat_z_5_1_3.min,931
4894,SY_TISEAN_nstat_z_5_1_3_max,"nonlinear,tisean,model,stationarity",SY_TISEAN_nstat_z_5_1_3.max,931
4895,SY_TISEAN_nstat_z_5_1_3_iqr,"nonlinear,tisean,model,stationarity",SY_TISEAN_nstat_z_5_1_3.iqr,931
4896,SY_TISEAN_nstat_z_5_1_3_std,"nonlinear,tisean,model,stationarity",SY_TISEAN_nstat_z_5_1_3.std,931
4897,SY_TISEAN_nstat_z_5_1_3_range,"nonlinear,tisean,model,stationarity",SY_TISEAN_nstat_z_5_1_3.range,931
4898,SY_TISEAN_nstat_z_5_1_3_minlower,"nonlinear,tisean,model,stationarity",SY_TISEAN_nstat_z_5_1_3.minlower,931
4899,SY_TISEAN_nstat_z_5_1_3_minupper,"nonlinear,tisean,model,stationarity",SY_TISEAN_nstat_z_5_1_3.minupper,931
4900,SY_TISEAN_nstat_z_5_1_3_minoffdiag,"nonlinear,tisean,model,stationarity",SY_TISEAN_nstat_z_5_1_3.minoffdiag,931
4901,SY_TISEAN_nstat_z_5_1_3_iqroffdiag,"nonlinear,tisean,model,stationarity",SY_TISEAN_nstat_z_5_1_3.iqroffdiag,931
4902,SY_TISEAN_nstat_z_5_1_3_stdoffdiag,"nonlinear,tisean,model,stationarity",SY_TISEAN_nstat_z_5_1_3.stdoffdiag,931
4903,SY_TISEAN_nstat_z_5_1_3_rangeoffdiag,"nonlinear,tisean,model,stationarity",SY_TISEAN_nstat_z_5_1_3.rangeoffdiag,931
4904,SY_TISEAN_nstat_z_5_1_3_stdmean,"nonlinear,tisean,model,stationarity",SY_TISEAN_nstat_z_5_1_3.stdmean,931
4905,SY_TISEAN_nstat_z_5_1_3_rangemean,"nonlinear,tisean,model,stationarity",SY_TISEAN_nstat_z_5_1_3.rangemean,931
4906,SY_TISEAN_nstat_z_5_1_3_stdmedian,"nonlinear,tisean,model,stationarity",SY_TISEAN_nstat_z_5_1_3.stdmedian,931
4907,SY_TISEAN_nstat_z_5_1_3_rangemedian,"nonlinear,tisean,model,stationarity",SY_TISEAN_nstat_z_5_1_3.rangemedian,931
4908,SY_TISEAN_nstat_z_5_1_3_rangerange,"nonlinear,tisean,model,stationarity",SY_TISEAN_nstat_z_5_1_3.rangerange,931
4909,SY_TISEAN_nstat_z_5_1_3_stdrange,"nonlinear,tisean,model,stationarity",SY_TISEAN_nstat_z_5_1_3.stdrange,931
4910,SY_TISEAN_nstat_z_5_1_3_rangestd,"nonlinear,tisean,model,stationarity",SY_TISEAN_nstat_z_5_1_3.rangestd,931
4911,SY_TISEAN_nstat_z_5_1_3_stdstd,"nonlinear,tisean,model,stationarity",SY_TISEAN_nstat_z_5_1_3.stdstd,931
4912,SY_TISEAN_nstat_z_5_1_3_minimageig,"nonlinear,tisean,model,stationarity",SY_TISEAN_nstat_z_5_1_3.minimageig,931
4913,SY_TISEAN_nstat_z_5_1_3_rangeeig,"nonlinear,tisean,model,stationarity",SY_TISEAN_nstat_z_5_1_3.rangeeig,931
4914,SY_TISEAN_nstat_z_5_1_3_stdeig,"nonlinear,tisean,model,stationarity",SY_TISEAN_nstat_z_5_1_3.stdeig,931
4915,SY_TISEAN_nstat_z_5_1_3_mineig,"nonlinear,tisean,model,stationarity",SY_TISEAN_nstat_z_5_1_3.mineig,931
4916,SY_TISEAN_nstat_z_5_1_3_maxeig,"nonlinear,tisean,model,stationarity",SY_TISEAN_nstat_z_5_1_3.maxeig,931
4917,NL_TISEAN_d2_1_10_0_takens05_mean,"nonlinear,tisean,dimension",NL_TISEAN_d2_1_10_0.takens05_mean,932
4918,NL_TISEAN_d2_1_10_0_takens05_median,"nonlinear,tisean,dimension",NL_TISEAN_d2_1_10_0.takens05_median,932
4919,NL_TISEAN_d2_1_10_0_takens05_max,"nonlinear,tisean,dimension",NL_TISEAN_d2_1_10_0.takens05_max,932
4920,NL_TISEAN_d2_1_10_0_takens05_min,"nonlinear,tisean,dimension",NL_TISEAN_d2_1_10_0.takens05_min,932
4921,NL_TISEAN_d2_1_10_0_takens05_std,"nonlinear,tisean,dimension",NL_TISEAN_d2_1_10_0.takens05_std,932
4922,NL_TISEAN_d2_1_10_0_takens05_iqr,"nonlinear,tisean,dimension",NL_TISEAN_d2_1_10_0.takens05_iqr,932
4923,NL_TISEAN_d2_1_10_0_takens05mmin_ri,"nonlinear,tisean,dimension",NL_TISEAN_d2_1_10_0.takens05mmin_ri,932
4924,NL_TISEAN_d2_1_10_0_takens05mmin_goodness,"nonlinear,tisean,dimension",NL_TISEAN_d2_1_10_0.takens05mmin_goodness,932
4925,NL_TISEAN_d2_1_10_0_takens05mmin_stabled,"nonlinear,tisean,dimension",NL_TISEAN_d2_1_10_0.takens05mmin_stabled,932
4926,NL_TISEAN_d2_1_10_0_takens05mmin_linrmserr,"nonlinear,tisean,dimension",NL_TISEAN_d2_1_10_0.takens05mmin_linrmserr,932
4927,NL_TISEAN_d2_1_10_0_bend2_mindim,"nonlinear,tisean,dimension",NL_TISEAN_d2_1_10_0.bend2_mindim,932
4928,NL_TISEAN_d2_1_10_0_bend2_maxdim,"nonlinear,tisean,dimension",NL_TISEAN_d2_1_10_0.bend2_maxdim,932
4929,NL_TISEAN_d2_1_10_0_bend2_meandim,"nonlinear,tisean,dimension",NL_TISEAN_d2_1_10_0.bend2_meandim,932
4930,NL_TISEAN_d2_1_10_0_bend2_meangoodness,"nonlinear,tisean,dimension",NL_TISEAN_d2_1_10_0.bend2_meangoodness,932
4931,NL_TISEAN_d2_1_10_0_benmmind2_logminl,"nonlinear,tisean,dimension",NL_TISEAN_d2_1_10_0.benmmind2_logminl,932
4932,NL_TISEAN_d2_1_10_0_benmmind2_goodness,"nonlinear,tisean,dimension",NL_TISEAN_d2_1_10_0.benmmind2_goodness,932
4933,NL_TISEAN_d2_1_10_0_benmmind2_stabledim,"nonlinear,tisean,dimension",NL_TISEAN_d2_1_10_0.benmmind2_stabledim,932
4934,NL_TISEAN_d2_1_10_0_benmmind2_linrmserr,"nonlinear,tisean,dimension",NL_TISEAN_d2_1_10_0.benmmind2_linrmserr,932
4935,NL_TISEAN_d2_1_10_0_d2_logminscr,"nonlinear,tisean,dimension",NL_TISEAN_d2_1_10_0.d2_logminscr,932
4936,NL_TISEAN_d2_1_10_0_d2_logmaxscr,"nonlinear,tisean,dimension",NL_TISEAN_d2_1_10_0.d2_logmaxscr,932
4937,NL_TISEAN_d2_1_10_0_d2_logscr,"nonlinear,tisean,dimension",NL_TISEAN_d2_1_10_0.d2_logscr,932
4938,NL_TISEAN_d2_1_10_0_d2_goodness,"nonlinear,tisean,dimension",NL_TISEAN_d2_1_10_0.d2_goodness,932
4939,NL_TISEAN_d2_1_10_0_d2_dimest,"nonlinear,tisean,dimension",NL_TISEAN_d2_1_10_0.d2_dimest,932
4940,NL_TISEAN_d2_1_10_0_d2_dimstd,"nonlinear,tisean,dimension",NL_TISEAN_d2_1_10_0.d2_dimstd,932
4941,NL_TISEAN_d2_1_10_0_bend2g_mindim,"nonlinear,tisean,dimension",NL_TISEAN_d2_1_10_0.bend2g_mindim,932
4942,NL_TISEAN_d2_1_10_0_bend2g_maxdim,"nonlinear,tisean,dimension",NL_TISEAN_d2_1_10_0.bend2g_maxdim,932
4943,NL_TISEAN_d2_1_10_0_bend2g_meandim,"nonlinear,tisean,dimension",NL_TISEAN_d2_1_10_0.bend2g_meandim,932
4944,NL_TISEAN_d2_1_10_0_bend2g_meangoodness,"nonlinear,tisean,dimension",NL_TISEAN_d2_1_10_0.bend2g_meangoodness,932
4945,NL_TISEAN_d2_1_10_0_benmmind2g_logminl,"nonlinear,tisean,dimension",NL_TISEAN_d2_1_10_0.benmmind2g_logminl,932
4946,NL_TISEAN_d2_1_10_0_benmmind2g_goodness,"nonlinear,tisean,dimension",NL_TISEAN_d2_1_10_0.benmmind2g_goodness,932
4947,NL_TISEAN_d2_1_10_0_benmmind2g_stabledim,"nonlinear,tisean,dimension",NL_TISEAN_d2_1_10_0.benmmind2g_stabledim,932
4948,NL_TISEAN_d2_1_10_0_benmmind2g_linrmserr,"nonlinear,tisean,dimension",NL_TISEAN_d2_1_10_0.benmmind2g_linrmserr,932
4949,NL_TISEAN_d2_1_10_0_d2g_logminscr,"nonlinear,tisean,dimension",NL_TISEAN_d2_1_10_0.d2g_logminscr,932
4950,NL_TISEAN_d2_1_10_0_d2g_logmaxscr,"nonlinear,tisean,dimension",NL_TISEAN_d2_1_10_0.d2g_logmaxscr,932
4951,NL_TISEAN_d2_1_10_0_d2g_logscr,"nonlinear,tisean,dimension",NL_TISEAN_d2_1_10_0.d2g_logscr,932
4952,NL_TISEAN_d2_1_10_0_d2g_goodness,"nonlinear,tisean,dimension",NL_TISEAN_d2_1_10_0.d2g_goodness,932
4953,NL_TISEAN_d2_1_10_0_d2g_dimest,"nonlinear,tisean,dimension",NL_TISEAN_d2_1_10_0.d2g_dimest,932
4954,NL_TISEAN_d2_1_10_0_d2g_dimstd,"nonlinear,tisean,dimension",NL_TISEAN_d2_1_10_0.d2g_dimstd,932
4955,NL_TISEAN_d2_1_10_0_slopesh2_ri1,"nonlinear,tisean,dimension",NL_TISEAN_d2_1_10_0.slopesh2_ri1,932
4956,NL_TISEAN_d2_1_10_0_slopesh2_goodness,"nonlinear,tisean,dimension",NL_TISEAN_d2_1_10_0.slopesh2_goodness,932
4957,NL_TISEAN_d2_1_10_0_slopesh2_stabled,"nonlinear,tisean,dimension",NL_TISEAN_d2_1_10_0.slopesh2_stabled,932
4958,NL_TISEAN_d2_1_10_0_slopesh2_linrmserr,"nonlinear,tisean,dimension",NL_TISEAN_d2_1_10_0.slopesh2_linrmserr,932
4959,NL_TISEAN_d2_1_10_0_h2meangoodness,"nonlinear,tisean,dimension",NL_TISEAN_d2_1_10_0.h2meangoodness,932
4960,NL_TISEAN_d2_1_10_0_h2bestgoodness,"nonlinear,tisean,dimension",NL_TISEAN_d2_1_10_0.h2bestgoodness,932
4961,NL_TISEAN_d2_1_10_0_h2besth2,"nonlinear,tisean,dimension",NL_TISEAN_d2_1_10_0.h2besth2,932
4962,NL_TISEAN_d2_1_10_0_meanh2,"nonlinear,tisean,dimension",NL_TISEAN_d2_1_10_0.meanh2,932
4963,NL_TISEAN_d2_1_10_0_medianh2,"nonlinear,tisean,dimension",NL_TISEAN_d2_1_10_0.medianh2,932
4964,NL_TISEAN_d2_1_10_0_flatsh2min_ri1,"nonlinear,tisean,dimension",NL_TISEAN_d2_1_10_0.flatsh2min_ri1,932
4965,NL_TISEAN_d2_1_10_0_flatsh2min_goodness,"nonlinear,tisean,dimension",NL_TISEAN_d2_1_10_0.flatsh2min_goodness,932
4966,NL_TISEAN_d2_1_10_0_flatsh2min_stabled,"nonlinear,tisean,dimension",NL_TISEAN_d2_1_10_0.flatsh2min_stabled,932
4967,NL_TISEAN_d2_1_10_0_flatsh2min_linrmserr,"nonlinear,tisean,dimension",NL_TISEAN_d2_1_10_0.flatsh2min_linrmserr,932
4968,NL_TISEAN_d2_ac_10_001_takens05_mean,"nonlinear,tisean,dimension",NL_TISEAN_d2_ac_10_001.takens05_mean,933
4969,NL_TISEAN_d2_ac_10_001_takens05_median,"nonlinear,tisean,dimension",NL_TISEAN_d2_ac_10_001.takens05_median,933
4970,NL_TISEAN_d2_ac_10_001_takens05_max,"nonlinear,tisean,dimension",NL_TISEAN_d2_ac_10_001.takens05_max,933
4971,NL_TISEAN_d2_ac_10_001_takens05_min,"nonlinear,tisean,dimension",NL_TISEAN_d2_ac_10_001.takens05_min,933
4972,NL_TISEAN_d2_ac_10_001_takens05_std,"nonlinear,tisean,dimension",NL_TISEAN_d2_ac_10_001.takens05_std,933
4973,NL_TISEAN_d2_ac_10_001_takens05_iqr,"nonlinear,tisean,dimension",NL_TISEAN_d2_ac_10_001.takens05_iqr,933
4974,NL_TISEAN_d2_ac_10_001_takens05mmin_ri,"nonlinear,tisean,dimension",NL_TISEAN_d2_ac_10_001.takens05mmin_ri,933
4975,NL_TISEAN_d2_ac_10_001_takens05mmin_goodness,"nonlinear,tisean,dimension",NL_TISEAN_d2_ac_10_001.takens05mmin_goodness,933
4976,NL_TISEAN_d2_ac_10_001_takens05mmin_stabled,"nonlinear,tisean,dimension",NL_TISEAN_d2_ac_10_001.takens05mmin_stabled,933
4977,NL_TISEAN_d2_ac_10_001_takens05mmin_linrmserr,"nonlinear,tisean,dimension",NL_TISEAN_d2_ac_10_001.takens05mmin_linrmserr,933
4978,NL_TISEAN_d2_ac_10_001_bend2_mindim,"nonlinear,tisean,dimension",NL_TISEAN_d2_ac_10_001.bend2_mindim,933
4979,NL_TISEAN_d2_ac_10_001_bend2_maxdim,"nonlinear,tisean,dimension",NL_TISEAN_d2_ac_10_001.bend2_maxdim,933
4980,NL_TISEAN_d2_ac_10_001_bend2_meandim,"nonlinear,tisean,dimension",NL_TISEAN_d2_ac_10_001.bend2_meandim,933
4981,NL_TISEAN_d2_ac_10_001_bend2_meangoodness,"nonlinear,tisean,dimension",NL_TISEAN_d2_ac_10_001.bend2_meangoodness,933
4982,NL_TISEAN_d2_ac_10_001_benmmind2_logminl,"nonlinear,tisean,dimension",NL_TISEAN_d2_ac_10_001.benmmind2_logminl,933
4983,NL_TISEAN_d2_ac_10_001_benmmind2_goodness,"nonlinear,tisean,dimension",NL_TISEAN_d2_ac_10_001.benmmind2_goodness,933
4984,NL_TISEAN_d2_ac_10_001_benmmind2_stabledim,"nonlinear,tisean,dimension",NL_TISEAN_d2_ac_10_001.benmmind2_stabledim,933
4985,NL_TISEAN_d2_ac_10_001_benmmind2_linrmserr,"nonlinear,tisean,dimension",NL_TISEAN_d2_ac_10_001.benmmind2_linrmserr,933
4986,NL_TISEAN_d2_ac_10_001_d2_logminscr,"nonlinear,tisean,dimension",NL_TISEAN_d2_ac_10_001.d2_logminscr,933
4987,NL_TISEAN_d2_ac_10_001_d2_logmaxscr,"nonlinear,tisean,dimension",NL_TISEAN_d2_ac_10_001.d2_logmaxscr,933
4988,NL_TISEAN_d2_ac_10_001_d2_logscr,"nonlinear,tisean,dimension",NL_TISEAN_d2_ac_10_001.d2_logscr,933
4989,NL_TISEAN_d2_ac_10_001_d2_goodness,"nonlinear,tisean,dimension",NL_TISEAN_d2_ac_10_001.d2_goodness,933
4990,NL_TISEAN_d2_ac_10_001_d2_dimest,"nonlinear,tisean,dimension",NL_TISEAN_d2_ac_10_001.d2_dimest,933
4991,NL_TISEAN_d2_ac_10_001_d2_dimstd,"nonlinear,tisean,dimension",NL_TISEAN_d2_ac_10_001.d2_dimstd,933
4992,NL_TISEAN_d2_ac_10_001_bend2g_mindim,"nonlinear,tisean,dimension",NL_TISEAN_d2_ac_10_001.bend2g_mindim,933
4993,NL_TISEAN_d2_ac_10_001_bend2g_maxdim,"nonlinear,tisean,dimension",NL_TISEAN_d2_ac_10_001.bend2g_maxdim,933
4994,NL_TISEAN_d2_ac_10_001_bend2g_meandim,"nonlinear,tisean,dimension",NL_TISEAN_d2_ac_10_001.bend2g_meandim,933
4995,NL_TISEAN_d2_ac_10_001_bend2g_meangoodness,"nonlinear,tisean,dimension",NL_TISEAN_d2_ac_10_001.bend2g_meangoodness,933
4996,NL_TISEAN_d2_ac_10_001_benmmind2g_logminl,"nonlinear,tisean,dimension",NL_TISEAN_d2_ac_10_001.benmmind2g_logminl,933
4997,NL_TISEAN_d2_ac_10_001_benmmind2g_goodness,"nonlinear,tisean,dimension",NL_TISEAN_d2_ac_10_001.benmmind2g_goodness,933
4998,NL_TISEAN_d2_ac_10_001_benmmind2g_stabledim,"nonlinear,tisean,dimension",NL_TISEAN_d2_ac_10_001.benmmind2g_stabledim,933
4999,NL_TISEAN_d2_ac_10_001_benmmind2g_linrmserr,"nonlinear,tisean,dimension",NL_TISEAN_d2_ac_10_001.benmmind2g_linrmserr,933
5000,NL_TISEAN_d2_ac_10_001_d2g_logminscr,"nonlinear,tisean,dimension",NL_TISEAN_d2_ac_10_001.d2g_logminscr,933
5001,NL_TISEAN_d2_ac_10_001_d2g_logmaxscr,"nonlinear,tisean,dimension",NL_TISEAN_d2_ac_10_001.d2g_logmaxscr,933
5002,NL_TISEAN_d2_ac_10_001_d2g_logscr,"nonlinear,tisean,dimension",NL_TISEAN_d2_ac_10_001.d2g_logscr,933
5003,NL_TISEAN_d2_ac_10_001_d2g_goodness,"nonlinear,tisean,dimension",NL_TISEAN_d2_ac_10_001.d2g_goodness,933
5004,NL_TISEAN_d2_ac_10_001_d2g_dimest,"nonlinear,tisean,dimension",NL_TISEAN_d2_ac_10_001.d2g_dimest,933
5005,NL_TISEAN_d2_ac_10_001_d2g_dimstd,"nonlinear,tisean,dimension",NL_TISEAN_d2_ac_10_001.d2g_dimstd,933
5006,NL_TISEAN_d2_ac_10_001_slopesh2_ri1,"nonlinear,tisean,dimension",NL_TISEAN_d2_ac_10_001.slopesh2_ri1,933
5007,NL_TISEAN_d2_ac_10_001_slopesh2_goodness,"nonlinear,tisean,dimension",NL_TISEAN_d2_ac_10_001.slopesh2_goodness,933
5008,NL_TISEAN_d2_ac_10_001_slopesh2_stabled,"nonlinear,tisean,dimension",NL_TISEAN_d2_ac_10_001.slopesh2_stabled,933
5009,NL_TISEAN_d2_ac_10_001_slopesh2_linrmserr,"nonlinear,tisean,dimension",NL_TISEAN_d2_ac_10_001.slopesh2_linrmserr,933
5010,NL_TISEAN_d2_ac_10_001_h2meangoodness,"nonlinear,tisean,dimension",NL_TISEAN_d2_ac_10_001.h2meangoodness,933
5011,NL_TISEAN_d2_ac_10_001_h2bestgoodness,"nonlinear,tisean,dimension",NL_TISEAN_d2_ac_10_001.h2bestgoodness,933
5012,NL_TISEAN_d2_ac_10_001_h2besth2,"nonlinear,tisean,dimension",NL_TISEAN_d2_ac_10_001.h2besth2,933
5013,NL_TISEAN_d2_ac_10_001_meanh2,"nonlinear,tisean,dimension",NL_TISEAN_d2_ac_10_001.meanh2,933
5014,NL_TISEAN_d2_ac_10_001_medianh2,"nonlinear,tisean,dimension",NL_TISEAN_d2_ac_10_001.medianh2,933
5015,NL_TISEAN_d2_ac_10_001_flatsh2min_ri1,"nonlinear,tisean,dimension",NL_TISEAN_d2_ac_10_001.flatsh2min_ri1,933
5016,NL_TISEAN_d2_ac_10_001_flatsh2min_goodness,"nonlinear,tisean,dimension",NL_TISEAN_d2_ac_10_001.flatsh2min_goodness,933
5017,NL_TISEAN_d2_ac_10_001_flatsh2min_stabled,"nonlinear,tisean,dimension",NL_TISEAN_d2_ac_10_001.flatsh2min_stabled,933
5018,NL_TISEAN_d2_ac_10_001_flatsh2min_linrmserr,"nonlinear,tisean,dimension",NL_TISEAN_d2_ac_10_001.flatsh2min_linrmserr,933
5019,NL_TISEAN_c1_1_1_7_002_05_bestestd,"nonlinear,tisean,dimension,entropy",NL_TISEAN_c1_1_1_7_002_05.bestestd,934
5020,NL_TISEAN_c1_1_1_7_002_05_bestestdstd,"nonlinear,tisean,dimension,entropy",NL_TISEAN_c1_1_1_7_002_05.bestestdstd,934
5021,NL_TISEAN_c1_1_1_7_002_05_bestgoodness,"nonlinear,tisean,dimension,entropy",NL_TISEAN_c1_1_1_7_002_05.bestgoodness,934
5022,NL_TISEAN_c1_1_1_7_002_05_mediand,"nonlinear,tisean,dimension,entropy",NL_TISEAN_c1_1_1_7_002_05.mediand,934
5023,NL_TISEAN_c1_1_1_7_002_05_mind,"nonlinear,tisean,dimension,entropy",NL_TISEAN_c1_1_1_7_002_05.mind,934
5024,NL_TISEAN_c1_1_1_7_002_05_maxd,"nonlinear,tisean,dimension,entropy",NL_TISEAN_c1_1_1_7_002_05.maxd,934
5025,NL_TISEAN_c1_1_1_7_002_05_ranged,"nonlinear,tisean,dimension,entropy",NL_TISEAN_c1_1_1_7_002_05.ranged,934
5026,NL_TISEAN_c1_1_1_7_002_05_maxmd,"nonlinear,tisean,dimension,entropy",NL_TISEAN_c1_1_1_7_002_05.maxmd,934
5027,NL_TISEAN_c1_1_1_7_002_05_meanstd,"nonlinear,tisean,dimension,entropy",NL_TISEAN_c1_1_1_7_002_05.meanstd,934
5028,NL_TISEAN_c1_1_1_7_002_05_bestscrd,"nonlinear,tisean,dimension,entropy",NL_TISEAN_c1_1_1_7_002_05.bestscrd,934
5029,NL_TISEAN_c1_1_1_7_002_05_longestscr,"nonlinear,tisean,dimension,entropy",NL_TISEAN_c1_1_1_7_002_05.longestscr,934
5030,NL_TISEAN_c1_1_2_6_25_01_bestestd,"nonlinear,tisean,dimension,entropy",NL_TISEAN_c1_1_2_6_25_01.bestestd,935
5031,NL_TISEAN_c1_1_2_6_25_01_bestestdstd,"nonlinear,tisean,dimension,entropy",NL_TISEAN_c1_1_2_6_25_01.bestestdstd,935
5032,NL_TISEAN_c1_1_2_6_25_01_bestgoodness,"nonlinear,tisean,dimension,entropy",NL_TISEAN_c1_1_2_6_25_01.bestgoodness,935
5033,NL_TISEAN_c1_1_2_6_25_01_mediand,"nonlinear,tisean,dimension,entropy",NL_TISEAN_c1_1_2_6_25_01.mediand,935
5034,NL_TISEAN_c1_1_2_6_25_01_mind,"nonlinear,tisean,dimension,entropy",NL_TISEAN_c1_1_2_6_25_01.mind,935
5035,NL_TISEAN_c1_1_2_6_25_01_maxd,"nonlinear,tisean,dimension,entropy",NL_TISEAN_c1_1_2_6_25_01.maxd,935
5036,NL_TISEAN_c1_1_2_6_25_01_ranged,"nonlinear,tisean,dimension,entropy",NL_TISEAN_c1_1_2_6_25_01.ranged,935
5037,NL_TISEAN_c1_1_2_6_25_01_maxmd,"nonlinear,tisean,dimension,entropy",NL_TISEAN_c1_1_2_6_25_01.maxmd,935
5038,NL_TISEAN_c1_1_2_6_25_01_meanstd,"nonlinear,tisean,dimension,entropy",NL_TISEAN_c1_1_2_6_25_01.meanstd,935
5039,NL_TISEAN_c1_1_2_6_25_01_bestscrd,"nonlinear,tisean,dimension,entropy",NL_TISEAN_c1_1_2_6_25_01.bestscrd,935
5040,NL_TISEAN_c1_1_2_6_25_01_longestscr,"nonlinear,tisean,dimension,entropy",NL_TISEAN_c1_1_2_6_25_01.longestscr,935
5041,NL_BoxCorrDim_50_ac_5_meand2,"nonlinear,correlation,tstool,dimension",NL_BoxCorrDim_50_ac_5.meand2,936
5042,NL_BoxCorrDim_50_ac_5_mediand2,"nonlinear,correlation,tstool,dimension",NL_BoxCorrDim_50_ac_5.mediand2,936
5043,NL_BoxCorrDim_50_ac_5_mind2,"nonlinear,correlation,tstool,dimension",NL_BoxCorrDim_50_ac_5.mind2,936
5044,NL_BoxCorrDim_50_ac_5_meand3,"nonlinear,correlation,tstool,dimension",NL_BoxCorrDim_50_ac_5.meand3,936
5045,NL_BoxCorrDim_50_ac_5_mediand3,"nonlinear,correlation,tstool,dimension",NL_BoxCorrDim_50_ac_5.mediand3,936
5046,NL_BoxCorrDim_50_ac_5_mind3,"nonlinear,correlation,tstool,dimension",NL_BoxCorrDim_50_ac_5.mind3,936
5047,NL_BoxCorrDim_50_ac_5_meand4,"nonlinear,correlation,tstool,dimension",NL_BoxCorrDim_50_ac_5.meand4,936
5048,NL_BoxCorrDim_50_ac_5_mediand4,"nonlinear,correlation,tstool,dimension",NL_BoxCorrDim_50_ac_5.mediand4,936
5049,NL_BoxCorrDim_50_ac_5_mind4,"nonlinear,correlation,tstool,dimension",NL_BoxCorrDim_50_ac_5.mind4,936
5050,NL_BoxCorrDim_50_ac_5_meand5,"nonlinear,correlation,tstool,dimension",NL_BoxCorrDim_50_ac_5.meand5,936
5051,NL_BoxCorrDim_50_ac_5_mediand5,"nonlinear,correlation,tstool,dimension",NL_BoxCorrDim_50_ac_5.mediand5,936
5052,NL_BoxCorrDim_50_ac_5_meanr2,"nonlinear,correlation,tstool,dimension",NL_BoxCorrDim_50_ac_5.meanr2,936
5053,NL_BoxCorrDim_50_ac_5_medianr2,"nonlinear,correlation,tstool,dimension",NL_BoxCorrDim_50_ac_5.medianr2,936
5054,NL_BoxCorrDim_50_ac_5_minr2,"nonlinear,correlation,tstool,dimension",NL_BoxCorrDim_50_ac_5.minr2,936
5055,NL_BoxCorrDim_50_ac_5_meanchr2,"nonlinear,correlation,tstool,dimension",NL_BoxCorrDim_50_ac_5.meanchr2,936
5056,NL_BoxCorrDim_50_ac_5_meanr3,"nonlinear,correlation,tstool,dimension",NL_BoxCorrDim_50_ac_5.meanr3,936
5057,NL_BoxCorrDim_50_ac_5_medianr3,"nonlinear,correlation,tstool,dimension",NL_BoxCorrDim_50_ac_5.medianr3,936
5058,NL_BoxCorrDim_50_ac_5_minr3,"nonlinear,correlation,tstool,dimension",NL_BoxCorrDim_50_ac_5.minr3,936
5059,NL_BoxCorrDim_50_ac_5_meanchr3,"nonlinear,correlation,tstool,dimension",NL_BoxCorrDim_50_ac_5.meanchr3,936
5060,NL_BoxCorrDim_50_ac_5_meanr4,"nonlinear,correlation,tstool,dimension",NL_BoxCorrDim_50_ac_5.meanr4,936
5061,NL_BoxCorrDim_50_ac_5_medianr4,"nonlinear,correlation,tstool,dimension",NL_BoxCorrDim_50_ac_5.medianr4,936
5062,NL_BoxCorrDim_50_ac_5_minr4,"nonlinear,correlation,tstool,dimension",NL_BoxCorrDim_50_ac_5.minr4,936
5063,NL_BoxCorrDim_50_ac_5_meanchr4,"nonlinear,correlation,tstool,dimension",NL_BoxCorrDim_50_ac_5.meanchr4,936
5064,NL_BoxCorrDim_50_ac_5_meanr5,"nonlinear,correlation,tstool,dimension",NL_BoxCorrDim_50_ac_5.meanr5,936
5065,NL_BoxCorrDim_50_ac_5_medianr5,"nonlinear,correlation,tstool,dimension",NL_BoxCorrDim_50_ac_5.medianr5,936
5066,NL_BoxCorrDim_50_ac_5_minr5,"nonlinear,correlation,tstool,dimension",NL_BoxCorrDim_50_ac_5.minr5,936
5067,NL_BoxCorrDim_50_ac_5_meanchr5,"nonlinear,correlation,tstool,dimension",NL_BoxCorrDim_50_ac_5.meanchr5,936
5068,NL_BoxCorrDim_50_ac_5_meanr6,"nonlinear,correlation,tstool,dimension",NL_BoxCorrDim_50_ac_5.meanr6,936
5069,NL_BoxCorrDim_50_ac_5_medianr6,"nonlinear,correlation,tstool,dimension",NL_BoxCorrDim_50_ac_5.medianr6,936
5070,NL_BoxCorrDim_50_ac_5_minr6,"nonlinear,correlation,tstool,dimension",NL_BoxCorrDim_50_ac_5.minr6,936
5071,NL_BoxCorrDim_50_ac_5_meanchr6,"nonlinear,correlation,tstool,dimension",NL_BoxCorrDim_50_ac_5.meanchr6,936
5072,NL_BoxCorrDim_50_ac_5_meanr7,"nonlinear,correlation,tstool,dimension",NL_BoxCorrDim_50_ac_5.meanr7,936
5073,NL_BoxCorrDim_50_ac_5_medianr7,"nonlinear,correlation,tstool,dimension",NL_BoxCorrDim_50_ac_5.medianr7,936
5074,NL_BoxCorrDim_50_ac_5_minr7,"nonlinear,correlation,tstool,dimension",NL_BoxCorrDim_50_ac_5.minr7,936
5075,NL_BoxCorrDim_50_ac_5_meanchr7,"nonlinear,correlation,tstool,dimension",NL_BoxCorrDim_50_ac_5.meanchr7,936
5076,NL_BoxCorrDim_50_ac_5_meanr8,"nonlinear,correlation,tstool,dimension",NL_BoxCorrDim_50_ac_5.meanr8,936
5077,NL_BoxCorrDim_50_ac_5_medianr8,"nonlinear,correlation,tstool,dimension",NL_BoxCorrDim_50_ac_5.medianr8,936
5078,NL_BoxCorrDim_50_ac_5_minr8,"nonlinear,correlation,tstool,dimension",NL_BoxCorrDim_50_ac_5.minr8,936
5079,NL_BoxCorrDim_50_ac_5_meanchr8,"nonlinear,correlation,tstool,dimension",NL_BoxCorrDim_50_ac_5.meanchr8,936
5080,NL_BoxCorrDim_50_ac_5_meanr9,"nonlinear,correlation,tstool,dimension",NL_BoxCorrDim_50_ac_5.meanr9,936
5081,NL_BoxCorrDim_50_ac_5_medianr9,"nonlinear,correlation,tstool,dimension",NL_BoxCorrDim_50_ac_5.medianr9,936
5082,NL_BoxCorrDim_50_ac_5_minr9,"nonlinear,correlation,tstool,dimension",NL_BoxCorrDim_50_ac_5.minr9,936
5083,NL_BoxCorrDim_50_ac_5_meanchr9,"nonlinear,correlation,tstool,dimension",NL_BoxCorrDim_50_ac_5.meanchr9,936
5084,NL_BoxCorrDim_50_ac_5_meanr10,"nonlinear,correlation,tstool,dimension",NL_BoxCorrDim_50_ac_5.meanr10,936
5085,NL_BoxCorrDim_50_ac_5_medianr10,"nonlinear,correlation,tstool,dimension",NL_BoxCorrDim_50_ac_5.medianr10,936
5086,NL_BoxCorrDim_50_ac_5_minr10,"nonlinear,correlation,tstool,dimension",NL_BoxCorrDim_50_ac_5.minr10,936
5087,NL_BoxCorrDim_50_ac_5_meanchr10,"nonlinear,correlation,tstool,dimension",NL_BoxCorrDim_50_ac_5.meanchr10,936
5088,NL_BoxCorrDim_50_ac_5_meanr11,"nonlinear,correlation,tstool,dimension",NL_BoxCorrDim_50_ac_5.meanr11,936
5089,NL_BoxCorrDim_50_ac_5_medianr11,"nonlinear,correlation,tstool,dimension",NL_BoxCorrDim_50_ac_5.medianr11,936
5090,NL_BoxCorrDim_50_ac_5_minr11,"nonlinear,correlation,tstool,dimension",NL_BoxCorrDim_50_ac_5.minr11,936
5091,NL_BoxCorrDim_50_ac_5_meanchr11,"nonlinear,correlation,tstool,dimension",NL_BoxCorrDim_50_ac_5.meanchr11,936
5092,NL_BoxCorrDim_50_ac_5_meanr12,"nonlinear,correlation,tstool,dimension",NL_BoxCorrDim_50_ac_5.meanr12,936
5093,NL_BoxCorrDim_50_ac_5_medianr12,"nonlinear,correlation,tstool,dimension",NL_BoxCorrDim_50_ac_5.medianr12,936
5094,NL_BoxCorrDim_50_ac_5_minr12,"nonlinear,correlation,tstool,dimension",NL_BoxCorrDim_50_ac_5.minr12,936
5095,NL_BoxCorrDim_50_ac_5_meanchr12,"nonlinear,correlation,tstool,dimension",NL_BoxCorrDim_50_ac_5.meanchr12,936
5096,NL_BoxCorrDim_50_ac_5_meanr13,"nonlinear,correlation,tstool,dimension",NL_BoxCorrDim_50_ac_5.meanr13,936
5097,NL_BoxCorrDim_50_ac_5_medianr13,"nonlinear,correlation,tstool,dimension",NL_BoxCorrDim_50_ac_5.medianr13,936
5098,NL_BoxCorrDim_50_ac_5_minr13,"nonlinear,correlation,tstool,dimension",NL_BoxCorrDim_50_ac_5.minr13,936
5099,NL_BoxCorrDim_50_ac_5_meanchr13,"nonlinear,correlation,tstool,dimension",NL_BoxCorrDim_50_ac_5.meanchr13,936
5100,NL_BoxCorrDim_50_ac_5_meanr14,"nonlinear,correlation,tstool,dimension",NL_BoxCorrDim_50_ac_5.meanr14,936
5101,NL_BoxCorrDim_50_ac_5_medianr14,"nonlinear,correlation,tstool,dimension",NL_BoxCorrDim_50_ac_5.medianr14,936
5102,NL_BoxCorrDim_50_ac_5_minr14,"nonlinear,correlation,tstool,dimension",NL_BoxCorrDim_50_ac_5.minr14,936
5103,NL_BoxCorrDim_50_ac_5_meanchr14,"nonlinear,correlation,tstool,dimension",NL_BoxCorrDim_50_ac_5.meanchr14,936
5104,NL_BoxCorrDim_50_ac_5_meanr15,"nonlinear,correlation,tstool,dimension",NL_BoxCorrDim_50_ac_5.meanr15,936
5105,NL_BoxCorrDim_50_ac_5_medianr15,"nonlinear,correlation,tstool,dimension",NL_BoxCorrDim_50_ac_5.medianr15,936
5106,NL_BoxCorrDim_50_ac_5_minr15,"nonlinear,correlation,tstool,dimension",NL_BoxCorrDim_50_ac_5.minr15,936
5107,NL_BoxCorrDim_50_ac_5_meanchr15,"nonlinear,correlation,tstool,dimension",NL_BoxCorrDim_50_ac_5.meanchr15,936
5108,NL_BoxCorrDim_50_ac_5_meanr16,"nonlinear,correlation,tstool,dimension",NL_BoxCorrDim_50_ac_5.meanr16,936
5109,NL_BoxCorrDim_50_ac_5_medianr16,"nonlinear,correlation,tstool,dimension",NL_BoxCorrDim_50_ac_5.medianr16,936
5110,NL_BoxCorrDim_50_ac_5_minr16,"nonlinear,correlation,tstool,dimension",NL_BoxCorrDim_50_ac_5.minr16,936
5111,NL_BoxCorrDim_50_ac_5_meanchr16,"nonlinear,correlation,tstool,dimension",NL_BoxCorrDim_50_ac_5.meanchr16,936
5112,NL_BoxCorrDim_50_ac_5_meanr17,"nonlinear,correlation,tstool,dimension",NL_BoxCorrDim_50_ac_5.meanr17,936
5113,NL_BoxCorrDim_50_ac_5_medianr17,"nonlinear,correlation,tstool,dimension",NL_BoxCorrDim_50_ac_5.medianr17,936
5114,NL_BoxCorrDim_50_ac_5_minr17,"nonlinear,correlation,tstool,dimension",NL_BoxCorrDim_50_ac_5.minr17,936
5115,NL_BoxCorrDim_50_ac_5_meanchr17,"nonlinear,correlation,tstool,dimension",NL_BoxCorrDim_50_ac_5.meanchr17,936
5116,NL_BoxCorrDim_50_ac_5_meanr18,"nonlinear,correlation,tstool,dimension",NL_BoxCorrDim_50_ac_5.meanr18,936
5117,NL_BoxCorrDim_50_ac_5_medianr18,"nonlinear,correlation,tstool,dimension",NL_BoxCorrDim_50_ac_5.medianr18,936
5118,NL_BoxCorrDim_50_ac_5_minr18,"nonlinear,correlation,tstool,dimension",NL_BoxCorrDim_50_ac_5.minr18,936
5119,NL_BoxCorrDim_50_ac_5_meanchr18,"nonlinear,correlation,tstool,dimension",NL_BoxCorrDim_50_ac_5.meanchr18,936
5120,NL_BoxCorrDim_50_ac_5_stdmean,"nonlinear,correlation,tstool,dimension",NL_BoxCorrDim_50_ac_5.stdmean,936
5121,NL_BoxCorrDim_50_ac_5_stdmedian,"nonlinear,correlation,tstool,dimension",NL_BoxCorrDim_50_ac_5.stdmedian,936
5122,NL_BoxCorrDim_50_ac_5_medianstretch,"nonlinear,correlation,tstool,dimension",NL_BoxCorrDim_50_ac_5.medianstretch,936
5123,NL_BoxCorrDim_50_ac_5_minstretch,"nonlinear,correlation,tstool,dimension",NL_BoxCorrDim_50_ac_5.minstretch,936
5124,NL_BoxCorrDim_50_ac_5_iqrstretch,"nonlinear,correlation,tstool,dimension",NL_BoxCorrDim_50_ac_5.iqrstretch,936
5125,NL_TSTL_GPCorrSum2_n1_05_40_20_ac_fnnmar_robfit_a1,"nonlinear,correlation,tstool,stochastic",NL_TSTL_GPCorrSum2_n1_05_40_20_ac_fnnmar.robfit_a1,937
5126,NL_TSTL_GPCorrSum2_n1_05_40_20_ac_fnnmar_robfit_a2,"nonlinear,correlation,tstool,stochastic",NL_TSTL_GPCorrSum2_n1_05_40_20_ac_fnnmar.robfit_a2,937
5127,NL_TSTL_GPCorrSum2_n1_05_40_20_ac_fnnmar_robfit_sigrat,"nonlinear,correlation,tstool,stochastic",NL_TSTL_GPCorrSum2_n1_05_40_20_ac_fnnmar.robfit_sigrat,937
5128,NL_TSTL_GPCorrSum2_n1_05_40_20_ac_fnnmar_robfit_s,"nonlinear,correlation,tstool,stochastic",NL_TSTL_GPCorrSum2_n1_05_40_20_ac_fnnmar.robfit_s,937
5129,NL_TSTL_GPCorrSum2_n1_05_40_20_ac_fnnmar_robfit_sea1,"nonlinear,correlation,tstool,stochastic",NL_TSTL_GPCorrSum2_n1_05_40_20_ac_fnnmar.robfit_sea1,937
5130,NL_TSTL_GPCorrSum2_n1_05_40_20_ac_fnnmar_robfit_sea2,"nonlinear,correlation,tstool,stochastic",NL_TSTL_GPCorrSum2_n1_05_40_20_ac_fnnmar.robfit_sea2,937
5131,NL_TSTL_GPCorrSum2_n1_05_40_20_ac_fnnmar_robfitresmeanabs,"nonlinear,correlation,tstool,stochastic",NL_TSTL_GPCorrSum2_n1_05_40_20_ac_fnnmar.robfitresmeanabs,937
5132,NL_TSTL_GPCorrSum2_n1_05_40_20_ac_fnnmar_robfitresmeansq,"nonlinear,correlation,tstool,stochastic",NL_TSTL_GPCorrSum2_n1_05_40_20_ac_fnnmar.robfitresmeansq,937
5133,NL_TSTL_GPCorrSum2_n1_05_40_20_ac_fnnmar_robfitresac1,"nonlinear,correlation,tstool,stochastic",NL_TSTL_GPCorrSum2_n1_05_40_20_ac_fnnmar.robfitresac1,937
5134,NL_TSTL_GPCorrSum2_n1_05_40_20_ac_fnnmar_minlnr,"nonlinear,correlation,tstool,stochastic",NL_TSTL_GPCorrSum2_n1_05_40_20_ac_fnnmar.minlnr,937
5135,NL_TSTL_GPCorrSum2_n1_05_40_20_ac_fnnmar_minlnCr,"nonlinear,correlation,tstool,stochastic",NL_TSTL_GPCorrSum2_n1_05_40_20_ac_fnnmar.minlnCr,937
5136,NL_TSTL_GPCorrSum2_n1_05_40_20_ac_fnnmar_maxlnCr,"nonlinear,correlation,tstool,stochastic",NL_TSTL_GPCorrSum2_n1_05_40_20_ac_fnnmar.maxlnCr,937
5137,NL_TSTL_GPCorrSum2_n1_05_40_20_ac_fnnmar_rangelnCr,"nonlinear,correlation,tstool,stochastic",NL_TSTL_GPCorrSum2_n1_05_40_20_ac_fnnmar.rangelnCr,937
5138,NL_TSTL_GPCorrSum2_n1_05_40_20_ac_fnnmar_meanlnCr,"nonlinear,correlation,tstool,stochastic",NL_TSTL_GPCorrSum2_n1_05_40_20_ac_fnnmar.meanlnCr,937
5139,NL_TSTL_GPCorrSum2_n1_05_100_20_ac_fnnmar_robfit_a1,"nonlinear,correlation,tstool,stochastic",NL_TSTL_GPCorrSum2_n1_05_100_20_ac_fnnmar.robfit_a1,938
5140,NL_TSTL_GPCorrSum2_n1_05_100_20_ac_fnnmar_robfit_a2,"nonlinear,correlation,tstool,stochastic",NL_TSTL_GPCorrSum2_n1_05_100_20_ac_fnnmar.robfit_a2,938
5141,NL_TSTL_GPCorrSum2_n1_05_100_20_ac_fnnmar_robfit_sigrat,"nonlinear,correlation,tstool,stochastic",NL_TSTL_GPCorrSum2_n1_05_100_20_ac_fnnmar.robfit_sigrat,938
5142,NL_TSTL_GPCorrSum2_n1_05_100_20_ac_fnnmar_robfit_s,"nonlinear,correlation,tstool,stochastic",NL_TSTL_GPCorrSum2_n1_05_100_20_ac_fnnmar.robfit_s,938
5143,NL_TSTL_GPCorrSum2_n1_05_100_20_ac_fnnmar_robfit_sea1,"nonlinear,correlation,tstool,stochastic",NL_TSTL_GPCorrSum2_n1_05_100_20_ac_fnnmar.robfit_sea1,938
5144,NL_TSTL_GPCorrSum2_n1_05_100_20_ac_fnnmar_robfit_sea2,"nonlinear,correlation,tstool,stochastic",NL_TSTL_GPCorrSum2_n1_05_100_20_ac_fnnmar.robfit_sea2,938
5145,NL_TSTL_GPCorrSum2_n1_05_100_20_ac_fnnmar_robfitresmeanabs,"nonlinear,correlation,tstool,stochastic",NL_TSTL_GPCorrSum2_n1_05_100_20_ac_fnnmar.robfitresmeanabs,938
5146,NL_TSTL_GPCorrSum2_n1_05_100_20_ac_fnnmar_robfitresmeansq,"nonlinear,correlation,tstool,stochastic",NL_TSTL_GPCorrSum2_n1_05_100_20_ac_fnnmar.robfitresmeansq,938
5147,NL_TSTL_GPCorrSum2_n1_05_100_20_ac_fnnmar_robfitresac1,"nonlinear,correlation,tstool,stochastic",NL_TSTL_GPCorrSum2_n1_05_100_20_ac_fnnmar.robfitresac1,938
5148,NL_TSTL_GPCorrSum2_n1_05_100_20_ac_fnnmar_minlnr,"nonlinear,correlation,tstool,stochastic",NL_TSTL_GPCorrSum2_n1_05_100_20_ac_fnnmar.minlnr,938
5149,NL_TSTL_GPCorrSum2_n1_05_100_20_ac_fnnmar_minlnCr,"nonlinear,correlation,tstool,stochastic",NL_TSTL_GPCorrSum2_n1_05_100_20_ac_fnnmar.minlnCr,938
5150,NL_TSTL_GPCorrSum2_n1_05_100_20_ac_fnnmar_maxlnCr,"nonlinear,correlation,tstool,stochastic",NL_TSTL_GPCorrSum2_n1_05_100_20_ac_fnnmar.maxlnCr,938
5151,NL_TSTL_GPCorrSum2_n1_05_100_20_ac_fnnmar_rangelnCr,"nonlinear,correlation,tstool,stochastic",NL_TSTL_GPCorrSum2_n1_05_100_20_ac_fnnmar.rangelnCr,938
5152,NL_TSTL_GPCorrSum2_n1_05_100_20_ac_fnnmar_meanlnCr,"nonlinear,correlation,tstool,stochastic",NL_TSTL_GPCorrSum2_n1_05_100_20_ac_fnnmar.meanlnCr,938
5153,NL_TSTL_GPCorrSum2_n1_01_40_20_ac_fnnmar_robfit_a1,"nonlinear,correlation,tstool,stochastic",NL_TSTL_GPCorrSum2_n1_01_40_20_ac_fnnmar.robfit_a1,939
5154,NL_TSTL_GPCorrSum2_n1_01_40_20_ac_fnnmar_robfit_a2,"nonlinear,correlation,tstool,stochastic",NL_TSTL_GPCorrSum2_n1_01_40_20_ac_fnnmar.robfit_a2,939
5155,NL_TSTL_GPCorrSum2_n1_01_40_20_ac_fnnmar_robfit_sigrat,"nonlinear,correlation,tstool,stochastic",NL_TSTL_GPCorrSum2_n1_01_40_20_ac_fnnmar.robfit_sigrat,939
5156,NL_TSTL_GPCorrSum2_n1_01_40_20_ac_fnnmar_robfit_s,"nonlinear,correlation,tstool,stochastic",NL_TSTL_GPCorrSum2_n1_01_40_20_ac_fnnmar.robfit_s,939
5157,NL_TSTL_GPCorrSum2_n1_01_40_20_ac_fnnmar_robfit_sea1,"nonlinear,correlation,tstool,stochastic",NL_TSTL_GPCorrSum2_n1_01_40_20_ac_fnnmar.robfit_sea1,939
5158,NL_TSTL_GPCorrSum2_n1_01_40_20_ac_fnnmar_robfit_sea2,"nonlinear,correlation,tstool,stochastic",NL_TSTL_GPCorrSum2_n1_01_40_20_ac_fnnmar.robfit_sea2,939
5159,NL_TSTL_GPCorrSum2_n1_01_40_20_ac_fnnmar_robfitresmeanabs,"nonlinear,correlation,tstool,stochastic",NL_TSTL_GPCorrSum2_n1_01_40_20_ac_fnnmar.robfitresmeanabs,939
5160,NL_TSTL_GPCorrSum2_n1_01_40_20_ac_fnnmar_robfitresmeansq,"nonlinear,correlation,tstool,stochastic",NL_TSTL_GPCorrSum2_n1_01_40_20_ac_fnnmar.robfitresmeansq,939
5161,NL_TSTL_GPCorrSum2_n1_01_40_20_ac_fnnmar_robfitresac1,"nonlinear,correlation,tstool,stochastic",NL_TSTL_GPCorrSum2_n1_01_40_20_ac_fnnmar.robfitresac1,939
5162,NL_TSTL_GPCorrSum2_n1_01_40_20_ac_fnnmar_minlnr,"nonlinear,correlation,tstool,stochastic",NL_TSTL_GPCorrSum2_n1_01_40_20_ac_fnnmar.minlnr,939
5163,NL_TSTL_GPCorrSum2_n1_01_40_20_ac_fnnmar_minlnCr,"nonlinear,correlation,tstool,stochastic",NL_TSTL_GPCorrSum2_n1_01_40_20_ac_fnnmar.minlnCr,939
5164,NL_TSTL_GPCorrSum2_n1_01_40_20_ac_fnnmar_rangelnCr,"nonlinear,correlation,tstool,stochastic",NL_TSTL_GPCorrSum2_n1_01_40_20_ac_fnnmar.rangelnCr,939
5165,NL_TSTL_GPCorrSum2_n1_01_40_20_ac_fnnmar_meanlnCr,"nonlinear,correlation,tstool,stochastic",NL_TSTL_GPCorrSum2_n1_01_40_20_ac_fnnmar.meanlnCr,939
5166,NL_TSTL_GPCorrSum2_n1_01_40_40_ac_fnnmar_robfit_a1,"nonlinear,correlation,tstool,stochastic",NL_TSTL_GPCorrSum2_n1_01_40_40_ac_fnnmar.robfit_a1,940
5167,NL_TSTL_GPCorrSum2_n1_01_40_40_ac_fnnmar_robfit_a2,"nonlinear,correlation,tstool,stochastic",NL_TSTL_GPCorrSum2_n1_01_40_40_ac_fnnmar.robfit_a2,940
5168,NL_TSTL_GPCorrSum2_n1_01_40_40_ac_fnnmar_robfit_sigrat,"nonlinear,correlation,tstool,stochastic",NL_TSTL_GPCorrSum2_n1_01_40_40_ac_fnnmar.robfit_sigrat,940
5169,NL_TSTL_GPCorrSum2_n1_01_40_40_ac_fnnmar_robfit_s,"nonlinear,correlation,tstool,stochastic",NL_TSTL_GPCorrSum2_n1_01_40_40_ac_fnnmar.robfit_s,940
5170,NL_TSTL_GPCorrSum2_n1_01_40_40_ac_fnnmar_robfit_sea1,"nonlinear,correlation,tstool,stochastic",NL_TSTL_GPCorrSum2_n1_01_40_40_ac_fnnmar.robfit_sea1,940
5171,NL_TSTL_GPCorrSum2_n1_01_40_40_ac_fnnmar_robfit_sea2,"nonlinear,correlation,tstool,stochastic",NL_TSTL_GPCorrSum2_n1_01_40_40_ac_fnnmar.robfit_sea2,940
5172,NL_TSTL_GPCorrSum2_n1_01_40_40_ac_fnnmar_robfitresmeanabs,"nonlinear,correlation,tstool,stochastic",NL_TSTL_GPCorrSum2_n1_01_40_40_ac_fnnmar.robfitresmeanabs,940
5173,NL_TSTL_GPCorrSum2_n1_01_40_40_ac_fnnmar_robfitresmeansq,"nonlinear,correlation,tstool,stochastic",NL_TSTL_GPCorrSum2_n1_01_40_40_ac_fnnmar.robfitresmeansq,940
5174,NL_TSTL_GPCorrSum2_n1_01_40_40_ac_fnnmar_robfitresac1,"nonlinear,correlation,tstool,stochastic",NL_TSTL_GPCorrSum2_n1_01_40_40_ac_fnnmar.robfitresac1,940
5175,NL_TSTL_GPCorrSum2_n1_01_40_40_ac_fnnmar_minlnr,"nonlinear,correlation,tstool,stochastic",NL_TSTL_GPCorrSum2_n1_01_40_40_ac_fnnmar.minlnr,940
5176,NL_TSTL_GPCorrSum2_n1_01_40_40_ac_fnnmar_minlnCr,"nonlinear,correlation,tstool,stochastic",NL_TSTL_GPCorrSum2_n1_01_40_40_ac_fnnmar.minlnCr,940
5177,NL_TSTL_GPCorrSum2_n1_01_40_40_ac_fnnmar_maxlnCr,"nonlinear,correlation,tstool,stochastic",NL_TSTL_GPCorrSum2_n1_01_40_40_ac_fnnmar.maxlnCr,940
5178,NL_TSTL_GPCorrSum2_n1_01_40_40_ac_fnnmar_rangelnCr,"nonlinear,correlation,tstool,stochastic",NL_TSTL_GPCorrSum2_n1_01_40_40_ac_fnnmar.rangelnCr,940
5179,NL_TSTL_GPCorrSum2_n1_01_40_40_ac_fnnmar_meanlnCr,"nonlinear,correlation,tstool,stochastic",NL_TSTL_GPCorrSum2_n1_01_40_40_ac_fnnmar.meanlnCr,940
5180,TSTL_delaytime_01_1_tau1,"nonlinear,correlation,tstool,tau",TSTL_delaytime_01_1.tau1,941
5181,TSTL_delaytime_01_1_tau2,"nonlinear,correlation,tstool,tau",TSTL_delaytime_01_1.tau2,941
5182,TSTL_delaytime_01_1_tau3,"nonlinear,correlation,tstool,tau",TSTL_delaytime_01_1.tau3,941
5183,TSTL_delaytime_01_1_difftau12,"nonlinear,correlation,tstool,tau",TSTL_delaytime_01_1.difftau12,941
5184,TSTL_delaytime_01_1_difftau13,"nonlinear,correlation,tstool,tau",TSTL_delaytime_01_1.difftau13,941
5185,TSTL_delaytime_01_1_meantau,"nonlinear,correlation,tstool,tau",TSTL_delaytime_01_1.meantau,941
5186,TSTL_delaytime_01_1_stdtau,"nonlinear,correlation,tstool,tau",TSTL_delaytime_01_1.stdtau,941
5187,TSTL_delaytime_01_1_mintau,"nonlinear,correlation,tstool,tau",TSTL_delaytime_01_1.mintau,941
5188,TSTL_delaytime_01_1_maxtau,"nonlinear,correlation,tstool,tau",TSTL_delaytime_01_1.maxtau,941
5189,NL_TSTL_dimensions_50_ac_fnnmar_bc_meanm1,"nonlinear,tstool,scaling,dimension",NL_TSTL_dimensions_50_ac_fnnmar.bc_meanm1,942
5190,NL_TSTL_dimensions_50_ac_fnnmar_bc_meanm2,"nonlinear,tstool,scaling,dimension",NL_TSTL_dimensions_50_ac_fnnmar.bc_meanm2,942
5191,NL_TSTL_dimensions_50_ac_fnnmar_bc_meanm3,"nonlinear,tstool,scaling,dimension",NL_TSTL_dimensions_50_ac_fnnmar.bc_meanm3,942
5192,NL_TSTL_dimensions_50_ac_fnnmar_bc_meanmmax,"nonlinear,tstool,scaling,dimension",NL_TSTL_dimensions_50_ac_fnnmar.bc_meanmmax,942
5193,NL_TSTL_dimensions_50_ac_fnnmar_bc_minm1,"nonlinear,tstool,scaling,dimension",NL_TSTL_dimensions_50_ac_fnnmar.bc_minm1,942
5194,NL_TSTL_dimensions_50_ac_fnnmar_bc_minm2,"nonlinear,tstool,scaling,dimension",NL_TSTL_dimensions_50_ac_fnnmar.bc_minm2,942
5195,NL_TSTL_dimensions_50_ac_fnnmar_bc_minm3,"nonlinear,tstool,scaling,dimension",NL_TSTL_dimensions_50_ac_fnnmar.bc_minm3,942
5196,NL_TSTL_dimensions_50_ac_fnnmar_bc_minmmax,"nonlinear,tstool,scaling,dimension",NL_TSTL_dimensions_50_ac_fnnmar.bc_minmmax,942
5197,NL_TSTL_dimensions_50_ac_fnnmar_bc_mindiff,"nonlinear,tstool,scaling,dimension",NL_TSTL_dimensions_50_ac_fnnmar.bc_mindiff,942
5198,NL_TSTL_dimensions_50_ac_fnnmar_bc_meandiff,"nonlinear,tstool,scaling,dimension",NL_TSTL_dimensions_50_ac_fnnmar.bc_meandiff,942
5199,NL_TSTL_dimensions_50_ac_fnnmar_bc_lfitm1,"nonlinear,tstool,scaling,dimension",NL_TSTL_dimensions_50_ac_fnnmar.bc_lfitm1,942
5200,NL_TSTL_dimensions_50_ac_fnnmar_bc_lfitm2,"nonlinear,tstool,scaling,dimension",NL_TSTL_dimensions_50_ac_fnnmar.bc_lfitm2,942
5201,NL_TSTL_dimensions_50_ac_fnnmar_bc_lfitm3,"nonlinear,tstool,scaling,dimension",NL_TSTL_dimensions_50_ac_fnnmar.bc_lfitm3,942
5202,NL_TSTL_dimensions_50_ac_fnnmar_bc_lfitmmax,"nonlinear,tstool,scaling,dimension",NL_TSTL_dimensions_50_ac_fnnmar.bc_lfitmmax,942
5203,NL_TSTL_dimensions_50_ac_fnnmar_bc_lfitb1,"nonlinear,tstool,scaling,dimension",NL_TSTL_dimensions_50_ac_fnnmar.bc_lfitb1,942
5204,NL_TSTL_dimensions_50_ac_fnnmar_bc_lfitb2,"nonlinear,tstool,scaling,dimension",NL_TSTL_dimensions_50_ac_fnnmar.bc_lfitb2,942
5205,NL_TSTL_dimensions_50_ac_fnnmar_bc_lfitb3,"nonlinear,tstool,scaling,dimension",NL_TSTL_dimensions_50_ac_fnnmar.bc_lfitb3,942
5206,NL_TSTL_dimensions_50_ac_fnnmar_bc_lfitbmax,"nonlinear,tstool,scaling,dimension",NL_TSTL_dimensions_50_ac_fnnmar.bc_lfitbmax,942
5207,NL_TSTL_dimensions_50_ac_fnnmar_bc_lfitmeansqdev1,"nonlinear,tstool,scaling,dimension",NL_TSTL_dimensions_50_ac_fnnmar.bc_lfitmeansqdev1,942
5208,NL_TSTL_dimensions_50_ac_fnnmar_bc_lfitmeansqdev2,"nonlinear,tstool,scaling,dimension",NL_TSTL_dimensions_50_ac_fnnmar.bc_lfitmeansqdev2,942
5209,NL_TSTL_dimensions_50_ac_fnnmar_bc_lfitmeansqdev3,"nonlinear,tstool,scaling,dimension",NL_TSTL_dimensions_50_ac_fnnmar.bc_lfitmeansqdev3,942
5210,NL_TSTL_dimensions_50_ac_fnnmar_bc_lfitmeansqdevmax,"nonlinear,tstool,scaling,dimension",NL_TSTL_dimensions_50_ac_fnnmar.bc_lfitmeansqdevmax,942
5211,NL_TSTL_dimensions_50_ac_fnnmar_co_meanm1,"nonlinear,tstool,scaling,dimension",NL_TSTL_dimensions_50_ac_fnnmar.co_meanm1,942
5212,NL_TSTL_dimensions_50_ac_fnnmar_co_meanm2,"nonlinear,tstool,scaling,dimension",NL_TSTL_dimensions_50_ac_fnnmar.co_meanm2,942
5213,NL_TSTL_dimensions_50_ac_fnnmar_co_meanm3,"nonlinear,tstool,scaling,dimension",NL_TSTL_dimensions_50_ac_fnnmar.co_meanm3,942
5214,NL_TSTL_dimensions_50_ac_fnnmar_co_meanmmax,"nonlinear,tstool,scaling,dimension",NL_TSTL_dimensions_50_ac_fnnmar.co_meanmmax,942
5215,NL_TSTL_dimensions_50_ac_fnnmar_co_minm1,"nonlinear,tstool,scaling,dimension",NL_TSTL_dimensions_50_ac_fnnmar.co_minm1,942
5216,NL_TSTL_dimensions_50_ac_fnnmar_co_minm2,"nonlinear,tstool,scaling,dimension",NL_TSTL_dimensions_50_ac_fnnmar.co_minm2,942
5217,NL_TSTL_dimensions_50_ac_fnnmar_co_minm3,"nonlinear,tstool,scaling,dimension",NL_TSTL_dimensions_50_ac_fnnmar.co_minm3,942
5218,NL_TSTL_dimensions_50_ac_fnnmar_co_minmmax,"nonlinear,tstool,scaling,dimension",NL_TSTL_dimensions_50_ac_fnnmar.co_minmmax,942
5219,NL_TSTL_dimensions_50_ac_fnnmar_co_mindiff,"nonlinear,tstool,scaling,dimension",NL_TSTL_dimensions_50_ac_fnnmar.co_mindiff,942
5220,NL_TSTL_dimensions_50_ac_fnnmar_co_meandiff,"nonlinear,tstool,scaling,dimension",NL_TSTL_dimensions_50_ac_fnnmar.co_meandiff,942
5221,NL_TSTL_dimensions_50_ac_fnnmar_co_lfitm1,"nonlinear,tstool,scaling,dimension",NL_TSTL_dimensions_50_ac_fnnmar.co_lfitm1,942
5222,NL_TSTL_dimensions_50_ac_fnnmar_co_lfitm2,"nonlinear,tstool,scaling,dimension",NL_TSTL_dimensions_50_ac_fnnmar.co_lfitm2,942
5223,NL_TSTL_dimensions_50_ac_fnnmar_co_lfitm3,"nonlinear,tstool,scaling,dimension",NL_TSTL_dimensions_50_ac_fnnmar.co_lfitm3,942
5224,NL_TSTL_dimensions_50_ac_fnnmar_co_lfitmmax,"nonlinear,tstool,scaling,dimension",NL_TSTL_dimensions_50_ac_fnnmar.co_lfitmmax,942
5225,NL_TSTL_dimensions_50_ac_fnnmar_co_lfitb1,"nonlinear,tstool,scaling,dimension",NL_TSTL_dimensions_50_ac_fnnmar.co_lfitb1,942
5226,NL_TSTL_dimensions_50_ac_fnnmar_co_lfitb2,"nonlinear,tstool,scaling,dimension",NL_TSTL_dimensions_50_ac_fnnmar.co_lfitb2,942
5227,NL_TSTL_dimensions_50_ac_fnnmar_co_lfitb3,"nonlinear,tstool,scaling,dimension",NL_TSTL_dimensions_50_ac_fnnmar.co_lfitb3,942
5228,NL_TSTL_dimensions_50_ac_fnnmar_co_lfitbmax,"nonlinear,tstool,scaling,dimension",NL_TSTL_dimensions_50_ac_fnnmar.co_lfitbmax,942
5229,NL_TSTL_dimensions_50_ac_fnnmar_co_lfitmeansqdev1,"nonlinear,tstool,scaling,dimension",NL_TSTL_dimensions_50_ac_fnnmar.co_lfitmeansqdev1,942
5230,NL_TSTL_dimensions_50_ac_fnnmar_co_lfitmeansqdev2,"nonlinear,tstool,scaling,dimension",NL_TSTL_dimensions_50_ac_fnnmar.co_lfitmeansqdev2,942
5231,NL_TSTL_dimensions_50_ac_fnnmar_co_lfitmeansqdev3,"nonlinear,tstool,scaling,dimension",NL_TSTL_dimensions_50_ac_fnnmar.co_lfitmeansqdev3,942
5232,NL_TSTL_dimensions_50_ac_fnnmar_co_lfitmeansqdevmax,"nonlinear,tstool,scaling,dimension",NL_TSTL_dimensions_50_ac_fnnmar.co_lfitmeansqdevmax,942
5233,NL_TSTL_dimensions_50_ac_fnnmar_scr_bc_m1_minbad,"nonlinear,tstool,scaling,dimension",NL_TSTL_dimensions_50_ac_fnnmar.scr_bc_m1_minbad,942
5234,NL_TSTL_dimensions_50_ac_fnnmar_scr_bc_m1_logrmin,"nonlinear,tstool,scaling,dimension",NL_TSTL_dimensions_50_ac_fnnmar.scr_bc_m1_logrmin,942
5235,NL_TSTL_dimensions_50_ac_fnnmar_scr_bc_m1_logrmax,"nonlinear,tstool,scaling,dimension",NL_TSTL_dimensions_50_ac_fnnmar.scr_bc_m1_logrmax,942
5236,NL_TSTL_dimensions_50_ac_fnnmar_scr_bc_m1_logrrange,"nonlinear,tstool,scaling,dimension",NL_TSTL_dimensions_50_ac_fnnmar.scr_bc_m1_logrrange,942
5237,NL_TSTL_dimensions_50_ac_fnnmar_scr_bc_m1_pgone,"nonlinear,tstool,scaling,dimension",NL_TSTL_dimensions_50_ac_fnnmar.scr_bc_m1_pgone,942
5238,NL_TSTL_dimensions_50_ac_fnnmar_scr_bc_m1_meanabsres,"nonlinear,tstool,scaling,dimension",NL_TSTL_dimensions_50_ac_fnnmar.scr_bc_m1_meanabsres,942
5239,NL_TSTL_dimensions_50_ac_fnnmar_scr_bc_m1_meansqres,"nonlinear,tstool,scaling,dimension",NL_TSTL_dimensions_50_ac_fnnmar.scr_bc_m1_meansqres,942
5240,NL_TSTL_dimensions_50_ac_fnnmar_scr_bc_m1_scaling_exp,"nonlinear,tstool,scaling,dimension",NL_TSTL_dimensions_50_ac_fnnmar.scr_bc_m1_scaling_exp,942
5241,NL_TSTL_dimensions_50_ac_fnnmar_scr_bc_m1_scaling_int,"nonlinear,tstool,scaling,dimension",NL_TSTL_dimensions_50_ac_fnnmar.scr_bc_m1_scaling_int,942
5242,NL_TSTL_dimensions_50_ac_fnnmar_scr_bc_m2_minbad,"nonlinear,tstool,scaling,dimension",NL_TSTL_dimensions_50_ac_fnnmar.scr_bc_m2_minbad,942
5243,NL_TSTL_dimensions_50_ac_fnnmar_scr_bc_m2_logrmin,"nonlinear,tstool,scaling,dimension",NL_TSTL_dimensions_50_ac_fnnmar.scr_bc_m2_logrmin,942
5244,NL_TSTL_dimensions_50_ac_fnnmar_scr_bc_m2_logrmax,"nonlinear,tstool,scaling,dimension",NL_TSTL_dimensions_50_ac_fnnmar.scr_bc_m2_logrmax,942
5245,NL_TSTL_dimensions_50_ac_fnnmar_scr_bc_m2_logrrange,"nonlinear,tstool,scaling,dimension",NL_TSTL_dimensions_50_ac_fnnmar.scr_bc_m2_logrrange,942
5246,NL_TSTL_dimensions_50_ac_fnnmar_scr_bc_m2_pgone,"nonlinear,tstool,scaling,dimension",NL_TSTL_dimensions_50_ac_fnnmar.scr_bc_m2_pgone,942
5247,NL_TSTL_dimensions_50_ac_fnnmar_scr_bc_m2_meanabsres,"nonlinear,tstool,scaling,dimension",NL_TSTL_dimensions_50_ac_fnnmar.scr_bc_m2_meanabsres,942
5248,NL_TSTL_dimensions_50_ac_fnnmar_scr_bc_m2_meansqres,"nonlinear,tstool,scaling,dimension",NL_TSTL_dimensions_50_ac_fnnmar.scr_bc_m2_meansqres,942
5249,NL_TSTL_dimensions_50_ac_fnnmar_scr_bc_m2_scaling_exp,"nonlinear,tstool,scaling,dimension",NL_TSTL_dimensions_50_ac_fnnmar.scr_bc_m2_scaling_exp,942
5250,NL_TSTL_dimensions_50_ac_fnnmar_scr_bc_m2_scaling_int,"nonlinear,tstool,scaling,dimension",NL_TSTL_dimensions_50_ac_fnnmar.scr_bc_m2_scaling_int,942
5251,NL_TSTL_dimensions_50_ac_fnnmar_scr_bc_m3_minbad,"nonlinear,tstool,scaling,dimension",NL_TSTL_dimensions_50_ac_fnnmar.scr_bc_m3_minbad,942
5252,NL_TSTL_dimensions_50_ac_fnnmar_scr_bc_m3_logrmin,"nonlinear,tstool,scaling,dimension",NL_TSTL_dimensions_50_ac_fnnmar.scr_bc_m3_logrmin,942
5253,NL_TSTL_dimensions_50_ac_fnnmar_scr_bc_m3_logrmax,"nonlinear,tstool,scaling,dimension",NL_TSTL_dimensions_50_ac_fnnmar.scr_bc_m3_logrmax,942
5254,NL_TSTL_dimensions_50_ac_fnnmar_scr_bc_m3_logrrange,"nonlinear,tstool,scaling,dimension",NL_TSTL_dimensions_50_ac_fnnmar.scr_bc_m3_logrrange,942
5255,NL_TSTL_dimensions_50_ac_fnnmar_scr_bc_m3_pgone,"nonlinear,tstool,scaling,dimension",NL_TSTL_dimensions_50_ac_fnnmar.scr_bc_m3_pgone,942
5256,NL_TSTL_dimensions_50_ac_fnnmar_scr_bc_m3_meanabsres,"nonlinear,tstool,scaling,dimension",NL_TSTL_dimensions_50_ac_fnnmar.scr_bc_m3_meanabsres,942
5257,NL_TSTL_dimensions_50_ac_fnnmar_scr_bc_m3_meansqres,"nonlinear,tstool,scaling,dimension",NL_TSTL_dimensions_50_ac_fnnmar.scr_bc_m3_meansqres,942
5258,NL_TSTL_dimensions_50_ac_fnnmar_scr_bc_m3_scaling_exp,"nonlinear,tstool,scaling,dimension",NL_TSTL_dimensions_50_ac_fnnmar.scr_bc_m3_scaling_exp,942
5259,NL_TSTL_dimensions_50_ac_fnnmar_scr_bc_m3_scaling_int,"nonlinear,tstool,scaling,dimension",NL_TSTL_dimensions_50_ac_fnnmar.scr_bc_m3_scaling_int,942
5260,NL_TSTL_dimensions_50_ac_fnnmar_scr_bc_mopt_minbad,"nonlinear,tstool,scaling,dimension",NL_TSTL_dimensions_50_ac_fnnmar.scr_bc_mopt_minbad,942
5261,NL_TSTL_dimensions_50_ac_fnnmar_scr_bc_mopt_logrmin,"nonlinear,tstool,scaling,dimension",NL_TSTL_dimensions_50_ac_fnnmar.scr_bc_mopt_logrmin,942
5262,NL_TSTL_dimensions_50_ac_fnnmar_scr_bc_mopt_logrmax,"nonlinear,tstool,scaling,dimension",NL_TSTL_dimensions_50_ac_fnnmar.scr_bc_mopt_logrmax,942
5263,NL_TSTL_dimensions_50_ac_fnnmar_scr_bc_mopt_logrrange,"nonlinear,tstool,scaling,dimension",NL_TSTL_dimensions_50_ac_fnnmar.scr_bc_mopt_logrrange,942
5264,NL_TSTL_dimensions_50_ac_fnnmar_scr_bc_mopt_pgone,"nonlinear,tstool,scaling,dimension",NL_TSTL_dimensions_50_ac_fnnmar.scr_bc_mopt_pgone,942
5265,NL_TSTL_dimensions_50_ac_fnnmar_scr_bc_mopt_meanabsres,"nonlinear,tstool,scaling,dimension",NL_TSTL_dimensions_50_ac_fnnmar.scr_bc_mopt_meanabsres,942
5266,NL_TSTL_dimensions_50_ac_fnnmar_scr_bc_mopt_meansqres,"nonlinear,tstool,scaling,dimension",NL_TSTL_dimensions_50_ac_fnnmar.scr_bc_mopt_meansqres,942
5267,NL_TSTL_dimensions_50_ac_fnnmar_scr_bc_mopt_scaling_exp,"nonlinear,tstool,scaling,dimension",NL_TSTL_dimensions_50_ac_fnnmar.scr_bc_mopt_scaling_exp,942
5268,NL_TSTL_dimensions_50_ac_fnnmar_scr_bc_mopt_scaling_int,"nonlinear,tstool,scaling,dimension",NL_TSTL_dimensions_50_ac_fnnmar.scr_bc_mopt_scaling_int,942
5269,NL_TSTL_dimensions_50_ac_fnnmar_scr_co_m1_minbad,"nonlinear,tstool,scaling,dimension",NL_TSTL_dimensions_50_ac_fnnmar.scr_co_m1_minbad,942
5270,NL_TSTL_dimensions_50_ac_fnnmar_scr_co_m1_logrmin,"nonlinear,tstool,scaling,dimension",NL_TSTL_dimensions_50_ac_fnnmar.scr_co_m1_logrmin,942
5271,NL_TSTL_dimensions_50_ac_fnnmar_scr_co_m1_logrmax,"nonlinear,tstool,scaling,dimension",NL_TSTL_dimensions_50_ac_fnnmar.scr_co_m1_logrmax,942
5272,NL_TSTL_dimensions_50_ac_fnnmar_scr_co_m1_logrrange,"nonlinear,tstool,scaling,dimension",NL_TSTL_dimensions_50_ac_fnnmar.scr_co_m1_logrrange,942
5273,NL_TSTL_dimensions_50_ac_fnnmar_scr_co_m1_pgone,"nonlinear,tstool,scaling,dimension",NL_TSTL_dimensions_50_ac_fnnmar.scr_co_m1_pgone,942
5274,NL_TSTL_dimensions_50_ac_fnnmar_scr_co_m1_meanabsres,"nonlinear,tstool,scaling,dimension",NL_TSTL_dimensions_50_ac_fnnmar.scr_co_m1_meanabsres,942
5275,NL_TSTL_dimensions_50_ac_fnnmar_scr_co_m1_meansqres,"nonlinear,tstool,scaling,dimension",NL_TSTL_dimensions_50_ac_fnnmar.scr_co_m1_meansqres,942
5276,NL_TSTL_dimensions_50_ac_fnnmar_scr_co_m1_scaling_exp,"nonlinear,tstool,scaling,dimension",NL_TSTL_dimensions_50_ac_fnnmar.scr_co_m1_scaling_exp,942
5277,NL_TSTL_dimensions_50_ac_fnnmar_scr_co_m1_scaling_int,"nonlinear,tstool,scaling,dimension",NL_TSTL_dimensions_50_ac_fnnmar.scr_co_m1_scaling_int,942
5278,NL_TSTL_dimensions_50_ac_fnnmar_scr_co_m2_minbad,"nonlinear,tstool,scaling,dimension",NL_TSTL_dimensions_50_ac_fnnmar.scr_co_m2_minbad,942
5279,NL_TSTL_dimensions_50_ac_fnnmar_scr_co_m2_logrmin,"nonlinear,tstool,scaling,dimension",NL_TSTL_dimensions_50_ac_fnnmar.scr_co_m2_logrmin,942
5280,NL_TSTL_dimensions_50_ac_fnnmar_scr_co_m2_logrmax,"nonlinear,tstool,scaling,dimension",NL_TSTL_dimensions_50_ac_fnnmar.scr_co_m2_logrmax,942
5281,NL_TSTL_dimensions_50_ac_fnnmar_scr_co_m2_logrrange,"nonlinear,tstool,scaling,dimension",NL_TSTL_dimensions_50_ac_fnnmar.scr_co_m2_logrrange,942
5282,NL_TSTL_dimensions_50_ac_fnnmar_scr_co_m2_pgone,"nonlinear,tstool,scaling,dimension",NL_TSTL_dimensions_50_ac_fnnmar.scr_co_m2_pgone,942
5283,NL_TSTL_dimensions_50_ac_fnnmar_scr_co_m2_meanabsres,"nonlinear,tstool,scaling,dimension",NL_TSTL_dimensions_50_ac_fnnmar.scr_co_m2_meanabsres,942
5284,NL_TSTL_dimensions_50_ac_fnnmar_scr_co_m2_meansqres,"nonlinear,tstool,scaling,dimension",NL_TSTL_dimensions_50_ac_fnnmar.scr_co_m2_meansqres,942
5285,NL_TSTL_dimensions_50_ac_fnnmar_scr_co_m2_scaling_exp,"nonlinear,tstool,scaling,dimension",NL_TSTL_dimensions_50_ac_fnnmar.scr_co_m2_scaling_exp,942
5286,NL_TSTL_dimensions_50_ac_fnnmar_scr_co_m2_scaling_int,"nonlinear,tstool,scaling,dimension",NL_TSTL_dimensions_50_ac_fnnmar.scr_co_m2_scaling_int,942
5287,NL_TSTL_dimensions_50_ac_fnnmar_scr_co_m3_minbad,"nonlinear,tstool,scaling,dimension",NL_TSTL_dimensions_50_ac_fnnmar.scr_co_m3_minbad,942
5288,NL_TSTL_dimensions_50_ac_fnnmar_scr_co_m3_logrmin,"nonlinear,tstool,scaling,dimension",NL_TSTL_dimensions_50_ac_fnnmar.scr_co_m3_logrmin,942
5289,NL_TSTL_dimensions_50_ac_fnnmar_scr_co_m3_logrmax,"nonlinear,tstool,scaling,dimension",NL_TSTL_dimensions_50_ac_fnnmar.scr_co_m3_logrmax,942
5290,NL_TSTL_dimensions_50_ac_fnnmar_scr_co_m3_logrrange,"nonlinear,tstool,scaling,dimension",NL_TSTL_dimensions_50_ac_fnnmar.scr_co_m3_logrrange,942
5291,NL_TSTL_dimensions_50_ac_fnnmar_scr_co_m3_pgone,"nonlinear,tstool,scaling,dimension",NL_TSTL_dimensions_50_ac_fnnmar.scr_co_m3_pgone,942
5292,NL_TSTL_dimensions_50_ac_fnnmar_scr_co_m3_meanabsres,"nonlinear,tstool,scaling,dimension",NL_TSTL_dimensions_50_ac_fnnmar.scr_co_m3_meanabsres,942
5293,NL_TSTL_dimensions_50_ac_fnnmar_scr_co_m3_meansqres,"nonlinear,tstool,scaling,dimension",NL_TSTL_dimensions_50_ac_fnnmar.scr_co_m3_meansqres,942
5294,NL_TSTL_dimensions_50_ac_fnnmar_scr_co_m3_scaling_exp,"nonlinear,tstool,scaling,dimension",NL_TSTL_dimensions_50_ac_fnnmar.scr_co_m3_scaling_exp,942
5295,NL_TSTL_dimensions_50_ac_fnnmar_scr_co_m3_scaling_int,"nonlinear,tstool,scaling,dimension",NL_TSTL_dimensions_50_ac_fnnmar.scr_co_m3_scaling_int,942
5296,NL_TSTL_dimensions_50_ac_fnnmar_scr_co_mopt_minbad,"nonlinear,tstool,scaling,dimension",NL_TSTL_dimensions_50_ac_fnnmar.scr_co_mopt_minbad,942
5297,NL_TSTL_dimensions_50_ac_fnnmar_scr_co_mopt_logrmin,"nonlinear,tstool,scaling,dimension",NL_TSTL_dimensions_50_ac_fnnmar.scr_co_mopt_logrmin,942
5298,NL_TSTL_dimensions_50_ac_fnnmar_scr_co_mopt_logrmax,"nonlinear,tstool,scaling,dimension",NL_TSTL_dimensions_50_ac_fnnmar.scr_co_mopt_logrmax,942
5299,NL_TSTL_dimensions_50_ac_fnnmar_scr_co_mopt_logrrange,"nonlinear,tstool,scaling,dimension",NL_TSTL_dimensions_50_ac_fnnmar.scr_co_mopt_logrrange,942
5300,NL_TSTL_dimensions_50_ac_fnnmar_scr_co_mopt_pgone,"nonlinear,tstool,scaling,dimension",NL_TSTL_dimensions_50_ac_fnnmar.scr_co_mopt_pgone,942
5301,NL_TSTL_dimensions_50_ac_fnnmar_scr_co_mopt_meanabsres,"nonlinear,tstool,scaling,dimension",NL_TSTL_dimensions_50_ac_fnnmar.scr_co_mopt_meanabsres,942
5302,NL_TSTL_dimensions_50_ac_fnnmar_scr_co_mopt_meansqres,"nonlinear,tstool,scaling,dimension",NL_TSTL_dimensions_50_ac_fnnmar.scr_co_mopt_meansqres,942
5303,NL_TSTL_dimensions_50_ac_fnnmar_scr_co_mopt_scaling_exp,"nonlinear,tstool,scaling,dimension",NL_TSTL_dimensions_50_ac_fnnmar.scr_co_mopt_scaling_exp,942
5304,NL_TSTL_dimensions_50_ac_fnnmar_scr_co_mopt_scaling_int,"nonlinear,tstool,scaling,dimension",NL_TSTL_dimensions_50_ac_fnnmar.scr_co_mopt_scaling_int,942
5305,NL_TSTL_dimensions_50_ac_fnnmar_bc_minscalingexp,"nonlinear,tstool,scaling,dimension",NL_TSTL_dimensions_50_ac_fnnmar.bc_minscalingexp,942
5306,NL_TSTL_dimensions_50_ac_fnnmar_bc_maxscalingexp,"nonlinear,tstool,scaling,dimension",NL_TSTL_dimensions_50_ac_fnnmar.bc_maxscalingexp,942
5307,NL_TSTL_dimensions_50_ac_fnnmar_bc_meanscalingexp,"nonlinear,tstool,scaling,dimension",NL_TSTL_dimensions_50_ac_fnnmar.bc_meanscalingexp,942
5308,NL_TSTL_dimensions_50_ac_fnnmar_bc_mbestfit,"nonlinear,tstool,scaling,dimension",NL_TSTL_dimensions_50_ac_fnnmar.bc_mbestfit,942
5309,NL_TSTL_dimensions_50_ac_fnnmar_co_minscalingexp,"nonlinear,tstool,scaling,dimension",NL_TSTL_dimensions_50_ac_fnnmar.co_minscalingexp,942
5310,NL_TSTL_dimensions_50_ac_fnnmar_co_maxscalingexp,"nonlinear,tstool,scaling,dimension",NL_TSTL_dimensions_50_ac_fnnmar.co_maxscalingexp,942
5311,NL_TSTL_dimensions_50_ac_fnnmar_co_meanscalingexp,"nonlinear,tstool,scaling,dimension",NL_TSTL_dimensions_50_ac_fnnmar.co_meanscalingexp,942
5312,NL_TSTL_dimensions_50_ac_fnnmar_co_mbestfit,"nonlinear,tstool,scaling,dimension",NL_TSTL_dimensions_50_ac_fnnmar.co_mbestfit,942
5313,NL_TSTL_FractalDimensions_5_20_02_1_10_0_32_ac_fnnmar_rangeDq,"nonlinear,tstool,dimension,correlation,stochastic",NL_TSTL_FractalDimensions_5_20_02_1_10_0_32_ac_fnnmar.rangeDq,943
5314,NL_TSTL_FractalDimensions_5_20_02_1_10_0_32_ac_fnnmar_maxDq,"nonlinear,tstool,dimension,correlation,stochastic",NL_TSTL_FractalDimensions_5_20_02_1_10_0_32_ac_fnnmar.maxDq,943
5315,NL_TSTL_FractalDimensions_5_20_02_1_10_0_32_ac_fnnmar_meanDq,"nonlinear,tstool,dimension,correlation,stochastic",NL_TSTL_FractalDimensions_5_20_02_1_10_0_32_ac_fnnmar.meanDq,943
5316,NL_TSTL_FractalDimensions_5_20_02_1_10_0_32_ac_fnnmar_maxq,"nonlinear,tstool,dimension,correlation,stochastic",NL_TSTL_FractalDimensions_5_20_02_1_10_0_32_ac_fnnmar.maxq,943
5317,NL_TSTL_FractalDimensions_5_20_02_1_10_0_32_ac_fnnmar_rangeq,"nonlinear,tstool,dimension,correlation,stochastic",NL_TSTL_FractalDimensions_5_20_02_1_10_0_32_ac_fnnmar.rangeq,943
5318,NL_TSTL_FractalDimensions_5_20_02_1_10_0_32_ac_fnnmar_meanq,"nonlinear,tstool,dimension,correlation,stochastic",NL_TSTL_FractalDimensions_5_20_02_1_10_0_32_ac_fnnmar.meanq,943
5319,NL_TSTL_FractalDimensions_5_20_02_1_10_0_32_ac_fnnmar_linfit_a,"nonlinear,tstool,dimension,correlation,stochastic",NL_TSTL_FractalDimensions_5_20_02_1_10_0_32_ac_fnnmar.linfit_a,943
5320,NL_TSTL_FractalDimensions_5_20_02_1_10_0_32_ac_fnnmar_linfit_b,"nonlinear,tstool,dimension,correlation,stochastic",NL_TSTL_FractalDimensions_5_20_02_1_10_0_32_ac_fnnmar.linfit_b,943
5321,NL_TSTL_FractalDimensions_5_20_02_1_10_0_32_ac_fnnmar_linfit_rmsqres,"nonlinear,tstool,dimension,correlation,stochastic",NL_TSTL_FractalDimensions_5_20_02_1_10_0_32_ac_fnnmar.linfit_rmsqres,943
5322,NL_TSTL_FractalDimensions_5_100_02_1_10_0_32_ac_3_rangeDq,"nonlinear,tstool,dimension,correlation,stochastic",NL_TSTL_FractalDimensions_5_100_02_1_10_0_32_ac_3.rangeDq,944
5323,NL_TSTL_FractalDimensions_5_100_02_1_10_0_32_ac_3_maxDq,"nonlinear,tstool,dimension,correlation,stochastic",NL_TSTL_FractalDimensions_5_100_02_1_10_0_32_ac_3.maxDq,944
5324,NL_TSTL_FractalDimensions_5_100_02_1_10_0_32_ac_3_meanDq,"nonlinear,tstool,dimension,correlation,stochastic",NL_TSTL_FractalDimensions_5_100_02_1_10_0_32_ac_3.meanDq,944
5325,NL_TSTL_FractalDimensions_5_100_02_1_10_0_32_ac_3_maxq,"nonlinear,tstool,dimension,correlation,stochastic",NL_TSTL_FractalDimensions_5_100_02_1_10_0_32_ac_3.maxq,944
5326,NL_TSTL_FractalDimensions_5_100_02_1_10_0_32_ac_3_rangeq,"nonlinear,tstool,dimension,correlation,stochastic",NL_TSTL_FractalDimensions_5_100_02_1_10_0_32_ac_3.rangeq,944
5327,NL_TSTL_FractalDimensions_5_100_02_1_10_0_32_ac_3_meanq,"nonlinear,tstool,dimension,correlation,stochastic",NL_TSTL_FractalDimensions_5_100_02_1_10_0_32_ac_3.meanq,944
5328,NL_TSTL_FractalDimensions_5_100_02_1_10_0_32_ac_3_linfit_a,"nonlinear,tstool,dimension,correlation,stochastic",NL_TSTL_FractalDimensions_5_100_02_1_10_0_32_ac_3.linfit_a,944
5329,NL_TSTL_FractalDimensions_5_100_02_1_10_0_32_ac_3_linfit_b,"nonlinear,tstool,dimension,correlation,stochastic",NL_TSTL_FractalDimensions_5_100_02_1_10_0_32_ac_3.linfit_b,944
5330,NL_TSTL_FractalDimensions_5_100_02_1_10_0_32_ac_3_linfit_rmsqres,"nonlinear,tstool,dimension,correlation,stochastic",NL_TSTL_FractalDimensions_5_100_02_1_10_0_32_ac_3.linfit_rmsqres,944
5331,NL_TSTL_FractalDimensions_2_100_02_1_5_10_32_ac_5_rangeDq,"nonlinear,tstool,dimension,correlation,stochastic",NL_TSTL_FractalDimensions_2_100_02_1_5_10_32_ac_5.rangeDq,945
5332,NL_TSTL_FractalDimensions_2_100_02_1_5_10_32_ac_5_maxDq,"nonlinear,tstool,dimension,correlation,stochastic",NL_TSTL_FractalDimensions_2_100_02_1_5_10_32_ac_5.maxDq,945
5333,NL_TSTL_FractalDimensions_2_100_02_1_5_10_32_ac_5_meanDq,"nonlinear,tstool,dimension,correlation,stochastic",NL_TSTL_FractalDimensions_2_100_02_1_5_10_32_ac_5.meanDq,945
5334,NL_TSTL_FractalDimensions_2_100_02_1_5_10_32_ac_5_maxq,"nonlinear,tstool,dimension,correlation,stochastic",NL_TSTL_FractalDimensions_2_100_02_1_5_10_32_ac_5.maxq,945
5335,NL_TSTL_FractalDimensions_2_100_02_1_5_10_32_ac_5_rangeq,"nonlinear,tstool,dimension,correlation,stochastic",NL_TSTL_FractalDimensions_2_100_02_1_5_10_32_ac_5.rangeq,945
5336,NL_TSTL_FractalDimensions_2_100_02_1_5_10_32_ac_5_meanq,"nonlinear,tstool,dimension,correlation,stochastic",NL_TSTL_FractalDimensions_2_100_02_1_5_10_32_ac_5.meanq,945
5337,NL_TSTL_FractalDimensions_2_100_02_1_5_10_32_ac_5_linfit_a,"nonlinear,tstool,dimension,correlation,stochastic",NL_TSTL_FractalDimensions_2_100_02_1_5_10_32_ac_5.linfit_a,945
5338,NL_TSTL_FractalDimensions_2_100_02_1_5_10_32_ac_5_linfit_b,"nonlinear,tstool,dimension,correlation,stochastic",NL_TSTL_FractalDimensions_2_100_02_1_5_10_32_ac_5.linfit_b,945
5339,NL_TSTL_FractalDimensions_2_100_02_1_5_10_32_ac_5_linfit_rmsqres,"nonlinear,tstool,dimension,correlation,stochastic",NL_TSTL_FractalDimensions_2_100_02_1_5_10_32_ac_5.linfit_rmsqres,945
5340,NL_TSTL_FractalDimensions_2_100_02_1_5_10_32_1_5_rangeDq,"nonlinear,tstool,dimension,correlation,stochastic",NL_TSTL_FractalDimensions_2_100_02_1_5_10_32_1_5.rangeDq,946
5341,NL_TSTL_FractalDimensions_2_100_02_1_5_10_32_1_5_maxDq,"nonlinear,tstool,dimension,correlation,stochastic",NL_TSTL_FractalDimensions_2_100_02_1_5_10_32_1_5.maxDq,946
5342,NL_TSTL_FractalDimensions_2_100_02_1_5_10_32_1_5_meanDq,"nonlinear,tstool,dimension,correlation,stochastic",NL_TSTL_FractalDimensions_2_100_02_1_5_10_32_1_5.meanDq,946
5343,NL_TSTL_FractalDimensions_2_100_02_1_5_10_32_1_5_maxq,"nonlinear,tstool,dimension,correlation,stochastic",NL_TSTL_FractalDimensions_2_100_02_1_5_10_32_1_5.maxq,946
5344,NL_TSTL_FractalDimensions_2_100_02_1_5_10_32_1_5_rangeq,"nonlinear,tstool,dimension,correlation,stochastic",NL_TSTL_FractalDimensions_2_100_02_1_5_10_32_1_5.rangeq,946
5345,NL_TSTL_FractalDimensions_2_100_02_1_5_10_32_1_5_meanq,"nonlinear,tstool,dimension,correlation,stochastic",NL_TSTL_FractalDimensions_2_100_02_1_5_10_32_1_5.meanq,946
5346,NL_TSTL_FractalDimensions_2_100_02_1_5_10_32_1_5_linfit_a,"nonlinear,tstool,dimension,correlation,stochastic",NL_TSTL_FractalDimensions_2_100_02_1_5_10_32_1_5.linfit_a,946
5347,NL_TSTL_FractalDimensions_2_100_02_1_5_10_32_1_5_linfit_b,"nonlinear,tstool,dimension,correlation,stochastic",NL_TSTL_FractalDimensions_2_100_02_1_5_10_32_1_5.linfit_b,946
5348,NL_TSTL_FractalDimensions_2_100_02_1_5_10_32_1_5_linfit_rmsqres,"nonlinear,tstool,dimension,correlation,stochastic",NL_TSTL_FractalDimensions_2_100_02_1_5_10_32_1_5.linfit_rmsqres,946
5349,NL_TSTL_FractalDimensions_2_10_n1_1_5_10_32_1_5_rangeDq,"nonlinear,tstool,dimension,correlation",NL_TSTL_FractalDimensions_2_10_n1_1_5_10_32_1_5.rangeDq,947
5350,NL_TSTL_FractalDimensions_2_10_n1_1_5_10_32_1_5_maxDq,"nonlinear,tstool,dimension,correlation",NL_TSTL_FractalDimensions_2_10_n1_1_5_10_32_1_5.maxDq,947
5351,NL_TSTL_FractalDimensions_2_10_n1_1_5_10_32_1_5_meanDq,"nonlinear,tstool,dimension,correlation",NL_TSTL_FractalDimensions_2_10_n1_1_5_10_32_1_5.meanDq,947
5352,NL_TSTL_FractalDimensions_2_10_n1_1_5_10_32_1_5_maxq,"nonlinear,tstool,dimension,correlation",NL_TSTL_FractalDimensions_2_10_n1_1_5_10_32_1_5.maxq,947
5353,NL_TSTL_FractalDimensions_2_10_n1_1_5_10_32_1_5_rangeq,"nonlinear,tstool,dimension,correlation",NL_TSTL_FractalDimensions_2_10_n1_1_5_10_32_1_5.rangeq,947
5354,NL_TSTL_FractalDimensions_2_10_n1_1_5_10_32_1_5_meanq,"nonlinear,tstool,dimension,correlation",NL_TSTL_FractalDimensions_2_10_n1_1_5_10_32_1_5.meanq,947
5355,NL_TSTL_FractalDimensions_2_10_n1_1_5_10_32_1_5_linfit_a,"nonlinear,tstool,dimension,correlation",NL_TSTL_FractalDimensions_2_10_n1_1_5_10_32_1_5.linfit_a,947
5356,NL_TSTL_FractalDimensions_2_10_n1_1_5_10_32_1_5_linfit_b,"nonlinear,tstool,dimension,correlation",NL_TSTL_FractalDimensions_2_10_n1_1_5_10_32_1_5.linfit_b,947
5357,NL_TSTL_FractalDimensions_2_10_n1_1_5_10_32_1_5_linfit_rmsqres,"nonlinear,tstool,dimension,correlation",NL_TSTL_FractalDimensions_2_10_n1_1_5_10_32_1_5.linfit_rmsqres,947
5358,TSTL_localdensity_5_40_ac_fnnmar_minden,"nonlinear,tstool",TSTL_localdensity_5_40_ac_fnnmar.minden,948
5359,TSTL_localdensity_5_40_ac_fnnmar_maxden,"nonlinear,tstool",TSTL_localdensity_5_40_ac_fnnmar.maxden,948
5360,TSTL_localdensity_5_40_ac_fnnmar_iqrden,"nonlinear,tstool",TSTL_localdensity_5_40_ac_fnnmar.iqrden,948
5361,TSTL_localdensity_5_40_ac_fnnmar_rangeden,"nonlinear,tstool",TSTL_localdensity_5_40_ac_fnnmar.rangeden,948
5362,TSTL_localdensity_5_40_ac_fnnmar_stdden,"nonlinear,tstool",TSTL_localdensity_5_40_ac_fnnmar.stdden,948
5363,TSTL_localdensity_5_40_ac_fnnmar_meanden,"nonlinear,tstool",TSTL_localdensity_5_40_ac_fnnmar.meanden,948
5364,TSTL_localdensity_5_40_ac_fnnmar_medianden,"nonlinear,tstool",TSTL_localdensity_5_40_ac_fnnmar.medianden,948
5365,TSTL_localdensity_5_40_ac_fnnmar_ac1den,"nonlinear,tstool",TSTL_localdensity_5_40_ac_fnnmar.ac1den,948
5366,TSTL_localdensity_5_40_ac_fnnmar_ac2den,"nonlinear,tstool",TSTL_localdensity_5_40_ac_fnnmar.ac2den,948
5367,TSTL_localdensity_5_40_ac_fnnmar_ac3den,"nonlinear,tstool",TSTL_localdensity_5_40_ac_fnnmar.ac3den,948
5368,TSTL_localdensity_5_40_ac_fnnmar_ac4den,"nonlinear,tstool",TSTL_localdensity_5_40_ac_fnnmar.ac4den,948
5369,TSTL_localdensity_5_40_ac_fnnmar_ac5den,"nonlinear,tstool",TSTL_localdensity_5_40_ac_fnnmar.ac5den,948
5370,TSTL_localdensity_5_40_ac_fnnmar_tauacden,"nonlinear,tstool",TSTL_localdensity_5_40_ac_fnnmar.tauacden,948
5371,TSTL_localdensity_5_40_ac_fnnmar_taumiden,"nonlinear,tstool",TSTL_localdensity_5_40_ac_fnnmar.taumiden,948
5372,TSTL_localdensity_5_40_ac_2_minden,"nonlinear,tstool",TSTL_localdensity_5_40_ac_2.minden,949
5373,TSTL_localdensity_5_40_ac_2_maxden,"nonlinear,tstool",TSTL_localdensity_5_40_ac_2.maxden,949
5374,TSTL_localdensity_5_40_ac_2_iqrden,"nonlinear,tstool",TSTL_localdensity_5_40_ac_2.iqrden,949
5375,TSTL_localdensity_5_40_ac_2_rangeden,"nonlinear,tstool",TSTL_localdensity_5_40_ac_2.rangeden,949
5376,TSTL_localdensity_5_40_ac_2_stdden,"nonlinear,tstool",TSTL_localdensity_5_40_ac_2.stdden,949
5377,TSTL_localdensity_5_40_ac_2_meanden,"nonlinear,tstool",TSTL_localdensity_5_40_ac_2.meanden,949
5378,TSTL_localdensity_5_40_ac_2_medianden,"nonlinear,tstool",TSTL_localdensity_5_40_ac_2.medianden,949
5379,TSTL_localdensity_5_40_ac_2_ac1den,"nonlinear,tstool",TSTL_localdensity_5_40_ac_2.ac1den,949
5380,TSTL_localdensity_5_40_ac_2_ac2den,"nonlinear,tstool",TSTL_localdensity_5_40_ac_2.ac2den,949
5381,TSTL_localdensity_5_40_ac_2_ac3den,"nonlinear,tstool",TSTL_localdensity_5_40_ac_2.ac3den,949
5382,TSTL_localdensity_5_40_ac_2_ac4den,"nonlinear,tstool",TSTL_localdensity_5_40_ac_2.ac4den,949
5383,TSTL_localdensity_5_40_ac_2_ac5den,"nonlinear,tstool",TSTL_localdensity_5_40_ac_2.ac5den,949
5384,TSTL_localdensity_5_40_ac_2_tauacden,"nonlinear,tstool",TSTL_localdensity_5_40_ac_2.tauacden,949
5385,TSTL_localdensity_5_40_ac_2_taumiden,"nonlinear,tstool",TSTL_localdensity_5_40_ac_2.taumiden,949
5386,TSTL_localdensity_5_40_1_3_minden,"nonlinear,tstool",TSTL_localdensity_5_40_1_3.minden,950
5387,TSTL_localdensity_5_40_1_3_maxden,"nonlinear,tstool",TSTL_localdensity_5_40_1_3.maxden,950
5388,TSTL_localdensity_5_40_1_3_iqrden,"nonlinear,tstool",TSTL_localdensity_5_40_1_3.iqrden,950
5389,TSTL_localdensity_5_40_1_3_rangeden,"nonlinear,tstool",TSTL_localdensity_5_40_1_3.rangeden,950
5390,TSTL_localdensity_5_40_1_3_stdden,"nonlinear,tstool",TSTL_localdensity_5_40_1_3.stdden,950
5391,TSTL_localdensity_5_40_1_3_meanden,"nonlinear,tstool",TSTL_localdensity_5_40_1_3.meanden,950
5392,TSTL_localdensity_5_40_1_3_medianden,"nonlinear,tstool",TSTL_localdensity_5_40_1_3.medianden,950
5393,TSTL_localdensity_5_40_1_3_ac1den,"nonlinear,tstool",TSTL_localdensity_5_40_1_3.ac1den,950
5394,TSTL_localdensity_5_40_1_3_ac2den,"nonlinear,tstool",TSTL_localdensity_5_40_1_3.ac2den,950
5395,TSTL_localdensity_5_40_1_3_ac3den,"nonlinear,tstool",TSTL_localdensity_5_40_1_3.ac3den,950
5396,TSTL_localdensity_5_40_1_3_ac4den,"nonlinear,tstool",TSTL_localdensity_5_40_1_3.ac4den,950
5397,TSTL_localdensity_5_40_1_3_ac5den,"nonlinear,tstool",TSTL_localdensity_5_40_1_3.ac5den,950
5398,TSTL_localdensity_5_40_1_3_tauacden,"nonlinear,tstool",TSTL_localdensity_5_40_1_3.tauacden,950
5399,TSTL_localdensity_5_40_1_3_taumiden,"nonlinear,tstool",TSTL_localdensity_5_40_1_3.taumiden,950
5400,NL_TSTL_PoincareSection_max_mi_pcross,"nonlinear,tstool",NL_TSTL_PoincareSection_max_mi.pcross,951
5401,NL_TSTL_PoincareSection_max_mi_maxx,"nonlinear,tstool",NL_TSTL_PoincareSection_max_mi.maxx,951
5402,NL_TSTL_PoincareSection_max_mi_minx,"nonlinear,tstool",NL_TSTL_PoincareSection_max_mi.minx,951
5403,NL_TSTL_PoincareSection_max_mi_stdx,"nonlinear,tstool",NL_TSTL_PoincareSection_max_mi.stdx,951
5404,NL_TSTL_PoincareSection_max_mi_iqrx,"nonlinear,tstool",NL_TSTL_PoincareSection_max_mi.iqrx,951
5405,NL_TSTL_PoincareSection_max_mi_meanx,"nonlinear,tstool",NL_TSTL_PoincareSection_max_mi.meanx,951
5406,NL_TSTL_PoincareSection_max_mi_ac1x,"nonlinear,tstool",NL_TSTL_PoincareSection_max_mi.ac1x,951
5407,NL_TSTL_PoincareSection_max_mi_ac2x,"nonlinear,tstool",NL_TSTL_PoincareSection_max_mi.ac2x,951
5408,NL_TSTL_PoincareSection_max_mi_tauacx,"nonlinear,tstool",NL_TSTL_PoincareSection_max_mi.tauacx,951
5409,NL_TSTL_PoincareSection_max_mi_maxy,"nonlinear,tstool",NL_TSTL_PoincareSection_max_mi.maxy,951
5410,NL_TSTL_PoincareSection_max_mi_miny,"nonlinear,tstool",NL_TSTL_PoincareSection_max_mi.miny,951
5411,NL_TSTL_PoincareSection_max_mi_stdy,"nonlinear,tstool",NL_TSTL_PoincareSection_max_mi.stdy,951
5412,NL_TSTL_PoincareSection_max_mi_iqry,"nonlinear,tstool",NL_TSTL_PoincareSection_max_mi.iqry,951
5413,NL_TSTL_PoincareSection_max_mi_meany,"nonlinear,tstool",NL_TSTL_PoincareSection_max_mi.meany,951
5414,NL_TSTL_PoincareSection_max_mi_ac1y,"nonlinear,tstool",NL_TSTL_PoincareSection_max_mi.ac1y,951
5415,NL_TSTL_PoincareSection_max_mi_ac2y,"nonlinear,tstool",NL_TSTL_PoincareSection_max_mi.ac2y,951
5416,NL_TSTL_PoincareSection_max_mi_tauacy,"nonlinear,tstool",NL_TSTL_PoincareSection_max_mi.tauacy,951
5417,NL_TSTL_PoincareSection_max_mi_boxarea,"nonlinear,tstool",NL_TSTL_PoincareSection_max_mi.boxarea,951
5418,NL_TSTL_PoincareSection_max_mi_pwithinr01,"nonlinear,tstool",NL_TSTL_PoincareSection_max_mi.pwithinr01,951
5419,NL_TSTL_PoincareSection_max_mi_pwithin02,"nonlinear,tstool",NL_TSTL_PoincareSection_max_mi.pwithin02,951
5420,NL_TSTL_PoincareSection_max_mi_pwithin03,"nonlinear,tstool",NL_TSTL_PoincareSection_max_mi.pwithin03,951
5421,NL_TSTL_PoincareSection_max_mi_pwithin05,"nonlinear,tstool",NL_TSTL_PoincareSection_max_mi.pwithin05,951
5422,NL_TSTL_PoincareSection_max_mi_pwithin1,"nonlinear,tstool",NL_TSTL_PoincareSection_max_mi.pwithin1,951
5423,NL_TSTL_PoincareSection_max_mi_pwithin2,"nonlinear,tstool",NL_TSTL_PoincareSection_max_mi.pwithin2,951
5424,NL_TSTL_PoincareSection_max_mi_meands,"nonlinear,tstool",NL_TSTL_PoincareSection_max_mi.meands,951
5425,NL_TSTL_PoincareSection_max_mi_maxds,"nonlinear,tstool",NL_TSTL_PoincareSection_max_mi.maxds,951
5426,NL_TSTL_PoincareSection_max_mi_minds,"nonlinear,tstool",NL_TSTL_PoincareSection_max_mi.minds,951
5427,NL_TSTL_PoincareSection_max_mi_iqrds,"nonlinear,tstool",NL_TSTL_PoincareSection_max_mi.iqrds,951
5428,NL_TSTL_PoincareSection_max_mi_maxD,"nonlinear,tstool",NL_TSTL_PoincareSection_max_mi.maxD,951
5429,NL_TSTL_PoincareSection_max_mi_minD,"nonlinear,tstool",NL_TSTL_PoincareSection_max_mi.minD,951
5430,NL_TSTL_PoincareSection_max_mi_stdD,"nonlinear,tstool",NL_TSTL_PoincareSection_max_mi.stdD,951
5431,NL_TSTL_PoincareSection_max_mi_iqrD,"nonlinear,tstool",NL_TSTL_PoincareSection_max_mi.iqrD,951
5432,NL_TSTL_PoincareSection_max_mi_meanD,"nonlinear,tstool",NL_TSTL_PoincareSection_max_mi.meanD,951
5433,NL_TSTL_PoincareSection_max_mi_ac1D,"nonlinear,tstool",NL_TSTL_PoincareSection_max_mi.ac1D,951
5434,NL_TSTL_PoincareSection_max_mi_ac2D,"nonlinear,tstool",NL_TSTL_PoincareSection_max_mi.ac2D,951
5435,NL_TSTL_PoincareSection_max_mi_tauacD,"nonlinear,tstool",NL_TSTL_PoincareSection_max_mi.tauacD,951
5436,NL_TSTL_PoincareSection_max_mi_maxpbox10,"nonlinear,tstool",NL_TSTL_PoincareSection_max_mi.maxpbox10,951
5437,NL_TSTL_PoincareSection_max_mi_minpbox10,"nonlinear,tstool",NL_TSTL_PoincareSection_max_mi.minpbox10,951
5438,NL_TSTL_PoincareSection_max_mi_zerospbox10,"nonlinear,tstool",NL_TSTL_PoincareSection_max_mi.zerospbox10,951
5439,NL_TSTL_PoincareSection_max_mi_meanpbox10,"nonlinear,tstool",NL_TSTL_PoincareSection_max_mi.meanpbox10,951
5440,NL_TSTL_PoincareSection_max_mi_hboxcounts10,"nonlinear,tstool",NL_TSTL_PoincareSection_max_mi.hboxcounts10,951
5441,NL_TSTL_PoincareSection_max_mi_tracepbox10,"nonlinear,tstool",NL_TSTL_PoincareSection_max_mi.tracepbox10,951
5442,NL_TSTL_PoincareSection_max_mi_maxpbox5,"nonlinear,tstool",NL_TSTL_PoincareSection_max_mi.maxpbox5,951
5443,NL_TSTL_PoincareSection_max_mi_minpbox5,"nonlinear,tstool",NL_TSTL_PoincareSection_max_mi.minpbox5,951
5444,NL_TSTL_PoincareSection_max_mi_zerospbox5,"nonlinear,tstool",NL_TSTL_PoincareSection_max_mi.zerospbox5,951
5445,NL_TSTL_PoincareSection_max_mi_meanpbox5,"nonlinear,tstool",NL_TSTL_PoincareSection_max_mi.meanpbox5,951
5446,NL_TSTL_PoincareSection_max_mi_hboxcounts5,"nonlinear,tstool",NL_TSTL_PoincareSection_max_mi.hboxcounts5,951
5447,NL_TSTL_PoincareSection_max_mi_tracepbox5,"nonlinear,tstool",NL_TSTL_PoincareSection_max_mi.tracepbox5,951
5448,NL_TSTL_PoincareSection_max_ac_pcross,"nonlinear,tstool",NL_TSTL_PoincareSection_max_ac.pcross,952
5449,NL_TSTL_PoincareSection_max_ac_maxx,"nonlinear,tstool",NL_TSTL_PoincareSection_max_ac.maxx,952
5450,NL_TSTL_PoincareSection_max_ac_minx,"nonlinear,tstool",NL_TSTL_PoincareSection_max_ac.minx,952
5451,NL_TSTL_PoincareSection_max_ac_stdx,"nonlinear,tstool",NL_TSTL_PoincareSection_max_ac.stdx,952
5452,NL_TSTL_PoincareSection_max_ac_iqrx,"nonlinear,tstool",NL_TSTL_PoincareSection_max_ac.iqrx,952
5453,NL_TSTL_PoincareSection_max_ac_meanx,"nonlinear,tstool",NL_TSTL_PoincareSection_max_ac.meanx,952
5454,NL_TSTL_PoincareSection_max_ac_ac1x,"nonlinear,tstool",NL_TSTL_PoincareSection_max_ac.ac1x,952
5455,NL_TSTL_PoincareSection_max_ac_ac2x,"nonlinear,tstool",NL_TSTL_PoincareSection_max_ac.ac2x,952
5456,NL_TSTL_PoincareSection_max_ac_tauacx,"nonlinear,tstool",NL_TSTL_PoincareSection_max_ac.tauacx,952
5457,NL_TSTL_PoincareSection_max_ac_maxy,"nonlinear,tstool",NL_TSTL_PoincareSection_max_ac.maxy,952
5458,NL_TSTL_PoincareSection_max_ac_miny,"nonlinear,tstool",NL_TSTL_PoincareSection_max_ac.miny,952
5459,NL_TSTL_PoincareSection_max_ac_stdy,"nonlinear,tstool",NL_TSTL_PoincareSection_max_ac.stdy,952
5460,NL_TSTL_PoincareSection_max_ac_iqry,"nonlinear,tstool",NL_TSTL_PoincareSection_max_ac.iqry,952
5461,NL_TSTL_PoincareSection_max_ac_meany,"nonlinear,tstool",NL_TSTL_PoincareSection_max_ac.meany,952
5462,NL_TSTL_PoincareSection_max_ac_ac1y,"nonlinear,tstool",NL_TSTL_PoincareSection_max_ac.ac1y,952
5463,NL_TSTL_PoincareSection_max_ac_ac2y,"nonlinear,tstool",NL_TSTL_PoincareSection_max_ac.ac2y,952
5464,NL_TSTL_PoincareSection_max_ac_tauacy,"nonlinear,tstool",NL_TSTL_PoincareSection_max_ac.tauacy,952
5465,NL_TSTL_PoincareSection_max_ac_boxarea,"nonlinear,tstool",NL_TSTL_PoincareSection_max_ac.boxarea,952
5466,NL_TSTL_PoincareSection_max_ac_pwithinr01,"nonlinear,tstool",NL_TSTL_PoincareSection_max_ac.pwithinr01,952
5467,NL_TSTL_PoincareSection_max_ac_pwithin02,"nonlinear,tstool",NL_TSTL_PoincareSection_max_ac.pwithin02,952
5468,NL_TSTL_PoincareSection_max_ac_pwithin03,"nonlinear,tstool",NL_TSTL_PoincareSection_max_ac.pwithin03,952
5469,NL_TSTL_PoincareSection_max_ac_pwithin05,"nonlinear,tstool",NL_TSTL_PoincareSection_max_ac.pwithin05,952
5470,NL_TSTL_PoincareSection_max_ac_pwithin1,"nonlinear,tstool",NL_TSTL_PoincareSection_max_ac.pwithin1,952
5471,NL_TSTL_PoincareSection_max_ac_pwithin2,"nonlinear,tstool",NL_TSTL_PoincareSection_max_ac.pwithin2,952
5472,NL_TSTL_PoincareSection_max_ac_meands,"nonlinear,tstool",NL_TSTL_PoincareSection_max_ac.meands,952
5473,NL_TSTL_PoincareSection_max_ac_maxds,"nonlinear,tstool",NL_TSTL_PoincareSection_max_ac.maxds,952
5474,NL_TSTL_PoincareSection_max_ac_minds,"nonlinear,tstool",NL_TSTL_PoincareSection_max_ac.minds,952
5475,NL_TSTL_PoincareSection_max_ac_iqrds,"nonlinear,tstool",NL_TSTL_PoincareSection_max_ac.iqrds,952
5476,NL_TSTL_PoincareSection_max_ac_maxD,"nonlinear,tstool",NL_TSTL_PoincareSection_max_ac.maxD,952
5477,NL_TSTL_PoincareSection_max_ac_minD,"nonlinear,tstool",NL_TSTL_PoincareSection_max_ac.minD,952
5478,NL_TSTL_PoincareSection_max_ac_stdD,"nonlinear,tstool",NL_TSTL_PoincareSection_max_ac.stdD,952
5479,NL_TSTL_PoincareSection_max_ac_iqrD,"nonlinear,tstool",NL_TSTL_PoincareSection_max_ac.iqrD,952
5480,NL_TSTL_PoincareSection_max_ac_meanD,"nonlinear,tstool",NL_TSTL_PoincareSection_max_ac.meanD,952
5481,NL_TSTL_PoincareSection_max_ac_ac1D,"nonlinear,tstool",NL_TSTL_PoincareSection_max_ac.ac1D,952
5482,NL_TSTL_PoincareSection_max_ac_ac2D,"nonlinear,tstool",NL_TSTL_PoincareSection_max_ac.ac2D,952
5483,NL_TSTL_PoincareSection_max_ac_tauacD,"nonlinear,tstool",NL_TSTL_PoincareSection_max_ac.tauacD,952
5484,NL_TSTL_PoincareSection_max_ac_maxpbox10,"nonlinear,tstool",NL_TSTL_PoincareSection_max_ac.maxpbox10,952
5485,NL_TSTL_PoincareSection_max_ac_minpbox10,"nonlinear,tstool",NL_TSTL_PoincareSection_max_ac.minpbox10,952
5486,NL_TSTL_PoincareSection_max_ac_zerospbox10,"nonlinear,tstool",NL_TSTL_PoincareSection_max_ac.zerospbox10,952
5487,NL_TSTL_PoincareSection_max_ac_meanpbox10,"nonlinear,tstool",NL_TSTL_PoincareSection_max_ac.meanpbox10,952
5488,NL_TSTL_PoincareSection_max_ac_hboxcounts10,"nonlinear,tstool",NL_TSTL_PoincareSection_max_ac.hboxcounts10,952
5489,NL_TSTL_PoincareSection_max_ac_tracepbox10,"nonlinear,tstool",NL_TSTL_PoincareSection_max_ac.tracepbox10,952
5490,NL_TSTL_PoincareSection_max_ac_maxpbox5,"nonlinear,tstool",NL_TSTL_PoincareSection_max_ac.maxpbox5,952
5491,NL_TSTL_PoincareSection_max_ac_minpbox5,"nonlinear,tstool",NL_TSTL_PoincareSection_max_ac.minpbox5,952
5492,NL_TSTL_PoincareSection_max_ac_zerospbox5,"nonlinear,tstool",NL_TSTL_PoincareSection_max_ac.zerospbox5,952
5493,NL_TSTL_PoincareSection_max_ac_meanpbox5,"nonlinear,tstool",NL_TSTL_PoincareSection_max_ac.meanpbox5,952
5494,NL_TSTL_PoincareSection_max_ac_hboxcounts5,"nonlinear,tstool",NL_TSTL_PoincareSection_max_ac.hboxcounts5,952
5495,NL_TSTL_PoincareSection_max_ac_tracepbox5,"nonlinear,tstool",NL_TSTL_PoincareSection_max_ac.tracepbox5,952
5496,NL_TSTL_PoincareSection_max_1_pcross,"nonlinear,tstool",NL_TSTL_PoincareSection_max_1.pcross,953
5497,NL_TSTL_PoincareSection_max_1_maxx,"nonlinear,tstool",NL_TSTL_PoincareSection_max_1.maxx,953
5498,NL_TSTL_PoincareSection_max_1_minx,"nonlinear,tstool",NL_TSTL_PoincareSection_max_1.minx,953
5499,NL_TSTL_PoincareSection_max_1_stdx,"nonlinear,tstool",NL_TSTL_PoincareSection_max_1.stdx,953
5500,NL_TSTL_PoincareSection_max_1_iqrx,"nonlinear,tstool",NL_TSTL_PoincareSection_max_1.iqrx,953
5501,NL_TSTL_PoincareSection_max_1_meanx,"nonlinear,tstool",NL_TSTL_PoincareSection_max_1.meanx,953
5502,NL_TSTL_PoincareSection_max_1_ac1x,"nonlinear,tstool",NL_TSTL_PoincareSection_max_1.ac1x,953
5503,NL_TSTL_PoincareSection_max_1_ac2x,"nonlinear,tstool",NL_TSTL_PoincareSection_max_1.ac2x,953
5504,NL_TSTL_PoincareSection_max_1_tauacx,"nonlinear,tstool",NL_TSTL_PoincareSection_max_1.tauacx,953
5505,NL_TSTL_PoincareSection_max_1_maxy,"nonlinear,tstool",NL_TSTL_PoincareSection_max_1.maxy,953
5506,NL_TSTL_PoincareSection_max_1_miny,"nonlinear,tstool",NL_TSTL_PoincareSection_max_1.miny,953
5507,NL_TSTL_PoincareSection_max_1_stdy,"nonlinear,tstool",NL_TSTL_PoincareSection_max_1.stdy,953
5508,NL_TSTL_PoincareSection_max_1_iqry,"nonlinear,tstool",NL_TSTL_PoincareSection_max_1.iqry,953
5509,NL_TSTL_PoincareSection_max_1_meany,"nonlinear,tstool",NL_TSTL_PoincareSection_max_1.meany,953
5510,NL_TSTL_PoincareSection_max_1_ac1y,"nonlinear,tstool",NL_TSTL_PoincareSection_max_1.ac1y,953
5511,NL_TSTL_PoincareSection_max_1_ac2y,"nonlinear,tstool",NL_TSTL_PoincareSection_max_1.ac2y,953
5512,NL_TSTL_PoincareSection_max_1_tauacy,"nonlinear,tstool",NL_TSTL_PoincareSection_max_1.tauacy,953
5513,NL_TSTL_PoincareSection_max_1_boxarea,"nonlinear,tstool",NL_TSTL_PoincareSection_max_1.boxarea,953
5514,NL_TSTL_PoincareSection_max_1_pwithinr01,"nonlinear,tstool",NL_TSTL_PoincareSection_max_1.pwithinr01,953
5515,NL_TSTL_PoincareSection_max_1_pwithin02,"nonlinear,tstool",NL_TSTL_PoincareSection_max_1.pwithin02,953
5516,NL_TSTL_PoincareSection_max_1_pwithin03,"nonlinear,tstool",NL_TSTL_PoincareSection_max_1.pwithin03,953
5517,NL_TSTL_PoincareSection_max_1_pwithin05,"nonlinear,tstool",NL_TSTL_PoincareSection_max_1.pwithin05,953
5518,NL_TSTL_PoincareSection_max_1_pwithin1,"nonlinear,tstool",NL_TSTL_PoincareSection_max_1.pwithin1,953
5519,NL_TSTL_PoincareSection_max_1_pwithin2,"nonlinear,tstool",NL_TSTL_PoincareSection_max_1.pwithin2,953
5520,NL_TSTL_PoincareSection_max_1_meands,"nonlinear,tstool",NL_TSTL_PoincareSection_max_1.meands,953
5521,NL_TSTL_PoincareSection_max_1_maxds,"nonlinear,tstool",NL_TSTL_PoincareSection_max_1.maxds,953
5522,NL_TSTL_PoincareSection_max_1_minds,"nonlinear,tstool",NL_TSTL_PoincareSection_max_1.minds,953
5523,NL_TSTL_PoincareSection_max_1_iqrds,"nonlinear,tstool",NL_TSTL_PoincareSection_max_1.iqrds,953
5524,NL_TSTL_PoincareSection_max_1_maxD,"nonlinear,tstool",NL_TSTL_PoincareSection_max_1.maxD,953
5525,NL_TSTL_PoincareSection_max_1_minD,"nonlinear,tstool",NL_TSTL_PoincareSection_max_1.minD,953
5526,NL_TSTL_PoincareSection_max_1_stdD,"nonlinear,tstool",NL_TSTL_PoincareSection_max_1.stdD,953
5527,NL_TSTL_PoincareSection_max_1_iqrD,"nonlinear,tstool",NL_TSTL_PoincareSection_max_1.iqrD,953
5528,NL_TSTL_PoincareSection_max_1_meanD,"nonlinear,tstool",NL_TSTL_PoincareSection_max_1.meanD,953
5529,NL_TSTL_PoincareSection_max_1_ac1D,"nonlinear,tstool",NL_TSTL_PoincareSection_max_1.ac1D,953
5530,NL_TSTL_PoincareSection_max_1_ac2D,"nonlinear,tstool",NL_TSTL_PoincareSection_max_1.ac2D,953
5531,NL_TSTL_PoincareSection_max_1_tauacD,"nonlinear,tstool",NL_TSTL_PoincareSection_max_1.tauacD,953
5532,NL_TSTL_PoincareSection_max_1_maxpbox10,"nonlinear,tstool",NL_TSTL_PoincareSection_max_1.maxpbox10,953
5533,NL_TSTL_PoincareSection_max_1_minpbox10,"nonlinear,tstool",NL_TSTL_PoincareSection_max_1.minpbox10,953
5534,NL_TSTL_PoincareSection_max_1_zerospbox10,"nonlinear,tstool",NL_TSTL_PoincareSection_max_1.zerospbox10,953
5535,NL_TSTL_PoincareSection_max_1_meanpbox10,"nonlinear,tstool",NL_TSTL_PoincareSection_max_1.meanpbox10,953
5536,NL_TSTL_PoincareSection_max_1_hboxcounts10,"nonlinear,tstool",NL_TSTL_PoincareSection_max_1.hboxcounts10,953
5537,NL_TSTL_PoincareSection_max_1_tracepbox10,"nonlinear,tstool",NL_TSTL_PoincareSection_max_1.tracepbox10,953
5538,NL_TSTL_PoincareSection_max_1_maxpbox5,"nonlinear,tstool",NL_TSTL_PoincareSection_max_1.maxpbox5,953
5539,NL_TSTL_PoincareSection_max_1_minpbox5,"nonlinear,tstool",NL_TSTL_PoincareSection_max_1.minpbox5,953
5540,NL_TSTL_PoincareSection_max_1_zerospbox5,"nonlinear,tstool",NL_TSTL_PoincareSection_max_1.zerospbox5,953
5541,NL_TSTL_PoincareSection_max_1_meanpbox5,"nonlinear,tstool",NL_TSTL_PoincareSection_max_1.meanpbox5,953
5542,NL_TSTL_PoincareSection_max_1_hboxcounts5,"nonlinear,tstool",NL_TSTL_PoincareSection_max_1.hboxcounts5,953
5543,NL_TSTL_PoincareSection_max_1_tracepbox5,"nonlinear,tstool",NL_TSTL_PoincareSection_max_1.tracepbox5,953
5544,NL_TSTL_LargestLyap_n1_01_001_3_mi_fnnmar_p2,"nonlinear,tstool",NL_TSTL_LargestLyap_n1_01_001_3_mi_fnnmar.p2,954
5545,NL_TSTL_LargestLyap_n1_01_001_3_mi_fnnmar_p3,"nonlinear,tstool",NL_TSTL_LargestLyap_n1_01_001_3_mi_fnnmar.p3,954
5546,NL_TSTL_LargestLyap_n1_01_001_3_mi_fnnmar_p4,"nonlinear,tstool",NL_TSTL_LargestLyap_n1_01_001_3_mi_fnnmar.p4,954
5547,NL_TSTL_LargestLyap_n1_01_001_3_mi_fnnmar_p5,"nonlinear,tstool",NL_TSTL_LargestLyap_n1_01_001_3_mi_fnnmar.p5,954
5548,NL_TSTL_LargestLyap_n1_01_001_3_mi_fnnmar_maxp,"nonlinear,tstool",NL_TSTL_LargestLyap_n1_01_001_3_mi_fnnmar.maxp,954
5549,NL_TSTL_LargestLyap_n1_01_001_3_mi_fnnmar_ncross09max,"nonlinear,tstool",NL_TSTL_LargestLyap_n1_01_001_3_mi_fnnmar.ncross09max,954
5550,NL_TSTL_LargestLyap_n1_01_001_3_mi_fnnmar_ncross08max,"nonlinear,tstool",NL_TSTL_LargestLyap_n1_01_001_3_mi_fnnmar.ncross08max,954
5551,NL_TSTL_LargestLyap_n1_01_001_3_mi_fnnmar_pcross09max,"nonlinear,tstool",NL_TSTL_LargestLyap_n1_01_001_3_mi_fnnmar.pcross09max,954
5552,NL_TSTL_LargestLyap_n1_01_001_3_mi_fnnmar_pcross08max,"nonlinear,tstool",NL_TSTL_LargestLyap_n1_01_001_3_mi_fnnmar.pcross08max,954
5553,NL_TSTL_LargestLyap_n1_01_001_3_mi_fnnmar_to095max,"nonlinear,tstool",NL_TSTL_LargestLyap_n1_01_001_3_mi_fnnmar.to095max,954
5554,NL_TSTL_LargestLyap_n1_01_001_3_mi_fnnmar_to09max,"nonlinear,tstool",NL_TSTL_LargestLyap_n1_01_001_3_mi_fnnmar.to09max,954
5555,NL_TSTL_LargestLyap_n1_01_001_3_mi_fnnmar_to08max,"nonlinear,tstool",NL_TSTL_LargestLyap_n1_01_001_3_mi_fnnmar.to08max,954
5556,NL_TSTL_LargestLyap_n1_01_001_3_mi_fnnmar_to07max,"nonlinear,tstool",NL_TSTL_LargestLyap_n1_01_001_3_mi_fnnmar.to07max,954
5557,NL_TSTL_LargestLyap_n1_01_001_3_mi_fnnmar_to05max,"nonlinear,tstool",NL_TSTL_LargestLyap_n1_01_001_3_mi_fnnmar.to05max,954
5558,NL_TSTL_LargestLyap_n1_01_001_3_mi_fnnmar_vse_meanabsres,"nonlinear,tstool",NL_TSTL_LargestLyap_n1_01_001_3_mi_fnnmar.vse_meanabsres,954
5559,NL_TSTL_LargestLyap_n1_01_001_3_mi_fnnmar_vse_rmsres,"nonlinear,tstool",NL_TSTL_LargestLyap_n1_01_001_3_mi_fnnmar.vse_rmsres,954
5560,NL_TSTL_LargestLyap_n1_01_001_3_mi_fnnmar_vse_gradient,"nonlinear,tstool",NL_TSTL_LargestLyap_n1_01_001_3_mi_fnnmar.vse_gradient,954
5561,NL_TSTL_LargestLyap_n1_01_001_3_mi_fnnmar_vse_intercept,"nonlinear,tstool",NL_TSTL_LargestLyap_n1_01_001_3_mi_fnnmar.vse_intercept,954
5562,NL_TSTL_LargestLyap_n1_01_001_3_mi_fnnmar_vse_minbad,"nonlinear,tstool",NL_TSTL_LargestLyap_n1_01_001_3_mi_fnnmar.vse_minbad,954
5563,NL_TSTL_LargestLyap_n1_01_001_3_mi_fnnmar_ve_meanabsres,"nonlinear,tstool",NL_TSTL_LargestLyap_n1_01_001_3_mi_fnnmar.ve_meanabsres,954
5564,NL_TSTL_LargestLyap_n1_01_001_3_mi_fnnmar_ve_rmsres,"nonlinear,tstool",NL_TSTL_LargestLyap_n1_01_001_3_mi_fnnmar.ve_rmsres,954
5565,NL_TSTL_LargestLyap_n1_01_001_3_mi_fnnmar_ve_gradient,"nonlinear,tstool",NL_TSTL_LargestLyap_n1_01_001_3_mi_fnnmar.ve_gradient,954
5566,NL_TSTL_LargestLyap_n1_01_001_3_mi_fnnmar_ve_intercept,"nonlinear,tstool",NL_TSTL_LargestLyap_n1_01_001_3_mi_fnnmar.ve_intercept,954
5567,NL_TSTL_LargestLyap_n1_01_001_3_mi_fnnmar_ve_minbad,"nonlinear,tstool",NL_TSTL_LargestLyap_n1_01_001_3_mi_fnnmar.ve_minbad,954
5568,NL_TSTL_LargestLyap_n1_01_001_3_mi_fnnmar_expfit_a,"nonlinear,tstool",NL_TSTL_LargestLyap_n1_01_001_3_mi_fnnmar.expfit_a,954
5569,NL_TSTL_LargestLyap_n1_01_001_3_mi_fnnmar_expfit_b,"nonlinear,tstool",NL_TSTL_LargestLyap_n1_01_001_3_mi_fnnmar.expfit_b,954
5570,NL_TSTL_LargestLyap_n1_01_001_3_mi_fnnmar_expfit_r2,"nonlinear,tstool",NL_TSTL_LargestLyap_n1_01_001_3_mi_fnnmar.expfit_r2,954
5571,NL_TSTL_LargestLyap_n1_01_001_3_mi_fnnmar_expfit_rmse,"nonlinear,tstool",NL_TSTL_LargestLyap_n1_01_001_3_mi_fnnmar.expfit_rmse,954
5572,NL_TSTL_LargestLyap_n1_01_001_3_1_4_p2,"nonlinear,tstool",NL_TSTL_LargestLyap_n1_01_001_3_1_4.p2,955
5573,NL_TSTL_LargestLyap_n1_01_001_3_1_4_p3,"nonlinear,tstool",NL_TSTL_LargestLyap_n1_01_001_3_1_4.p3,955
5574,NL_TSTL_LargestLyap_n1_01_001_3_1_4_p4,"nonlinear,tstool",NL_TSTL_LargestLyap_n1_01_001_3_1_4.p4,955
5575,NL_TSTL_LargestLyap_n1_01_001_3_1_4_p5,"nonlinear,tstool",NL_TSTL_LargestLyap_n1_01_001_3_1_4.p5,955
5576,NL_TSTL_LargestLyap_n1_01_001_3_1_4_maxp,"nonlinear,tstool",NL_TSTL_LargestLyap_n1_01_001_3_1_4.maxp,955
5577,NL_TSTL_LargestLyap_n1_01_001_3_1_4_ncross09max,"nonlinear,tstool",NL_TSTL_LargestLyap_n1_01_001_3_1_4.ncross09max,955
5578,NL_TSTL_LargestLyap_n1_01_001_3_1_4_ncross08max,"nonlinear,tstool",NL_TSTL_LargestLyap_n1_01_001_3_1_4.ncross08max,955
5579,NL_TSTL_LargestLyap_n1_01_001_3_1_4_pcross09max,"nonlinear,tstool",NL_TSTL_LargestLyap_n1_01_001_3_1_4.pcross09max,955
5580,NL_TSTL_LargestLyap_n1_01_001_3_1_4_pcross08max,"nonlinear,tstool",NL_TSTL_LargestLyap_n1_01_001_3_1_4.pcross08max,955
5581,NL_TSTL_LargestLyap_n1_01_001_3_1_4_to095max,"nonlinear,tstool",NL_TSTL_LargestLyap_n1_01_001_3_1_4.to095max,955
5582,NL_TSTL_LargestLyap_n1_01_001_3_1_4_to09max,"nonlinear,tstool",NL_TSTL_LargestLyap_n1_01_001_3_1_4.to09max,955
5583,NL_TSTL_LargestLyap_n1_01_001_3_1_4_to08max,"nonlinear,tstool",NL_TSTL_LargestLyap_n1_01_001_3_1_4.to08max,955
5584,NL_TSTL_LargestLyap_n1_01_001_3_1_4_to07max,"nonlinear,tstool",NL_TSTL_LargestLyap_n1_01_001_3_1_4.to07max,955
5585,NL_TSTL_LargestLyap_n1_01_001_3_1_4_to05max,"nonlinear,tstool",NL_TSTL_LargestLyap_n1_01_001_3_1_4.to05max,955
5586,NL_TSTL_LargestLyap_n1_01_001_3_1_4_vse_meanabsres,"nonlinear,tstool",NL_TSTL_LargestLyap_n1_01_001_3_1_4.vse_meanabsres,955
5587,NL_TSTL_LargestLyap_n1_01_001_3_1_4_vse_rmsres,"nonlinear,tstool",NL_TSTL_LargestLyap_n1_01_001_3_1_4.vse_rmsres,955
5588,NL_TSTL_LargestLyap_n1_01_001_3_1_4_vse_gradient,"nonlinear,tstool",NL_TSTL_LargestLyap_n1_01_001_3_1_4.vse_gradient,955
5589,NL_TSTL_LargestLyap_n1_01_001_3_1_4_vse_intercept,"nonlinear,tstool",NL_TSTL_LargestLyap_n1_01_001_3_1_4.vse_intercept,955
5590,NL_TSTL_LargestLyap_n1_01_001_3_1_4_vse_minbad,"nonlinear,tstool",NL_TSTL_LargestLyap_n1_01_001_3_1_4.vse_minbad,955
5591,NL_TSTL_LargestLyap_n1_01_001_3_1_4_ve_meanabsres,"nonlinear,tstool",NL_TSTL_LargestLyap_n1_01_001_3_1_4.ve_meanabsres,955
5592,NL_TSTL_LargestLyap_n1_01_001_3_1_4_ve_rmsres,"nonlinear,tstool",NL_TSTL_LargestLyap_n1_01_001_3_1_4.ve_rmsres,955
5593,NL_TSTL_LargestLyap_n1_01_001_3_1_4_ve_gradient,"nonlinear,tstool",NL_TSTL_LargestLyap_n1_01_001_3_1_4.ve_gradient,955
5594,NL_TSTL_LargestLyap_n1_01_001_3_1_4_ve_intercept,"nonlinear,tstool",NL_TSTL_LargestLyap_n1_01_001_3_1_4.ve_intercept,955
5595,NL_TSTL_LargestLyap_n1_01_001_3_1_4_ve_minbad,"nonlinear,tstool",NL_TSTL_LargestLyap_n1_01_001_3_1_4.ve_minbad,955
5596,NL_TSTL_LargestLyap_n1_01_001_3_1_4_expfit_a,"nonlinear,tstool",NL_TSTL_LargestLyap_n1_01_001_3_1_4.expfit_a,955
5597,NL_TSTL_LargestLyap_n1_01_001_3_1_4_expfit_b,"nonlinear,tstool",NL_TSTL_LargestLyap_n1_01_001_3_1_4.expfit_b,955
5598,NL_TSTL_LargestLyap_n1_01_001_3_1_4_expfit_r2,"nonlinear,tstool",NL_TSTL_LargestLyap_n1_01_001_3_1_4.expfit_r2,955
5599,NL_TSTL_LargestLyap_n1_01_001_3_1_4_expfit_rmse,"nonlinear,tstool",NL_TSTL_LargestLyap_n1_01_001_3_1_4.expfit_rmse,955
5600,NL_TSTL_ReturnTime_10_1_1_n1_ac_8_max,"nonlinear,tstool",NL_TSTL_ReturnTime_10_1_1_n1_ac_8.max,956
5601,NL_TSTL_ReturnTime_10_1_1_n1_ac_8_std,"nonlinear,tstool",NL_TSTL_ReturnTime_10_1_1_n1_ac_8.std,956
5602,NL_TSTL_ReturnTime_10_1_1_n1_ac_8_pzeros,"nonlinear,tstool",NL_TSTL_ReturnTime_10_1_1_n1_ac_8.pzeros,956
5603,NL_TSTL_ReturnTime_10_1_1_n1_ac_8_pg05,"nonlinear,tstool",NL_TSTL_ReturnTime_10_1_1_n1_ac_8.pg05,956
5604,NL_TSTL_ReturnTime_10_1_1_n1_ac_8_iqr,"nonlinear,tstool",NL_TSTL_ReturnTime_10_1_1_n1_ac_8.iqr,956
5605,NL_TSTL_ReturnTime_10_1_1_n1_ac_8_meanpeaksep,"nonlinear,tstool",NL_TSTL_ReturnTime_10_1_1_n1_ac_8.meanpeaksep,956
5606,NL_TSTL_ReturnTime_10_1_1_n1_ac_8_maxpeaksep,"nonlinear,tstool",NL_TSTL_ReturnTime_10_1_1_n1_ac_8.maxpeaksep,956
5607,NL_TSTL_ReturnTime_10_1_1_n1_ac_8_minpeaksep,"nonlinear,tstool",NL_TSTL_ReturnTime_10_1_1_n1_ac_8.minpeaksep,956
5608,NL_TSTL_ReturnTime_10_1_1_n1_ac_8_rangepeaksep,"nonlinear,tstool",NL_TSTL_ReturnTime_10_1_1_n1_ac_8.rangepeaksep,956
5609,NL_TSTL_ReturnTime_10_1_1_n1_ac_8_stdpeaksep,"nonlinear,tstool",NL_TSTL_ReturnTime_10_1_1_n1_ac_8.stdpeaksep,956
5610,NL_TSTL_ReturnTime_10_1_1_n1_ac_8_statrtys,"nonlinear,tstool",NL_TSTL_ReturnTime_10_1_1_n1_ac_8.statrtys,956
5611,NL_TSTL_ReturnTime_10_1_1_n1_ac_8_statrtym,"nonlinear,tstool",NL_TSTL_ReturnTime_10_1_1_n1_ac_8.statrtym,956
5612,NL_TSTL_ReturnTime_10_1_1_n1_ac_8_hhist,"nonlinear,tstool",NL_TSTL_ReturnTime_10_1_1_n1_ac_8.hhist,956
5613,NL_TSTL_ReturnTime_10_1_1_n1_ac_8_hcgdist,"nonlinear,tstool",NL_TSTL_ReturnTime_10_1_1_n1_ac_8.hcgdist,956
5614,NL_TSTL_ReturnTime_10_1_1_n1_ac_8_rangecgdist,"nonlinear,tstool",NL_TSTL_ReturnTime_10_1_1_n1_ac_8.rangecgdist,956
5615,NL_TSTL_ReturnTime_10_1_1_n1_ac_8_pzeroscgdist,"nonlinear,tstool",NL_TSTL_ReturnTime_10_1_1_n1_ac_8.pzeroscgdist,956
5616,NL_TSTL_ReturnTime_10_1_1_n1_ac_8_phisthistmin,"nonlinear,tstool",NL_TSTL_ReturnTime_10_1_1_n1_ac_8.phisthistmin,956
5617,NL_TSTL_ReturnTime_10_1_1_n1_ac_8_hhisthist,"nonlinear,tstool",NL_TSTL_ReturnTime_10_1_1_n1_ac_8.hhisthist,956
5618,NL_TSTL_ReturnTime_5_1_40_n1_1_8_max,"nonlinear,tstool",NL_TSTL_ReturnTime_5_1_40_n1_1_8.max,957
5619,NL_TSTL_ReturnTime_5_1_40_n1_1_8_std,"nonlinear,tstool",NL_TSTL_ReturnTime_5_1_40_n1_1_8.std,957
5620,NL_TSTL_ReturnTime_5_1_40_n1_1_8_pzeros,"nonlinear,tstool",NL_TSTL_ReturnTime_5_1_40_n1_1_8.pzeros,957
5621,NL_TSTL_ReturnTime_5_1_40_n1_1_8_pg05,"nonlinear,tstool",NL_TSTL_ReturnTime_5_1_40_n1_1_8.pg05,957
5622,NL_TSTL_ReturnTime_5_1_40_n1_1_8_iqr,"nonlinear,tstool",NL_TSTL_ReturnTime_5_1_40_n1_1_8.iqr,957
5623,NL_TSTL_ReturnTime_5_1_40_n1_1_8_meanpeaksep,"nonlinear,tstool",NL_TSTL_ReturnTime_5_1_40_n1_1_8.meanpeaksep,957
5624,NL_TSTL_ReturnTime_5_1_40_n1_1_8_maxpeaksep,"nonlinear,tstool",NL_TSTL_ReturnTime_5_1_40_n1_1_8.maxpeaksep,957
5625,NL_TSTL_ReturnTime_5_1_40_n1_1_8_minpeaksep,"nonlinear,tstool",NL_TSTL_ReturnTime_5_1_40_n1_1_8.minpeaksep,957
5626,NL_TSTL_ReturnTime_5_1_40_n1_1_8_rangepeaksep,"nonlinear,tstool",NL_TSTL_ReturnTime_5_1_40_n1_1_8.rangepeaksep,957
5627,NL_TSTL_ReturnTime_5_1_40_n1_1_8_stdpeaksep,"nonlinear,tstool",NL_TSTL_ReturnTime_5_1_40_n1_1_8.stdpeaksep,957
5628,NL_TSTL_ReturnTime_5_1_40_n1_1_8_statrtys,"nonlinear,tstool",NL_TSTL_ReturnTime_5_1_40_n1_1_8.statrtys,957
5629,NL_TSTL_ReturnTime_5_1_40_n1_1_8_statrtym,"nonlinear,tstool",NL_TSTL_ReturnTime_5_1_40_n1_1_8.statrtym,957
5630,NL_TSTL_ReturnTime_5_1_40_n1_1_8_hhist,"nonlinear,tstool",NL_TSTL_ReturnTime_5_1_40_n1_1_8.hhist,957
5631,NL_TSTL_ReturnTime_5_1_40_n1_1_8_hcgdist,"nonlinear,tstool",NL_TSTL_ReturnTime_5_1_40_n1_1_8.hcgdist,957
5632,NL_TSTL_ReturnTime_5_1_40_n1_1_8_rangecgdist,"nonlinear,tstool",NL_TSTL_ReturnTime_5_1_40_n1_1_8.rangecgdist,957
5633,NL_TSTL_ReturnTime_5_1_40_n1_1_8_pzeroscgdist,"nonlinear,tstool",NL_TSTL_ReturnTime_5_1_40_n1_1_8.pzeroscgdist,957
5634,NL_TSTL_ReturnTime_5_1_40_n1_1_8_phisthistmin,"nonlinear,tstool",NL_TSTL_ReturnTime_5_1_40_n1_1_8.phisthistmin,957
5635,NL_TSTL_ReturnTime_5_1_40_n1_1_8_hhisthist,"nonlinear,tstool",NL_TSTL_ReturnTime_5_1_40_n1_1_8.hhisthist,957
5636,NL_TSTL_ReturnTime_005_1_005_n1_1_3_max,"nonlinear,tstool",NL_TSTL_ReturnTime_005_1_005_n1_1_3.max,958
5637,NL_TSTL_ReturnTime_005_1_005_n1_1_3_std,"nonlinear,tstool",NL_TSTL_ReturnTime_005_1_005_n1_1_3.std,958
5638,NL_TSTL_ReturnTime_005_1_005_n1_1_3_pzeros,"nonlinear,tstool",NL_TSTL_ReturnTime_005_1_005_n1_1_3.pzeros,958
5639,NL_TSTL_ReturnTime_005_1_005_n1_1_3_pg05,"nonlinear,tstool",NL_TSTL_ReturnTime_005_1_005_n1_1_3.pg05,958
5640,NL_TSTL_ReturnTime_005_1_005_n1_1_3_iqr,"nonlinear,tstool",NL_TSTL_ReturnTime_005_1_005_n1_1_3.iqr,958
5641,NL_TSTL_ReturnTime_005_1_005_n1_1_3_meanpeaksep,"nonlinear,tstool",NL_TSTL_ReturnTime_005_1_005_n1_1_3.meanpeaksep,958
5642,NL_TSTL_ReturnTime_005_1_005_n1_1_3_maxpeaksep,"nonlinear,tstool",NL_TSTL_ReturnTime_005_1_005_n1_1_3.maxpeaksep,958
5643,NL_TSTL_ReturnTime_005_1_005_n1_1_3_minpeaksep,"nonlinear,tstool",NL_TSTL_ReturnTime_005_1_005_n1_1_3.minpeaksep,958
5644,NL_TSTL_ReturnTime_005_1_005_n1_1_3_rangepeaksep,"nonlinear,tstool",NL_TSTL_ReturnTime_005_1_005_n1_1_3.rangepeaksep,958
5645,NL_TSTL_ReturnTime_005_1_005_n1_1_3_stdpeaksep,"nonlinear,tstool",NL_TSTL_ReturnTime_005_1_005_n1_1_3.stdpeaksep,958
5646,NL_TSTL_ReturnTime_005_1_005_n1_1_3_statrtys,"nonlinear,tstool",NL_TSTL_ReturnTime_005_1_005_n1_1_3.statrtys,958
5647,NL_TSTL_ReturnTime_005_1_005_n1_1_3_statrtym,"nonlinear,tstool",NL_TSTL_ReturnTime_005_1_005_n1_1_3.statrtym,958
5648,NL_TSTL_ReturnTime_005_1_005_n1_1_3_hhist,"nonlinear,tstool",NL_TSTL_ReturnTime_005_1_005_n1_1_3.hhist,958
5649,NL_TSTL_ReturnTime_005_1_005_n1_1_3_hcgdist,"nonlinear,tstool",NL_TSTL_ReturnTime_005_1_005_n1_1_3.hcgdist,958
5650,NL_TSTL_ReturnTime_005_1_005_n1_1_3_rangecgdist,"nonlinear,tstool",NL_TSTL_ReturnTime_005_1_005_n1_1_3.rangecgdist,958
5651,NL_TSTL_ReturnTime_005_1_005_n1_1_3_pzeroscgdist,"nonlinear,tstool",NL_TSTL_ReturnTime_005_1_005_n1_1_3.pzeroscgdist,958
5652,NL_TSTL_ReturnTime_005_1_005_n1_1_3_phisthistmin,"nonlinear,tstool",NL_TSTL_ReturnTime_005_1_005_n1_1_3.phisthistmin,958
5653,NL_TSTL_ReturnTime_005_1_005_n1_1_3_hhisthist,"nonlinear,tstool",NL_TSTL_ReturnTime_005_1_005_n1_1_3.hhisthist,958
5654,SD_TSTL_surrogates_1_100_1_tc3_normpatponmax,"nonlinear,tstool,correlation,surrogate",SD_TSTL_surrogates_1_100_1_tc3.normpatponmax,959
5655,SD_TSTL_surrogates_1_100_1_tc3_iqrsfrommedian,"nonlinear,tstool,correlation,surrogate",SD_TSTL_surrogates_1_100_1_tc3.iqrsfrommedian,959
5656,SD_TSTL_surrogates_1_100_1_tc3_stdsurr,"nonlinear,tstool,correlation,surrogate",SD_TSTL_surrogates_1_100_1_tc3.stdsurr,959
5657,SD_TSTL_surrogates_1_100_1_tc3_meansurr,"nonlinear,tstool,correlation,surrogate",SD_TSTL_surrogates_1_100_1_tc3.meansurr,959
5658,SD_TSTL_surrogates_1_100_1_tc3_kspminfromext,"nonlinear,tstool,correlation,surrogate",SD_TSTL_surrogates_1_100_1_tc3.kspminfromext,959
5659,SD_TSTL_surrogates_1_100_1_tc3_ksphereonmax,"nonlinear,tstool,correlation,surrogate",SD_TSTL_surrogates_1_100_1_tc3.ksphereonmax,959
5660,SD_TSTL_surrogates_1_100_1_tc3_ksiqrsfrommode,"nonlinear,tstool,correlation,surrogate",SD_TSTL_surrogates_1_100_1_tc3.ksiqrsfrommode,959
5661,SD_TSTL_surrogates_mi_100_1_tc3_normpatponmax,"nonlinear,tstool,correlation,surrogate",SD_TSTL_surrogates_mi_100_1_tc3.normpatponmax,960
5662,SD_TSTL_surrogates_mi_100_1_tc3_iqrsfrommedian,"nonlinear,tstool,correlation,surrogate",SD_TSTL_surrogates_mi_100_1_tc3.iqrsfrommedian,960
5663,SD_TSTL_surrogates_mi_100_1_tc3_stdsurr,"nonlinear,tstool,correlation,surrogate",SD_TSTL_surrogates_mi_100_1_tc3.stdsurr,960
5664,SD_TSTL_surrogates_mi_100_1_tc3_meansurr,"nonlinear,tstool,correlation,surrogate",SD_TSTL_surrogates_mi_100_1_tc3.meansurr,960
5665,SD_TSTL_surrogates_mi_100_1_tc3_kspminfromext,"nonlinear,tstool,correlation,surrogate",SD_TSTL_surrogates_mi_100_1_tc3.kspminfromext,960
5666,SD_TSTL_surrogates_mi_100_1_tc3_ksphereonmax,"nonlinear,tstool,correlation,surrogate",SD_TSTL_surrogates_mi_100_1_tc3.ksphereonmax,960
5667,SD_TSTL_surrogates_mi_100_1_tc3_ksiqrsfrommode,"nonlinear,tstool,correlation,surrogate",SD_TSTL_surrogates_mi_100_1_tc3.ksiqrsfrommode,960
5668,SD_TSTL_surrogates_1_100_2_tc3_normpatponmax,"nonlinear,tstool,correlation,surrogate",SD_TSTL_surrogates_1_100_2_tc3.normpatponmax,961
5669,SD_TSTL_surrogates_1_100_2_tc3_iqrsfrommedian,"nonlinear,tstool,correlation,surrogate",SD_TSTL_surrogates_1_100_2_tc3.iqrsfrommedian,961
5670,SD_TSTL_surrogates_1_100_2_tc3_stdsurr,"nonlinear,tstool,correlation,surrogate",SD_TSTL_surrogates_1_100_2_tc3.stdsurr,961
5671,SD_TSTL_surrogates_1_100_2_tc3_meansurr,"nonlinear,tstool,correlation,surrogate",SD_TSTL_surrogates_1_100_2_tc3.meansurr,961
5672,SD_TSTL_surrogates_1_100_2_tc3_kspminfromext,"nonlinear,tstool,correlation,surrogate",SD_TSTL_surrogates_1_100_2_tc3.kspminfromext,961
5673,SD_TSTL_surrogates_1_100_2_tc3_ksphereonmax,"nonlinear,tstool,correlation,surrogate",SD_TSTL_surrogates_1_100_2_tc3.ksphereonmax,961
5674,SD_TSTL_surrogates_1_100_2_tc3_ksiqrsfrommode,"nonlinear,tstool,correlation,surrogate",SD_TSTL_surrogates_1_100_2_tc3.ksiqrsfrommode,961
5675,SD_TSTL_surrogates_mi_100_2_tc3_normpatponmax,"nonlinear,tstool,correlation,surrogate",SD_TSTL_surrogates_mi_100_2_tc3.normpatponmax,962
5676,SD_TSTL_surrogates_mi_100_2_tc3_iqrsfrommedian,"nonlinear,tstool,correlation,surrogate",SD_TSTL_surrogates_mi_100_2_tc3.iqrsfrommedian,962
5677,SD_TSTL_surrogates_mi_100_2_tc3_stdsurr,"nonlinear,tstool,correlation,surrogate",SD_TSTL_surrogates_mi_100_2_tc3.stdsurr,962
5678,SD_TSTL_surrogates_mi_100_2_tc3_meansurr,"nonlinear,tstool,correlation,surrogate",SD_TSTL_surrogates_mi_100_2_tc3.meansurr,962
5679,SD_TSTL_surrogates_mi_100_2_tc3_kspminfromext,"nonlinear,tstool,correlation,surrogate",SD_TSTL_surrogates_mi_100_2_tc3.kspminfromext,962
5680,SD_TSTL_surrogates_mi_100_2_tc3_ksphereonmax,"nonlinear,tstool,correlation,surrogate",SD_TSTL_surrogates_mi_100_2_tc3.ksphereonmax,962
5681,SD_TSTL_surrogates_mi_100_2_tc3_ksiqrsfrommode,"nonlinear,tstool,correlation,surrogate",SD_TSTL_surrogates_mi_100_2_tc3.ksiqrsfrommode,962
5682,SD_TSTL_surrogates_1_100_3_tc3_normpatponmax,"nonlinear,tstool,correlation,surrogate",SD_TSTL_surrogates_1_100_3_tc3.normpatponmax,963
5683,SD_TSTL_surrogates_1_100_3_tc3_iqrsfrommedian,"nonlinear,tstool,correlation,surrogate",SD_TSTL_surrogates_1_100_3_tc3.iqrsfrommedian,963
5684,SD_TSTL_surrogates_1_100_3_tc3_stdsurr,"nonlinear,tstool,correlation,surrogate",SD_TSTL_surrogates_1_100_3_tc3.stdsurr,963
5685,SD_TSTL_surrogates_1_100_3_tc3_meansurr,"nonlinear,tstool,correlation,surrogate",SD_TSTL_surrogates_1_100_3_tc3.meansurr,963
5686,SD_TSTL_surrogates_1_100_3_tc3_kspminfromext,"nonlinear,tstool,correlation,surrogate",SD_TSTL_surrogates_1_100_3_tc3.kspminfromext,963
5687,SD_TSTL_surrogates_1_100_3_tc3_ksphereonmax,"nonlinear,tstool,correlation,surrogate",SD_TSTL_surrogates_1_100_3_tc3.ksphereonmax,963
5688,SD_TSTL_surrogates_1_100_3_tc3_ksiqrsfrommode,"nonlinear,tstool,correlation,surrogate",SD_TSTL_surrogates_1_100_3_tc3.ksiqrsfrommode,963
5689,SD_TSTL_surrogates_mi_100_3_tc3_normpatponmax,"nonlinear,tstool,correlation,surrogate",SD_TSTL_surrogates_mi_100_3_tc3.normpatponmax,964
5690,SD_TSTL_surrogates_mi_100_3_tc3_iqrsfrommedian,"nonlinear,tstool,correlation,surrogate",SD_TSTL_surrogates_mi_100_3_tc3.iqrsfrommedian,964
5691,SD_TSTL_surrogates_mi_100_3_tc3_stdsurr,"nonlinear,tstool,correlation,surrogate",SD_TSTL_surrogates_mi_100_3_tc3.stdsurr,964
5692,SD_TSTL_surrogates_mi_100_3_tc3_meansurr,"nonlinear,tstool,correlation,surrogate",SD_TSTL_surrogates_mi_100_3_tc3.meansurr,964
5693,SD_TSTL_surrogates_mi_100_3_tc3_kspminfromext,"nonlinear,tstool,correlation,surrogate",SD_TSTL_surrogates_mi_100_3_tc3.kspminfromext,964
5694,SD_TSTL_surrogates_mi_100_3_tc3_ksphereonmax,"nonlinear,tstool,correlation,surrogate",SD_TSTL_surrogates_mi_100_3_tc3.ksphereonmax,964
5695,SD_TSTL_surrogates_mi_100_3_tc3_ksiqrsfrommode,"nonlinear,tstool,correlation,surrogate",SD_TSTL_surrogates_mi_100_3_tc3.ksiqrsfrommode,964
5696,SD_TSTL_surrogates_1_100_1_trev_normpatponmax,"nonlinear,tstool,correlation,surrogate",SD_TSTL_surrogates_1_100_1_trev.normpatponmax,965
5697,SD_TSTL_surrogates_1_100_1_trev_iqrsfrommedian,"nonlinear,tstool,correlation,surrogate",SD_TSTL_surrogates_1_100_1_trev.iqrsfrommedian,965
5698,SD_TSTL_surrogates_1_100_1_trev_stdsurr,"nonlinear,tstool,correlation,surrogate",SD_TSTL_surrogates_1_100_1_trev.stdsurr,965
5699,SD_TSTL_surrogates_1_100_1_trev_meansurr,"nonlinear,tstool,correlation,surrogate",SD_TSTL_surrogates_1_100_1_trev.meansurr,965
5700,SD_TSTL_surrogates_1_100_1_trev_kspminfromext,"nonlinear,tstool,correlation,surrogate",SD_TSTL_surrogates_1_100_1_trev.kspminfromext,965
5701,SD_TSTL_surrogates_1_100_1_trev_ksphereonmax,"nonlinear,tstool,correlation,surrogate",SD_TSTL_surrogates_1_100_1_trev.ksphereonmax,965
5702,SD_TSTL_surrogates_1_100_1_trev_ksiqrsfrommode,"nonlinear,tstool,correlation,surrogate",SD_TSTL_surrogates_1_100_1_trev.ksiqrsfrommode,965
5703,SD_TSTL_surrogates_mi_100_1_trev_normpatponmax,"nonlinear,tstool,correlation,surrogate",SD_TSTL_surrogates_mi_100_1_trev.normpatponmax,966
5704,SD_TSTL_surrogates_mi_100_1_trev_iqrsfrommedian,"nonlinear,tstool,correlation,surrogate",SD_TSTL_surrogates_mi_100_1_trev.iqrsfrommedian,966
5705,SD_TSTL_surrogates_mi_100_1_trev_stdsurr,"nonlinear,tstool,correlation,surrogate",SD_TSTL_surrogates_mi_100_1_trev.stdsurr,966
5706,SD_TSTL_surrogates_mi_100_1_trev_meansurr,"nonlinear,tstool,correlation,surrogate",SD_TSTL_surrogates_mi_100_1_trev.meansurr,966
5707,SD_TSTL_surrogates_mi_100_1_trev_kspminfromext,"nonlinear,tstool,correlation,surrogate",SD_TSTL_surrogates_mi_100_1_trev.kspminfromext,966
5708,SD_TSTL_surrogates_mi_100_1_trev_ksphereonmax,"nonlinear,tstool,correlation,surrogate",SD_TSTL_surrogates_mi_100_1_trev.ksphereonmax,966
5709,SD_TSTL_surrogates_mi_100_1_trev_ksiqrsfrommode,"nonlinear,tstool,correlation,surrogate",SD_TSTL_surrogates_mi_100_1_trev.ksiqrsfrommode,966
5710,SD_TSTL_surrogates_1_100_2_trev_normpatponmax,"nonlinear,tstool,correlation,surrogate",SD_TSTL_surrogates_1_100_2_trev.normpatponmax,967
5711,SD_TSTL_surrogates_1_100_2_trev_iqrsfrommedian,"nonlinear,tstool,correlation,surrogate",SD_TSTL_surrogates_1_100_2_trev.iqrsfrommedian,967
5712,SD_TSTL_surrogates_1_100_2_trev_stdsurr,"nonlinear,tstool,correlation,surrogate",SD_TSTL_surrogates_1_100_2_trev.stdsurr,967
5713,SD_TSTL_surrogates_1_100_2_trev_meansurr,"nonlinear,tstool,correlation,surrogate",SD_TSTL_surrogates_1_100_2_trev.meansurr,967
5714,SD_TSTL_surrogates_1_100_2_trev_kspminfromext,"nonlinear,tstool,correlation,surrogate",SD_TSTL_surrogates_1_100_2_trev.kspminfromext,967
5715,SD_TSTL_surrogates_1_100_2_trev_ksphereonmax,"nonlinear,tstool,correlation,surrogate",SD_TSTL_surrogates_1_100_2_trev.ksphereonmax,967
5716,SD_TSTL_surrogates_1_100_2_trev_ksiqrsfrommode,"nonlinear,tstool,correlation,surrogate",SD_TSTL_surrogates_1_100_2_trev.ksiqrsfrommode,967
5717,SD_TSTL_surrogates_mi_100_2_trev_normpatponmax,"nonlinear,tstool,correlation,surrogate",SD_TSTL_surrogates_mi_100_2_trev.normpatponmax,968
5718,SD_TSTL_surrogates_mi_100_2_trev_iqrsfrommedian,"nonlinear,tstool,correlation,surrogate",SD_TSTL_surrogates_mi_100_2_trev.iqrsfrommedian,968
5719,SD_TSTL_surrogates_mi_100_2_trev_stdsurr,"nonlinear,tstool,correlation,surrogate",SD_TSTL_surrogates_mi_100_2_trev.stdsurr,968
5720,SD_TSTL_surrogates_mi_100_2_trev_meansurr,"nonlinear,tstool,correlation,surrogate",SD_TSTL_surrogates_mi_100_2_trev.meansurr,968
5721,SD_TSTL_surrogates_mi_100_2_trev_kspminfromext,"nonlinear,tstool,correlation,surrogate",SD_TSTL_surrogates_mi_100_2_trev.kspminfromext,968
5722,SD_TSTL_surrogates_mi_100_2_trev_ksphereonmax,"nonlinear,tstool,correlation,surrogate",SD_TSTL_surrogates_mi_100_2_trev.ksphereonmax,968
5723,SD_TSTL_surrogates_mi_100_2_trev_ksiqrsfrommode,"nonlinear,tstool,correlation,surrogate",SD_TSTL_surrogates_mi_100_2_trev.ksiqrsfrommode,968
5724,SD_TSTL_surrogates_1_100_3_trev_normpatponmax,"nonlinear,tstool,correlation,surrogate",SD_TSTL_surrogates_1_100_3_trev.normpatponmax,969
5725,SD_TSTL_surrogates_1_100_3_trev_iqrsfrommedian,"nonlinear,tstool,correlation,surrogate",SD_TSTL_surrogates_1_100_3_trev.iqrsfrommedian,969
5726,SD_TSTL_surrogates_1_100_3_trev_stdsurr,"nonlinear,tstool,correlation,surrogate",SD_TSTL_surrogates_1_100_3_trev.stdsurr,969
5727,SD_TSTL_surrogates_1_100_3_trev_meansurr,"nonlinear,tstool,correlation,surrogate",SD_TSTL_surrogates_1_100_3_trev.meansurr,969
5728,SD_TSTL_surrogates_1_100_3_trev_kspminfromext,"nonlinear,tstool,correlation,surrogate",SD_TSTL_surrogates_1_100_3_trev.kspminfromext,969
5729,SD_TSTL_surrogates_1_100_3_trev_ksphereonmax,"nonlinear,tstool,correlation,surrogate",SD_TSTL_surrogates_1_100_3_trev.ksphereonmax,969
5730,SD_TSTL_surrogates_1_100_3_trev_ksiqrsfrommode,"nonlinear,tstool,correlation,surrogate",SD_TSTL_surrogates_1_100_3_trev.ksiqrsfrommode,969
5731,SD_TSTL_surrogates_mi_100_3_trev_normpatponmax,"nonlinear,tstool,correlation,surrogate",SD_TSTL_surrogates_mi_100_3_trev.normpatponmax,970
5732,SD_TSTL_surrogates_mi_100_3_trev_iqrsfrommedian,"nonlinear,tstool,correlation,surrogate",SD_TSTL_surrogates_mi_100_3_trev.iqrsfrommedian,970
5733,SD_TSTL_surrogates_mi_100_3_trev_stdsurr,"nonlinear,tstool,correlation,surrogate",SD_TSTL_surrogates_mi_100_3_trev.stdsurr,970
5734,SD_TSTL_surrogates_mi_100_3_trev_meansurr,"nonlinear,tstool,correlation,surrogate",SD_TSTL_surrogates_mi_100_3_trev.meansurr,970
5735,SD_TSTL_surrogates_mi_100_3_trev_kspminfromext,"nonlinear,tstool,correlation,surrogate",SD_TSTL_surrogates_mi_100_3_trev.kspminfromext,970
5736,SD_TSTL_surrogates_mi_100_3_trev_ksphereonmax,"nonlinear,tstool,correlation,surrogate",SD_TSTL_surrogates_mi_100_3_trev.ksphereonmax,970
5737,SD_TSTL_surrogates_mi_100_3_trev_ksiqrsfrommode,"nonlinear,tstool,correlation,surrogate",SD_TSTL_surrogates_mi_100_3_trev.ksiqrsfrommode,970
5738,PP_Compare_poly1_statav2,"preprocessing,raw,stationarity",PP_Compare_poly1.statav2,971
5739,PP_Compare_poly1_statav4,"preprocessing,raw,stationarity",PP_Compare_poly1.statav4,971
5740,PP_Compare_poly1_statav6,"preprocessing,raw,stationarity",PP_Compare_poly1.statav6,971
5741,PP_Compare_poly1_statav8,"preprocessing,raw,stationarity",PP_Compare_poly1.statav8,971
5742,PP_Compare_poly1_statav10,"preprocessing,raw,stationarity",PP_Compare_poly1.statav10,971
5743,PP_Compare_poly1_swms2_2,"preprocessing,raw,stationarity",PP_Compare_poly1.swms2_2,971
5744,PP_Compare_poly1_swms5_1,"preprocessing,raw,stationarity",PP_Compare_poly1.swms5_1,971
5745,PP_Compare_poly1_swms5_2,"preprocessing,raw,stationarity",PP_Compare_poly1.swms5_2,971
5746,PP_Compare_poly1_swms10_1,"preprocessing,raw,stationarity",PP_Compare_poly1.swms10_1,971
5747,PP_Compare_poly1_swss2_1,"preprocessing,raw,stationarity",PP_Compare_poly1.swss2_1,971
5748,PP_Compare_poly1_swss2_2,"preprocessing,raw,stationarity",PP_Compare_poly1.swss2_2,971
5749,PP_Compare_poly1_swss5_1,"preprocessing,raw,stationarity",PP_Compare_poly1.swss5_1,971
5750,PP_Compare_poly1_swss5_2,"preprocessing,raw,stationarity",PP_Compare_poly1.swss5_2,971
5751,PP_Compare_poly1_swss10_1,"preprocessing,raw,stationarity",PP_Compare_poly1.swss10_1,971
5752,PP_Compare_poly1_swss10_2,"preprocessing,raw,stationarity",PP_Compare_poly1.swss10_2,971
5753,PP_Compare_poly1_gauss1_kd_r2,"preprocessing,raw",PP_Compare_poly1.gauss1_kd_r2,971
5754,PP_Compare_poly1_gauss1_kd_rmse,"preprocessing,raw",PP_Compare_poly1.gauss1_kd_rmse,971
5755,PP_Compare_poly1_gauss1_kd_resAC1,"preprocessing,raw",PP_Compare_poly1.gauss1_kd_resAC1,971
5756,PP_Compare_poly1_gauss1_kd_resAC2,"preprocessing,raw",PP_Compare_poly1.gauss1_kd_resAC2,971
5757,PP_Compare_poly1_gauss1_kd_resruns,"preprocessing,raw",PP_Compare_poly1.gauss1_kd_resruns,971
5758,PP_Compare_poly1_kscn_adiff,"preprocessing,raw",PP_Compare_poly1.kscn_adiff,971
5759,PP_Compare_poly1_kscn_peaksepy,"preprocessing,raw",PP_Compare_poly1.kscn_peaksepy,971
5760,PP_Compare_poly1_kscn_peaksepx,"preprocessing,raw",PP_Compare_poly1.kscn_peaksepx,971
5761,PP_Compare_poly1_kscn_olapint,"preprocessing,raw",PP_Compare_poly1.kscn_olapint,971
5762,PP_Compare_poly1_kscn_relent,"preprocessing,raw",PP_Compare_poly1.kscn_relent,971
5763,PP_Compare_poly1_htdt_chi2n,"preprocessing,raw",PP_Compare_poly1.htdt_chi2n,971
5764,PP_Compare_poly1_htdt_ksn,"preprocessing,raw",PP_Compare_poly1.htdt_ksn,971
5765,PP_Compare_poly1_olbt_m2,"preprocessing,raw",PP_Compare_poly1.olbt_m2,971
5766,PP_Compare_poly1_olbt_m5,"preprocessing,raw",PP_Compare_poly1.olbt_m5,971
5767,PP_Compare_poly1_olbt_s2,"preprocessing,raw",PP_Compare_poly1.olbt_s2,971
5768,PP_Compare_poly1_olbt_s5,"preprocessing,raw",PP_Compare_poly1.olbt_s5,971
5769,PP_Compare_poly2_statav2,"preprocessing,raw,stationarity",PP_Compare_poly2.statav2,972
5770,PP_Compare_poly2_statav4,"preprocessing,raw,stationarity",PP_Compare_poly2.statav4,972
5771,PP_Compare_poly2_statav6,"preprocessing,raw,stationarity",PP_Compare_poly2.statav6,972
5772,PP_Compare_poly2_statav8,"preprocessing,raw,stationarity",PP_Compare_poly2.statav8,972
5773,PP_Compare_poly2_statav10,"preprocessing,raw,stationarity",PP_Compare_poly2.statav10,972
5774,PP_Compare_poly2_swms2_2,"preprocessing,raw,stationarity",PP_Compare_poly2.swms2_2,972
5775,PP_Compare_poly2_swms5_1,"preprocessing,raw,stationarity",PP_Compare_poly2.swms5_1,972
5776,PP_Compare_poly2_swms5_2,"preprocessing,raw,stationarity",PP_Compare_poly2.swms5_2,972
5777,PP_Compare_poly2_swms10_1,"preprocessing,raw,stationarity",PP_Compare_poly2.swms10_1,972
5778,PP_Compare_poly2_swss2_1,"preprocessing,raw,stationarity",PP_Compare_poly2.swss2_1,972
5779,PP_Compare_poly2_swss2_2,"preprocessing,raw,stationarity",PP_Compare_poly2.swss2_2,972
5780,PP_Compare_poly2_swss5_1,"preprocessing,raw,stationarity",PP_Compare_poly2.swss5_1,972
5781,PP_Compare_poly2_swss5_2,"preprocessing,raw,stationarity",PP_Compare_poly2.swss5_2,972
5782,PP_Compare_poly2_swss10_1,"preprocessing,raw,stationarity",PP_Compare_poly2.swss10_1,972
5783,PP_Compare_poly2_swss10_2,"preprocessing,raw,stationarity",PP_Compare_poly2.swss10_2,972
5784,PP_Compare_poly2_gauss1_kd_r2,"preprocessing,raw",PP_Compare_poly2.gauss1_kd_r2,972
5785,PP_Compare_poly2_gauss1_kd_rmse,"preprocessing,raw",PP_Compare_poly2.gauss1_kd_rmse,972
5786,PP_Compare_poly2_gauss1_kd_resAC1,"preprocessing,raw",PP_Compare_poly2.gauss1_kd_resAC1,972
5787,PP_Compare_poly2_gauss1_kd_resAC2,"preprocessing,raw",PP_Compare_poly2.gauss1_kd_resAC2,972
5788,PP_Compare_poly2_gauss1_kd_resruns,"preprocessing,raw",PP_Compare_poly2.gauss1_kd_resruns,972
5789,PP_Compare_poly2_kscn_adiff,"preprocessing,raw",PP_Compare_poly2.kscn_adiff,972
5790,PP_Compare_poly2_kscn_peaksepy,"preprocessing,raw",PP_Compare_poly2.kscn_peaksepy,972
5791,PP_Compare_poly2_kscn_peaksepx,"preprocessing,raw",PP_Compare_poly2.kscn_peaksepx,972
5792,PP_Compare_poly2_kscn_olapint,"preprocessing,raw",PP_Compare_poly2.kscn_olapint,972
5793,PP_Compare_poly2_kscn_relent,"preprocessing,raw",PP_Compare_poly2.kscn_relent,972
5794,PP_Compare_poly2_htdt_chi2n,"preprocessing,raw",PP_Compare_poly2.htdt_chi2n,972
5795,PP_Compare_poly2_htdt_ksn,"preprocessing,raw",PP_Compare_poly2.htdt_ksn,972
5796,PP_Compare_poly2_olbt_m2,"preprocessing,raw",PP_Compare_poly2.olbt_m2,972
5797,PP_Compare_poly2_olbt_m5,"preprocessing,raw",PP_Compare_poly2.olbt_m5,972
5798,PP_Compare_poly2_olbt_s2,"preprocessing,raw",PP_Compare_poly2.olbt_s2,972
5799,PP_Compare_poly2_olbt_s5,"preprocessing,raw",PP_Compare_poly2.olbt_s5,972
5800,PP_Compare_sin1_statav2,"preprocessing,raw,locationDependent,stationarity",PP_Compare_sin1.statav2,973
5801,PP_Compare_sin1_statav4,"preprocessing,raw,stationarity",PP_Compare_sin1.statav4,973
5802,PP_Compare_sin1_statav6,"preprocessing,raw,stationarity",PP_Compare_sin1.statav6,973
5803,PP_Compare_sin1_statav8,"preprocessing,raw,stationarity",PP_Compare_sin1.statav8,973
5804,PP_Compare_sin1_statav10,"preprocessing,raw,stationarity",PP_Compare_sin1.statav10,973
5805,PP_Compare_sin1_swms2_2,"preprocessing,raw,stationarity",PP_Compare_sin1.swms2_2,973
5806,PP_Compare_sin1_swms5_1,"preprocessing,raw,stationarity",PP_Compare_sin1.swms5_1,973
5807,PP_Compare_sin1_swms5_2,"preprocessing,raw,stationarity",PP_Compare_sin1.swms5_2,973
5808,PP_Compare_sin1_swms10_1,"preprocessing,raw,stationarity",PP_Compare_sin1.swms10_1,973
5809,PP_Compare_sin1_swss2_1,"preprocessing,raw,stationarity",PP_Compare_sin1.swss2_1,973
5810,PP_Compare_sin1_swss2_2,"preprocessing,raw,stationarity",PP_Compare_sin1.swss2_2,973
5811,PP_Compare_sin1_swss5_1,"preprocessing,raw,stationarity",PP_Compare_sin1.swss5_1,973
5812,PP_Compare_sin1_swss5_2,"preprocessing,raw,stationarity",PP_Compare_sin1.swss5_2,973
5813,PP_Compare_sin1_swss10_1,"preprocessing,raw,stationarity",PP_Compare_sin1.swss10_1,973
5814,PP_Compare_sin1_swss10_2,"preprocessing,raw,stationarity",PP_Compare_sin1.swss10_2,973
5815,PP_Compare_sin1_gauss1_kd_r2,"preprocessing,raw",PP_Compare_sin1.gauss1_kd_r2,973
5816,PP_Compare_sin1_gauss1_kd_rmse,"preprocessing,raw",PP_Compare_sin1.gauss1_kd_rmse,973
5817,PP_Compare_sin1_gauss1_kd_resAC1,"preprocessing,raw",PP_Compare_sin1.gauss1_kd_resAC1,973
5818,PP_Compare_sin1_gauss1_kd_resAC2,"preprocessing,raw",PP_Compare_sin1.gauss1_kd_resAC2,973
5819,PP_Compare_sin1_gauss1_kd_resruns,"preprocessing,raw",PP_Compare_sin1.gauss1_kd_resruns,973
5820,PP_Compare_sin1_kscn_adiff,"preprocessing,raw",PP_Compare_sin1.kscn_adiff,973
5821,PP_Compare_sin1_kscn_peaksepy,"preprocessing,raw",PP_Compare_sin1.kscn_peaksepy,973
5822,PP_Compare_sin1_kscn_peaksepx,"preprocessing,raw",PP_Compare_sin1.kscn_peaksepx,973
5823,PP_Compare_sin1_kscn_olapint,"preprocessing,raw",PP_Compare_sin1.kscn_olapint,973
5824,PP_Compare_sin1_kscn_relent,"preprocessing,raw",PP_Compare_sin1.kscn_relent,973
5825,PP_Compare_sin1_htdt_chi2n,"preprocessing,raw",PP_Compare_sin1.htdt_chi2n,973
5826,PP_Compare_sin1_htdt_ksn,"preprocessing,raw",PP_Compare_sin1.htdt_ksn,973
5827,PP_Compare_sin1_olbt_m2,"preprocessing,raw",PP_Compare_sin1.olbt_m2,973
5828,PP_Compare_sin1_olbt_m5,"preprocessing,raw",PP_Compare_sin1.olbt_m5,973
5829,PP_Compare_sin1_olbt_s2,"preprocessing,raw",PP_Compare_sin1.olbt_s2,973
5830,PP_Compare_sin1_olbt_s5,"preprocessing,raw",PP_Compare_sin1.olbt_s5,973
5831,PP_Compare_sin2_statav2,"preprocessing,raw,locationDependent,stationarity",PP_Compare_sin2.statav2,974
5832,PP_Compare_sin2_statav4,"preprocessing,raw,stationarity",PP_Compare_sin2.statav4,974
5833,PP_Compare_sin2_statav6,"preprocessing,raw,stationarity",PP_Compare_sin2.statav6,974
5834,PP_Compare_sin2_statav8,"preprocessing,raw,stationarity",PP_Compare_sin2.statav8,974
5835,PP_Compare_sin2_statav10,"preprocessing,raw,stationarity",PP_Compare_sin2.statav10,974
5836,PP_Compare_sin2_swms2_2,"preprocessing,raw,stationarity",PP_Compare_sin2.swms2_2,974
5837,PP_Compare_sin2_swms5_1,"preprocessing,raw,stationarity",PP_Compare_sin2.swms5_1,974
5838,PP_Compare_sin2_swms5_2,"preprocessing,raw,stationarity",PP_Compare_sin2.swms5_2,974
5839,PP_Compare_sin2_swms10_1,"preprocessing,raw,stationarity",PP_Compare_sin2.swms10_1,974
5840,PP_Compare_sin2_swss2_1,"preprocessing,raw,stationarity",PP_Compare_sin2.swss2_1,974
5841,PP_Compare_sin2_swss2_2,"preprocessing,raw,stationarity",PP_Compare_sin2.swss2_2,974
5842,PP_Compare_sin2_swss5_1,"preprocessing,raw,stationarity",PP_Compare_sin2.swss5_1,974
5843,PP_Compare_sin2_swss5_2,"preprocessing,raw,stationarity",PP_Compare_sin2.swss5_2,974
5844,PP_Compare_sin2_swss10_1,"preprocessing,raw,stationarity",PP_Compare_sin2.swss10_1,974
5845,PP_Compare_sin2_swss10_2,"preprocessing,raw,stationarity",PP_Compare_sin2.swss10_2,974
5846,PP_Compare_sin2_gauss1_kd_r2,"preprocessing,raw",PP_Compare_sin2.gauss1_kd_r2,974
5847,PP_Compare_sin2_gauss1_kd_rmse,"preprocessing,raw",PP_Compare_sin2.gauss1_kd_rmse,974
5848,PP_Compare_sin2_gauss1_kd_resAC1,"preprocessing,raw",PP_Compare_sin2.gauss1_kd_resAC1,974
5849,PP_Compare_sin2_gauss1_kd_resAC2,"preprocessing,raw",PP_Compare_sin2.gauss1_kd_resAC2,974
5850,PP_Compare_sin2_gauss1_kd_resruns,"preprocessing,raw",PP_Compare_sin2.gauss1_kd_resruns,974
5851,PP_Compare_sin2_kscn_adiff,"preprocessing,raw",PP_Compare_sin2.kscn_adiff,974
5852,PP_Compare_sin2_kscn_peaksepy,"preprocessing,raw",PP_Compare_sin2.kscn_peaksepy,974
5853,PP_Compare_sin2_kscn_peaksepx,"preprocessing,raw",PP_Compare_sin2.kscn_peaksepx,974
5854,PP_Compare_sin2_kscn_olapint,"preprocessing,raw",PP_Compare_sin2.kscn_olapint,974
5855,PP_Compare_sin2_kscn_relent,"preprocessing,raw",PP_Compare_sin2.kscn_relent,974
5856,PP_Compare_sin2_htdt_chi2n,"preprocessing,raw",PP_Compare_sin2.htdt_chi2n,974
5857,PP_Compare_sin2_htdt_ksn,"preprocessing,raw",PP_Compare_sin2.htdt_ksn,974
5858,PP_Compare_sin2_olbt_m2,"preprocessing,raw",PP_Compare_sin2.olbt_m2,974
5859,PP_Compare_sin2_olbt_m5,"preprocessing,raw",PP_Compare_sin2.olbt_m5,974
5860,PP_Compare_sin2_olbt_s2,"preprocessing,raw",PP_Compare_sin2.olbt_s2,974
5861,PP_Compare_sin2_olbt_s5,"preprocessing,raw",PP_Compare_sin2.olbt_s5,974
5862,PP_Compare_spline24_statav2,"preprocessing,raw,stationarity",PP_Compare_spline24.statav2,975
5863,PP_Compare_spline24_statav4,"preprocessing,raw,stationarity",PP_Compare_spline24.statav4,975
5864,PP_Compare_spline24_statav6,"preprocessing,raw,stationarity",PP_Compare_spline24.statav6,975
5865,PP_Compare_spline24_statav8,"preprocessing,raw,stationarity",PP_Compare_spline24.statav8,975
5866,PP_Compare_spline24_statav10,"preprocessing,raw,stationarity",PP_Compare_spline24.statav10,975
5867,PP_Compare_spline24_swms2_2,"preprocessing,raw,stationarity",PP_Compare_spline24.swms2_2,975
5868,PP_Compare_spline24_swms5_1,"preprocessing,raw,stationarity",PP_Compare_spline24.swms5_1,975
5869,PP_Compare_spline24_swms5_2,"preprocessing,raw,stationarity",PP_Compare_spline24.swms5_2,975
5870,PP_Compare_spline24_swms10_1,"preprocessing,raw,stationarity",PP_Compare_spline24.swms10_1,975
5871,PP_Compare_spline24_swss2_1,"preprocessing,raw,stationarity",PP_Compare_spline24.swss2_1,975
5872,PP_Compare_spline24_swss2_2,"preprocessing,raw,stationarity",PP_Compare_spline24.swss2_2,975
5873,PP_Compare_spline24_swss5_1,"preprocessing,raw,stationarity",PP_Compare_spline24.swss5_1,975
5874,PP_Compare_spline24_swss5_2,"preprocessing,raw,stationarity",PP_Compare_spline24.swss5_2,975
5875,PP_Compare_spline24_swss10_1,"preprocessing,raw,stationarity",PP_Compare_spline24.swss10_1,975
5876,PP_Compare_spline24_swss10_2,"preprocessing,raw,stationarity",PP_Compare_spline24.swss10_2,975
5877,PP_Compare_spline24_gauss1_kd_r2,"preprocessing,raw",PP_Compare_spline24.gauss1_kd_r2,975
5878,PP_Compare_spline24_gauss1_kd_rmse,"preprocessing,raw",PP_Compare_spline24.gauss1_kd_rmse,975
5879,PP_Compare_spline24_gauss1_kd_resAC1,"preprocessing,raw",PP_Compare_spline24.gauss1_kd_resAC1,975
5880,PP_Compare_spline24_gauss1_kd_resAC2,"preprocessing,raw",PP_Compare_spline24.gauss1_kd_resAC2,975
5881,PP_Compare_spline24_gauss1_kd_resruns,"preprocessing,raw",PP_Compare_spline24.gauss1_kd_resruns,975
5882,PP_Compare_spline24_kscn_adiff,"preprocessing,raw",PP_Compare_spline24.kscn_adiff,975
5883,PP_Compare_spline24_kscn_peaksepy,"preprocessing,raw",PP_Compare_spline24.kscn_peaksepy,975
5884,PP_Compare_spline24_kscn_peaksepx,"preprocessing,raw",PP_Compare_spline24.kscn_peaksepx,975
5885,PP_Compare_spline24_kscn_olapint,"preprocessing,raw",PP_Compare_spline24.kscn_olapint,975
5886,PP_Compare_spline24_kscn_relent,"preprocessing,raw",PP_Compare_spline24.kscn_relent,975
5887,PP_Compare_spline24_htdt_chi2n,"preprocessing,raw",PP_Compare_spline24.htdt_chi2n,975
5888,PP_Compare_spline24_htdt_ksn,"preprocessing,raw",PP_Compare_spline24.htdt_ksn,975
5889,PP_Compare_spline24_olbt_m2,"preprocessing,raw",PP_Compare_spline24.olbt_m2,975
5890,PP_Compare_spline24_olbt_m5,"preprocessing,raw",PP_Compare_spline24.olbt_m5,975
5891,PP_Compare_spline24_olbt_s2,"preprocessing,raw",PP_Compare_spline24.olbt_s2,975
5892,PP_Compare_spline24_olbt_s5,"preprocessing,raw",PP_Compare_spline24.olbt_s5,975
5893,PP_Compare_spline44_statav2,"preprocessing,raw,stationarity",PP_Compare_spline44.statav2,976
5894,PP_Compare_spline44_statav4,"preprocessing,raw,stationarity",PP_Compare_spline44.statav4,976
5895,PP_Compare_spline44_statav6,"preprocessing,raw,stationarity",PP_Compare_spline44.statav6,976
5896,PP_Compare_spline44_statav8,"preprocessing,raw,stationarity",PP_Compare_spline44.statav8,976
5897,PP_Compare_spline44_statav10,"preprocessing,raw,stationarity",PP_Compare_spline44.statav10,976
5898,PP_Compare_spline44_swms2_2,"preprocessing,raw,stationarity",PP_Compare_spline44.swms2_2,976
5899,PP_Compare_spline44_swms5_1,"preprocessing,raw,stationarity",PP_Compare_spline44.swms5_1,976
5900,PP_Compare_spline44_swms5_2,"preprocessing,raw,stationarity",PP_Compare_spline44.swms5_2,976
5901,PP_Compare_spline44_swms10_1,"preprocessing,raw,stationarity",PP_Compare_spline44.swms10_1,976
5902,PP_Compare_spline44_swss2_1,"preprocessing,raw,stationarity",PP_Compare_spline44.swss2_1,976
5903,PP_Compare_spline44_swss2_2,"preprocessing,raw,stationarity",PP_Compare_spline44.swss2_2,976
5904,PP_Compare_spline44_swss5_1,"preprocessing,raw,stationarity",PP_Compare_spline44.swss5_1,976
5905,PP_Compare_spline44_swss5_2,"preprocessing,raw,stationarity",PP_Compare_spline44.swss5_2,976
5906,PP_Compare_spline44_swss10_1,"preprocessing,raw,stationarity",PP_Compare_spline44.swss10_1,976
5907,PP_Compare_spline44_swss10_2,"preprocessing,raw,stationarity",PP_Compare_spline44.swss10_2,976
5908,PP_Compare_spline44_gauss1_kd_r2,"preprocessing,raw",PP_Compare_spline44.gauss1_kd_r2,976
5909,PP_Compare_spline44_gauss1_kd_rmse,"preprocessing,raw",PP_Compare_spline44.gauss1_kd_rmse,976
5910,PP_Compare_spline44_gauss1_kd_resAC1,"preprocessing,raw",PP_Compare_spline44.gauss1_kd_resAC1,976
5911,PP_Compare_spline44_gauss1_kd_resAC2,"preprocessing,raw",PP_Compare_spline44.gauss1_kd_resAC2,976
5912,PP_Compare_spline44_gauss1_kd_resruns,"preprocessing,raw",PP_Compare_spline44.gauss1_kd_resruns,976
5913,PP_Compare_spline44_kscn_adiff,"preprocessing,raw",PP_Compare_spline44.kscn_adiff,976
5914,PP_Compare_spline44_kscn_peaksepy,"preprocessing,raw",PP_Compare_spline44.kscn_peaksepy,976
5915,PP_Compare_spline44_kscn_peaksepx,"preprocessing,raw",PP_Compare_spline44.kscn_peaksepx,976
5916,PP_Compare_spline44_kscn_olapint,"preprocessing,raw",PP_Compare_spline44.kscn_olapint,976
5917,PP_Compare_spline44_kscn_relent,"preprocessing,raw",PP_Compare_spline44.kscn_relent,976
5918,PP_Compare_spline44_htdt_chi2n,"preprocessing,raw",PP_Compare_spline44.htdt_chi2n,976
5919,PP_Compare_spline44_htdt_ksn,"preprocessing,raw",PP_Compare_spline44.htdt_ksn,976
5920,PP_Compare_spline44_olbt_m2,"preprocessing,raw",PP_Compare_spline44.olbt_m2,976
5921,PP_Compare_spline44_olbt_m5,"preprocessing,raw",PP_Compare_spline44.olbt_m5,976
5922,PP_Compare_spline44_olbt_s2,"preprocessing,raw",PP_Compare_spline44.olbt_s2,976
5923,PP_Compare_spline44_olbt_s5,"preprocessing,raw",PP_Compare_spline44.olbt_s5,976
5924,PP_Compare_spline64_statav2,"preprocessing,raw,stationarity",PP_Compare_spline64.statav2,977
5925,PP_Compare_spline64_statav4,"preprocessing,raw,stationarity",PP_Compare_spline64.statav4,977
5926,PP_Compare_spline64_statav6,"preprocessing,raw,stationarity",PP_Compare_spline64.statav6,977
5927,PP_Compare_spline64_statav8,"preprocessing,raw,stationarity",PP_Compare_spline64.statav8,977
5928,PP_Compare_spline64_statav10,"preprocessing,raw,stationarity",PP_Compare_spline64.statav10,977
5929,PP_Compare_spline64_swms2_2,"preprocessing,raw,stationarity",PP_Compare_spline64.swms2_2,977
5930,PP_Compare_spline64_swms5_1,"preprocessing,raw,stationarity",PP_Compare_spline64.swms5_1,977
5931,PP_Compare_spline64_swms5_2,"preprocessing,raw,stationarity",PP_Compare_spline64.swms5_2,977
5932,PP_Compare_spline64_swms10_1,"preprocessing,raw,stationarity",PP_Compare_spline64.swms10_1,977
5933,PP_Compare_spline64_swss2_1,"preprocessing,raw,stationarity",PP_Compare_spline64.swss2_1,977
5934,PP_Compare_spline64_swss2_2,"preprocessing,raw,stationarity",PP_Compare_spline64.swss2_2,977
5935,PP_Compare_spline64_swss5_1,"preprocessing,raw,stationarity",PP_Compare_spline64.swss5_1,977
5936,PP_Compare_spline64_swss5_2,"preprocessing,raw,stationarity",PP_Compare_spline64.swss5_2,977
5937,PP_Compare_spline64_swss10_1,"preprocessing,raw,stationarity",PP_Compare_spline64.swss10_1,977
5938,PP_Compare_spline64_swss10_2,"preprocessing,raw,stationarity",PP_Compare_spline64.swss10_2,977
5939,PP_Compare_spline64_gauss1_kd_r2,"preprocessing,raw",PP_Compare_spline64.gauss1_kd_r2,977
5940,PP_Compare_spline64_gauss1_kd_rmse,"preprocessing,raw",PP_Compare_spline64.gauss1_kd_rmse,977
5941,PP_Compare_spline64_gauss1_kd_resAC1,"preprocessing,raw",PP_Compare_spline64.gauss1_kd_resAC1,977
5942,PP_Compare_spline64_gauss1_kd_resAC2,"preprocessing,raw",PP_Compare_spline64.gauss1_kd_resAC2,977
5943,PP_Compare_spline64_gauss1_kd_resruns,"preprocessing,raw",PP_Compare_spline64.gauss1_kd_resruns,977
5944,PP_Compare_spline64_kscn_adiff,"preprocessing,raw",PP_Compare_spline64.kscn_adiff,977
5945,PP_Compare_spline64_kscn_peaksepy,"preprocessing,raw",PP_Compare_spline64.kscn_peaksepy,977
5946,PP_Compare_spline64_kscn_peaksepx,"preprocessing,raw",PP_Compare_spline64.kscn_peaksepx,977
5947,PP_Compare_spline64_kscn_olapint,"preprocessing,raw",PP_Compare_spline64.kscn_olapint,977
5948,PP_Compare_spline64_kscn_relent,"preprocessing,raw",PP_Compare_spline64.kscn_relent,977
5949,PP_Compare_spline64_htdt_chi2n,"preprocessing,raw",PP_Compare_spline64.htdt_chi2n,977
5950,PP_Compare_spline64_htdt_ksn,"preprocessing,raw",PP_Compare_spline64.htdt_ksn,977
5951,PP_Compare_spline64_olbt_m2,"preprocessing,raw",PP_Compare_spline64.olbt_m2,977
5952,PP_Compare_spline64_olbt_m5,"preprocessing,raw",PP_Compare_spline64.olbt_m5,977
5953,PP_Compare_spline64_olbt_s2,"preprocessing,raw",PP_Compare_spline64.olbt_s2,977
5954,PP_Compare_spline64_olbt_s5,"preprocessing,raw",PP_Compare_spline64.olbt_s5,977
5955,PP_Compare_diff1_statav2,"preprocessing,raw,stationarity",PP_Compare_diff1.statav2,978
5956,PP_Compare_diff1_statav4,"preprocessing,raw,stationarity",PP_Compare_diff1.statav4,978
5957,PP_Compare_diff1_statav6,"preprocessing,raw,stationarity",PP_Compare_diff1.statav6,978
5958,PP_Compare_diff1_statav8,"preprocessing,raw,stationarity",PP_Compare_diff1.statav8,978
5959,PP_Compare_diff1_statav10,"preprocessing,raw,stationarity",PP_Compare_diff1.statav10,978
5960,PP_Compare_diff1_swms2_2,"preprocessing,raw,stationarity",PP_Compare_diff1.swms2_2,978
5961,PP_Compare_diff1_swms5_1,"preprocessing,raw,stationarity",PP_Compare_diff1.swms5_1,978
5962,PP_Compare_diff1_swms5_2,"preprocessing,raw,stationarity",PP_Compare_diff1.swms5_2,978
5963,PP_Compare_diff1_swms10_1,"preprocessing,raw,stationarity",PP_Compare_diff1.swms10_1,978
5964,PP_Compare_diff1_swss2_1,"preprocessing,raw,stationarity",PP_Compare_diff1.swss2_1,978
5965,PP_Compare_diff1_swss2_2,"preprocessing,raw,stationarity",PP_Compare_diff1.swss2_2,978
5966,PP_Compare_diff1_swss5_1,"preprocessing,raw,stationarity",PP_Compare_diff1.swss5_1,978
5967,PP_Compare_diff1_swss5_2,"preprocessing,raw,stationarity",PP_Compare_diff1.swss5_2,978
5968,PP_Compare_diff1_swss10_1,"preprocessing,raw,stationarity",PP_Compare_diff1.swss10_1,978
5969,PP_Compare_diff1_swss10_2,"preprocessing,raw,stationarity",PP_Compare_diff1.swss10_2,978
5970,PP_Compare_diff1_gauss1_kd_r2,"preprocessing,raw",PP_Compare_diff1.gauss1_kd_r2,978
5971,PP_Compare_diff1_gauss1_kd_rmse,"preprocessing,raw",PP_Compare_diff1.gauss1_kd_rmse,978
5972,PP_Compare_diff1_gauss1_kd_resAC1,"preprocessing,raw",PP_Compare_diff1.gauss1_kd_resAC1,978
5973,PP_Compare_diff1_gauss1_kd_resAC2,"preprocessing,raw",PP_Compare_diff1.gauss1_kd_resAC2,978
5974,PP_Compare_diff1_gauss1_kd_resruns,"preprocessing,raw",PP_Compare_diff1.gauss1_kd_resruns,978
5975,PP_Compare_diff1_kscn_adiff,"preprocessing,raw",PP_Compare_diff1.kscn_adiff,978
5976,PP_Compare_diff1_kscn_peaksepy,"preprocessing,raw",PP_Compare_diff1.kscn_peaksepy,978
5977,PP_Compare_diff1_kscn_peaksepx,"preprocessing,raw",PP_Compare_diff1.kscn_peaksepx,978
5978,PP_Compare_diff1_kscn_olapint,"preprocessing,raw",PP_Compare_diff1.kscn_olapint,978
5979,PP_Compare_diff1_kscn_relent,"preprocessing,raw",PP_Compare_diff1.kscn_relent,978
5980,PP_Compare_diff1_htdt_chi2n,"preprocessing,raw",PP_Compare_diff1.htdt_chi2n,978
5981,PP_Compare_diff1_htdt_ksn,"preprocessing,raw",PP_Compare_diff1.htdt_ksn,978
5982,PP_Compare_diff1_olbt_m2,"preprocessing,raw",PP_Compare_diff1.olbt_m2,978
5983,PP_Compare_diff1_olbt_m5,"preprocessing,raw",PP_Compare_diff1.olbt_m5,978
5984,PP_Compare_diff1_olbt_s2,"preprocessing,raw",PP_Compare_diff1.olbt_s2,978
5985,PP_Compare_diff1_olbt_s5,"preprocessing,raw",PP_Compare_diff1.olbt_s5,978
5986,PP_Compare_diff2_statav2,"preprocessing,raw,stationarity",PP_Compare_diff2.statav2,979
5987,PP_Compare_diff2_statav4,"preprocessing,raw,stationarity",PP_Compare_diff2.statav4,979
5988,PP_Compare_diff2_statav6,"preprocessing,raw,stationarity",PP_Compare_diff2.statav6,979
5989,PP_Compare_diff2_statav8,"preprocessing,raw,stationarity",PP_Compare_diff2.statav8,979
5990,PP_Compare_diff2_statav10,"preprocessing,raw,stationarity",PP_Compare_diff2.statav10,979
5991,PP_Compare_diff2_swms2_2,"preprocessing,raw,stationarity",PP_Compare_diff2.swms2_2,979
5992,PP_Compare_diff2_swms5_1,"preprocessing,raw,stationarity",PP_Compare_diff2.swms5_1,979
5993,PP_Compare_diff2_swms5_2,"preprocessing,raw,stationarity",PP_Compare_diff2.swms5_2,979
5994,PP_Compare_diff2_swms10_1,"preprocessing,raw,stationarity",PP_Compare_diff2.swms10_1,979
5995,PP_Compare_diff2_swss2_1,"preprocessing,raw,stationarity",PP_Compare_diff2.swss2_1,979
5996,PP_Compare_diff2_swss2_2,"preprocessing,raw,stationarity",PP_Compare_diff2.swss2_2,979
5997,PP_Compare_diff2_swss5_1,"preprocessing,raw,stationarity",PP_Compare_diff2.swss5_1,979
5998,PP_Compare_diff2_swss5_2,"preprocessing,raw,stationarity",PP_Compare_diff2.swss5_2,979
5999,PP_Compare_diff2_swss10_1,"preprocessing,raw,stationarity",PP_Compare_diff2.swss10_1,979
6000,PP_Compare_diff2_swss10_2,"preprocessing,raw,stationarity",PP_Compare_diff2.swss10_2,979
6001,PP_Compare_diff2_gauss1_kd_r2,"preprocessing,raw",PP_Compare_diff2.gauss1_kd_r2,979
6002,PP_Compare_diff2_gauss1_kd_rmse,"preprocessing,raw",PP_Compare_diff2.gauss1_kd_rmse,979
6003,PP_Compare_diff2_gauss1_kd_resAC1,"preprocessing,raw",PP_Compare_diff2.gauss1_kd_resAC1,979
6004,PP_Compare_diff2_gauss1_kd_resAC2,"preprocessing,raw",PP_Compare_diff2.gauss1_kd_resAC2,979
6005,PP_Compare_diff2_gauss1_kd_resruns,"preprocessing,raw",PP_Compare_diff2.gauss1_kd_resruns,979
6006,PP_Compare_diff2_kscn_adiff,"preprocessing,raw",PP_Compare_diff2.kscn_adiff,979
6007,PP_Compare_diff2_kscn_peaksepy,"preprocessing,raw",PP_Compare_diff2.kscn_peaksepy,979
6008,PP_Compare_diff2_kscn_peaksepx,"preprocessing,raw",PP_Compare_diff2.kscn_peaksepx,979
6009,PP_Compare_diff2_kscn_olapint,"preprocessing,raw",PP_Compare_diff2.kscn_olapint,979
6010,PP_Compare_diff2_kscn_relent,"preprocessing,raw",PP_Compare_diff2.kscn_relent,979
6011,PP_Compare_diff2_htdt_chi2n,"preprocessing,raw",PP_Compare_diff2.htdt_chi2n,979
6012,PP_Compare_diff2_htdt_ksn,"preprocessing,raw",PP_Compare_diff2.htdt_ksn,979
6013,PP_Compare_diff2_olbt_m2,"preprocessing,raw",PP_Compare_diff2.olbt_m2,979
6014,PP_Compare_diff2_olbt_m5,"preprocessing,raw",PP_Compare_diff2.olbt_m5,979
6015,PP_Compare_diff2_olbt_s2,"preprocessing,raw",PP_Compare_diff2.olbt_s2,979
6016,PP_Compare_diff2_olbt_s5,"preprocessing,raw",PP_Compare_diff2.olbt_s5,979
6017,PP_Compare_medianf3_statav2,"preprocessing,raw,locationDependent,stationarity",PP_Compare_medianf3.statav2,980
6018,PP_Compare_medianf3_statav4,"preprocessing,raw,stationarity",PP_Compare_medianf3.statav4,980
6019,PP_Compare_medianf3_statav6,"preprocessing,raw,stationarity",PP_Compare_medianf3.statav6,980
6020,PP_Compare_medianf3_statav8,"preprocessing,raw,stationarity",PP_Compare_medianf3.statav8,980
6021,PP_Compare_medianf3_statav10,"preprocessing,raw,stationarity",PP_Compare_medianf3.statav10,980
6022,PP_Compare_medianf3_swms2_2,"preprocessing,raw,stationarity",PP_Compare_medianf3.swms2_2,980
6023,PP_Compare_medianf3_swms5_1,"preprocessing,raw,stationarity",PP_Compare_medianf3.swms5_1,980
6024,PP_Compare_medianf3_swms5_2,"preprocessing,raw,stationarity",PP_Compare_medianf3.swms5_2,980
6025,PP_Compare_medianf3_swms10_1,"preprocessing,raw,stationarity",PP_Compare_medianf3.swms10_1,980
6026,PP_Compare_medianf3_swss2_1,"preprocessing,raw,stationarity",PP_Compare_medianf3.swss2_1,980
6027,PP_Compare_medianf3_swss2_2,"preprocessing,raw,stationarity",PP_Compare_medianf3.swss2_2,980
6028,PP_Compare_medianf3_swss5_1,"preprocessing,raw,stationarity",PP_Compare_medianf3.swss5_1,980
6029,PP_Compare_medianf3_swss5_2,"preprocessing,raw,stationarity",PP_Compare_medianf3.swss5_2,980
6030,PP_Compare_medianf3_swss10_1,"preprocessing,raw,stationarity",PP_Compare_medianf3.swss10_1,980
6031,PP_Compare_medianf3_swss10_2,"preprocessing,raw,stationarity",PP_Compare_medianf3.swss10_2,980
6032,PP_Compare_medianf3_gauss1_kd_r2,"preprocessing,raw",PP_Compare_medianf3.gauss1_kd_r2,980
6033,PP_Compare_medianf3_gauss1_kd_rmse,"preprocessing,raw",PP_Compare_medianf3.gauss1_kd_rmse,980
6034,PP_Compare_medianf3_gauss1_kd_resAC1,"preprocessing,raw",PP_Compare_medianf3.gauss1_kd_resAC1,980
6035,PP_Compare_medianf3_gauss1_kd_resAC2,"preprocessing,raw",PP_Compare_medianf3.gauss1_kd_resAC2,980
6036,PP_Compare_medianf3_gauss1_kd_resruns,"preprocessing,raw",PP_Compare_medianf3.gauss1_kd_resruns,980
6037,PP_Compare_medianf3_kscn_adiff,"preprocessing,raw",PP_Compare_medianf3.kscn_adiff,980
6038,PP_Compare_medianf3_kscn_peaksepy,"preprocessing,raw",PP_Compare_medianf3.kscn_peaksepy,980
6039,PP_Compare_medianf3_kscn_peaksepx,"preprocessing,raw",PP_Compare_medianf3.kscn_peaksepx,980
6040,PP_Compare_medianf3_kscn_olapint,"preprocessing,raw",PP_Compare_medianf3.kscn_olapint,980
6041,PP_Compare_medianf3_kscn_relent,"preprocessing,raw",PP_Compare_medianf3.kscn_relent,980
6042,PP_Compare_medianf3_htdt_chi2n,"preprocessing,raw",PP_Compare_medianf3.htdt_chi2n,980
6043,PP_Compare_medianf3_htdt_ksn,"preprocessing,raw",PP_Compare_medianf3.htdt_ksn,980
6044,PP_Compare_medianf3_olbt_m2,"preprocessing,raw",PP_Compare_medianf3.olbt_m2,980
6045,PP_Compare_medianf3_olbt_m5,"preprocessing,raw",PP_Compare_medianf3.olbt_m5,980
6046,PP_Compare_medianf3_olbt_s2,"preprocessing,raw",PP_Compare_medianf3.olbt_s2,980
6047,PP_Compare_medianf3_olbt_s5,"preprocessing,raw",PP_Compare_medianf3.olbt_s5,980
6048,PP_Compare_medianf4_statav2,"preprocessing,raw,locationDependent,stationarity",PP_Compare_medianf4.statav2,981
6049,PP_Compare_medianf4_statav4,"preprocessing,raw,stationarity",PP_Compare_medianf4.statav4,981
6050,PP_Compare_medianf4_statav6,"preprocessing,raw,stationarity",PP_Compare_medianf4.statav6,981
6051,PP_Compare_medianf4_statav8,"preprocessing,raw,stationarity",PP_Compare_medianf4.statav8,981
6052,PP_Compare_medianf4_statav10,"preprocessing,raw,stationarity",PP_Compare_medianf4.statav10,981
6053,PP_Compare_medianf4_swms2_2,"preprocessing,raw,stationarity",PP_Compare_medianf4.swms2_2,981
6054,PP_Compare_medianf4_swms5_1,"preprocessing,raw,stationarity",PP_Compare_medianf4.swms5_1,981
6055,PP_Compare_medianf4_swms5_2,"preprocessing,raw,stationarity",PP_Compare_medianf4.swms5_2,981
6056,PP_Compare_medianf4_swms10_1,"preprocessing,raw,stationarity",PP_Compare_medianf4.swms10_1,981
6057,PP_Compare_medianf4_swss2_1,"preprocessing,raw,stationarity",PP_Compare_medianf4.swss2_1,981
6058,PP_Compare_medianf4_swss2_2,"preprocessing,raw,stationarity",PP_Compare_medianf4.swss2_2,981
6059,PP_Compare_medianf4_swss5_1,"preprocessing,raw,stationarity",PP_Compare_medianf4.swss5_1,981
6060,PP_Compare_medianf4_swss5_2,"preprocessing,raw,stationarity",PP_Compare_medianf4.swss5_2,981
6061,PP_Compare_medianf4_swss10_1,"preprocessing,raw,stationarity",PP_Compare_medianf4.swss10_1,981
6062,PP_Compare_medianf4_swss10_2,"preprocessing,raw,stationarity",PP_Compare_medianf4.swss10_2,981
6063,PP_Compare_medianf4_gauss1_kd_r2,"preprocessing,raw",PP_Compare_medianf4.gauss1_kd_r2,981
6064,PP_Compare_medianf4_gauss1_kd_rmse,"preprocessing,raw",PP_Compare_medianf4.gauss1_kd_rmse,981
6065,PP_Compare_medianf4_gauss1_kd_resAC1,"preprocessing,raw",PP_Compare_medianf4.gauss1_kd_resAC1,981
6066,PP_Compare_medianf4_gauss1_kd_resAC2,"preprocessing,raw",PP_Compare_medianf4.gauss1_kd_resAC2,981
6067,PP_Compare_medianf4_gauss1_kd_resruns,"preprocessing,raw",PP_Compare_medianf4.gauss1_kd_resruns,981
6068,PP_Compare_medianf4_kscn_adiff,"preprocessing,raw",PP_Compare_medianf4.kscn_adiff,981
6069,PP_Compare_medianf4_kscn_peaksepy,"preprocessing,raw",PP_Compare_medianf4.kscn_peaksepy,981
6070,PP_Compare_medianf4_kscn_peaksepx,"preprocessing,raw",PP_Compare_medianf4.kscn_peaksepx,981
6071,PP_Compare_medianf4_kscn_olapint,"preprocessing,raw",PP_Compare_medianf4.kscn_olapint,981
6072,PP_Compare_medianf4_kscn_relent,"preprocessing,raw",PP_Compare_medianf4.kscn_relent,981
6073,PP_Compare_medianf4_htdt_chi2n,"preprocessing,raw",PP_Compare_medianf4.htdt_chi2n,981
6074,PP_Compare_medianf4_htdt_ksn,"preprocessing,raw",PP_Compare_medianf4.htdt_ksn,981
6075,PP_Compare_medianf4_olbt_m2,"preprocessing,raw",PP_Compare_medianf4.olbt_m2,981
6076,PP_Compare_medianf4_olbt_m5,"preprocessing,raw",PP_Compare_medianf4.olbt_m5,981
6077,PP_Compare_medianf4_olbt_s2,"preprocessing,raw",PP_Compare_medianf4.olbt_s2,981
6078,PP_Compare_medianf4_olbt_s5,"preprocessing,raw",PP_Compare_medianf4.olbt_s5,981
6079,PP_Compare_medianf10_statav2,"preprocessing,raw,locationDependent,stationarity",PP_Compare_medianf10.statav2,982
6080,PP_Compare_medianf10_statav4,"preprocessing,raw,stationarity",PP_Compare_medianf10.statav4,982
6081,PP_Compare_medianf10_statav6,"preprocessing,raw,stationarity",PP_Compare_medianf10.statav6,982
6082,PP_Compare_medianf10_statav8,"preprocessing,raw,stationarity",PP_Compare_medianf10.statav8,982
6083,PP_Compare_medianf10_statav10,"preprocessing,raw,stationarity",PP_Compare_medianf10.statav10,982
6084,PP_Compare_medianf10_swms2_2,"preprocessing,raw,stationarity",PP_Compare_medianf10.swms2_2,982
6085,PP_Compare_medianf10_swms5_1,"preprocessing,raw,stationarity",PP_Compare_medianf10.swms5_1,982
6086,PP_Compare_medianf10_swms5_2,"preprocessing,raw,stationarity",PP_Compare_medianf10.swms5_2,982
6087,PP_Compare_medianf10_swms10_1,"preprocessing,raw,stationarity",PP_Compare_medianf10.swms10_1,982
6088,PP_Compare_medianf10_swss2_1,"preprocessing,raw,stationarity",PP_Compare_medianf10.swss2_1,982
6089,PP_Compare_medianf10_swss2_2,"preprocessing,raw,stationarity",PP_Compare_medianf10.swss2_2,982
6090,PP_Compare_medianf10_swss5_1,"preprocessing,raw,stationarity",PP_Compare_medianf10.swss5_1,982
6091,PP_Compare_medianf10_swss5_2,"preprocessing,raw,stationarity",PP_Compare_medianf10.swss5_2,982
6092,PP_Compare_medianf10_swss10_1,"preprocessing,raw,stationarity",PP_Compare_medianf10.swss10_1,982
6093,PP_Compare_medianf10_swss10_2,"preprocessing,raw,stationarity",PP_Compare_medianf10.swss10_2,982
6094,PP_Compare_medianf10_gauss1_kd_r2,"preprocessing,raw",PP_Compare_medianf10.gauss1_kd_r2,982
6095,PP_Compare_medianf10_gauss1_kd_rmse,"preprocessing,raw",PP_Compare_medianf10.gauss1_kd_rmse,982
6096,PP_Compare_medianf10_gauss1_kd_resAC1,"preprocessing,raw",PP_Compare_medianf10.gauss1_kd_resAC1,982
6097,PP_Compare_medianf10_gauss1_kd_resAC2,"preprocessing,raw",PP_Compare_medianf10.gauss1_kd_resAC2,982
6098,PP_Compare_medianf10_gauss1_kd_resruns,"preprocessing,raw",PP_Compare_medianf10.gauss1_kd_resruns,982
6099,PP_Compare_medianf10_kscn_adiff,"preprocessing,raw",PP_Compare_medianf10.kscn_adiff,982
6100,PP_Compare_medianf10_kscn_peaksepy,"preprocessing,raw",PP_Compare_medianf10.kscn_peaksepy,982
6101,PP_Compare_medianf10_kscn_peaksepx,"preprocessing,raw",PP_Compare_medianf10.kscn_peaksepx,982
6102,PP_Compare_medianf10_kscn_olapint,"preprocessing,raw",PP_Compare_medianf10.kscn_olapint,982
6103,PP_Compare_medianf10_kscn_relent,"preprocessing,raw",PP_Compare_medianf10.kscn_relent,982
6104,PP_Compare_medianf10_htdt_chi2n,"preprocessing,raw",PP_Compare_medianf10.htdt_chi2n,982
6105,PP_Compare_medianf10_htdt_ksn,"preprocessing,raw",PP_Compare_medianf10.htdt_ksn,982
6106,PP_Compare_medianf10_olbt_m2,"preprocessing,raw",PP_Compare_medianf10.olbt_m2,982
6107,PP_Compare_medianf10_olbt_m5,"preprocessing,raw",PP_Compare_medianf10.olbt_m5,982
6108,PP_Compare_medianf10_olbt_s2,"preprocessing,raw",PP_Compare_medianf10.olbt_s2,982
6109,PP_Compare_medianf10_olbt_s5,"preprocessing,raw",PP_Compare_medianf10.olbt_s5,982
6110,PP_Compare_rav2_statav2,"preprocessing,raw,locationDependent,stationarity",PP_Compare_rav2.statav2,983
6111,PP_Compare_rav2_statav4,"preprocessing,raw,stationarity",PP_Compare_rav2.statav4,983
6112,PP_Compare_rav2_statav6,"preprocessing,raw,stationarity",PP_Compare_rav2.statav6,983
6113,PP_Compare_rav2_statav8,"preprocessing,raw,stationarity",PP_Compare_rav2.statav8,983
6114,PP_Compare_rav2_statav10,"preprocessing,raw,stationarity",PP_Compare_rav2.statav10,983
6115,PP_Compare_rav2_swms2_2,"preprocessing,raw,stationarity",PP_Compare_rav2.swms2_2,983
6116,PP_Compare_rav2_swms5_1,"preprocessing,raw,stationarity",PP_Compare_rav2.swms5_1,983
6117,PP_Compare_rav2_swms5_2,"preprocessing,raw,stationarity",PP_Compare_rav2.swms5_2,983
6118,PP_Compare_rav2_swms10_1,"preprocessing,raw,stationarity",PP_Compare_rav2.swms10_1,983
6119,PP_Compare_rav2_swss2_1,"preprocessing,raw,stationarity",PP_Compare_rav2.swss2_1,983
6120,PP_Compare_rav2_swss2_2,"preprocessing,raw,stationarity",PP_Compare_rav2.swss2_2,983
6121,PP_Compare_rav2_swss5_1,"preprocessing,raw,stationarity",PP_Compare_rav2.swss5_1,983
6122,PP_Compare_rav2_swss5_2,"preprocessing,raw,stationarity",PP_Compare_rav2.swss5_2,983
6123,PP_Compare_rav2_swss10_1,"preprocessing,raw,stationarity",PP_Compare_rav2.swss10_1,983
6124,PP_Compare_rav2_swss10_2,"preprocessing,raw,stationarity",PP_Compare_rav2.swss10_2,983
6125,PP_Compare_rav2_gauss1_kd_r2,"preprocessing,raw",PP_Compare_rav2.gauss1_kd_r2,983
6126,PP_Compare_rav2_gauss1_kd_rmse,"preprocessing,raw",PP_Compare_rav2.gauss1_kd_rmse,983
6127,PP_Compare_rav2_gauss1_kd_resAC1,"preprocessing,raw",PP_Compare_rav2.gauss1_kd_resAC1,983
6128,PP_Compare_rav2_gauss1_kd_resAC2,"preprocessing,raw",PP_Compare_rav2.gauss1_kd_resAC2,983
6129,PP_Compare_rav2_gauss1_kd_resruns,"preprocessing,raw",PP_Compare_rav2.gauss1_kd_resruns,983
6130,PP_Compare_rav2_kscn_adiff,"preprocessing,raw",PP_Compare_rav2.kscn_adiff,983
6131,PP_Compare_rav2_kscn_peaksepy,"preprocessing,raw",PP_Compare_rav2.kscn_peaksepy,983
6132,PP_Compare_rav2_kscn_peaksepx,"preprocessing,raw",PP_Compare_rav2.kscn_peaksepx,983
6133,PP_Compare_rav2_kscn_olapint,"preprocessing,raw",PP_Compare_rav2.kscn_olapint,983
6134,PP_Compare_rav2_kscn_relent,"preprocessing,raw",PP_Compare_rav2.kscn_relent,983
6135,PP_Compare_rav2_htdt_chi2n,"preprocessing,raw",PP_Compare_rav2.htdt_chi2n,983
6136,PP_Compare_rav2_htdt_ksn,"preprocessing,raw",PP_Compare_rav2.htdt_ksn,983
6137,PP_Compare_rav2_olbt_m2,"preprocessing,raw",PP_Compare_rav2.olbt_m2,983
6138,PP_Compare_rav2_olbt_m5,"preprocessing,raw",PP_Compare_rav2.olbt_m5,983
6139,PP_Compare_rav2_olbt_s2,"preprocessing,raw",PP_Compare_rav2.olbt_s2,983
6140,PP_Compare_rav2_olbt_s5,"preprocessing,raw",PP_Compare_rav2.olbt_s5,983
6141,PP_Compare_rav3_statav2,"preprocessing,raw,locationDependent,stationarity",PP_Compare_rav3.statav2,984
6142,PP_Compare_rav3_statav4,"preprocessing,raw,stationarity",PP_Compare_rav3.statav4,984
6143,PP_Compare_rav3_statav6,"preprocessing,raw,stationarity",PP_Compare_rav3.statav6,984
6144,PP_Compare_rav3_statav8,"preprocessing,raw,stationarity",PP_Compare_rav3.statav8,984
6145,PP_Compare_rav3_statav10,"preprocessing,raw,stationarity",PP_Compare_rav3.statav10,984
6146,PP_Compare_rav3_swms2_2,"preprocessing,raw,stationarity",PP_Compare_rav3.swms2_2,984
6147,PP_Compare_rav3_swms5_1,"preprocessing,raw,stationarity",PP_Compare_rav3.swms5_1,984
6148,PP_Compare_rav3_swms5_2,"preprocessing,raw,stationarity",PP_Compare_rav3.swms5_2,984
6149,PP_Compare_rav3_swms10_1,"preprocessing,raw,stationarity",PP_Compare_rav3.swms10_1,984
6150,PP_Compare_rav3_swss2_1,"preprocessing,raw,stationarity",PP_Compare_rav3.swss2_1,984
6151,PP_Compare_rav3_swss2_2,"preprocessing,raw,stationarity",PP_Compare_rav3.swss2_2,984
6152,PP_Compare_rav3_swss5_1,"preprocessing,raw,stationarity",PP_Compare_rav3.swss5_1,984
6153,PP_Compare_rav3_swss5_2,"preprocessing,raw,stationarity",PP_Compare_rav3.swss5_2,984
6154,PP_Compare_rav3_swss10_1,"preprocessing,raw,stationarity",PP_Compare_rav3.swss10_1,984
6155,PP_Compare_rav3_swss10_2,"preprocessing,raw,stationarity",PP_Compare_rav3.swss10_2,984
6156,PP_Compare_rav3_gauss1_kd_r2,"preprocessing,raw",PP_Compare_rav3.gauss1_kd_r2,984
6157,PP_Compare_rav3_gauss1_kd_rmse,"preprocessing,raw",PP_Compare_rav3.gauss1_kd_rmse,984
6158,PP_Compare_rav3_gauss1_kd_resAC1,"preprocessing,raw",PP_Compare_rav3.gauss1_kd_resAC1,984
6159,PP_Compare_rav3_gauss1_kd_resAC2,"preprocessing,raw",PP_Compare_rav3.gauss1_kd_resAC2,984
6160,PP_Compare_rav3_gauss1_kd_resruns,"preprocessing,raw",PP_Compare_rav3.gauss1_kd_resruns,984
6161,PP_Compare_rav3_kscn_adiff,"preprocessing,raw",PP_Compare_rav3.kscn_adiff,984
6162,PP_Compare_rav3_kscn_peaksepy,"preprocessing,raw",PP_Compare_rav3.kscn_peaksepy,984
6163,PP_Compare_rav3_kscn_peaksepx,"preprocessing,raw",PP_Compare_rav3.kscn_peaksepx,984
6164,PP_Compare_rav3_kscn_olapint,"preprocessing,raw",PP_Compare_rav3.kscn_olapint,984
6165,PP_Compare_rav3_kscn_relent,"preprocessing,raw",PP_Compare_rav3.kscn_relent,984
6166,PP_Compare_rav3_htdt_chi2n,"preprocessing,raw",PP_Compare_rav3.htdt_chi2n,984
6167,PP_Compare_rav3_htdt_ksn,"preprocessing,raw",PP_Compare_rav3.htdt_ksn,984
6168,PP_Compare_rav3_olbt_m2,"preprocessing,raw",PP_Compare_rav3.olbt_m2,984
6169,PP_Compare_rav3_olbt_m5,"preprocessing,raw",PP_Compare_rav3.olbt_m5,984
6170,PP_Compare_rav3_olbt_s2,"preprocessing,raw",PP_Compare_rav3.olbt_s2,984
6171,PP_Compare_rav3_olbt_s5,"preprocessing,raw",PP_Compare_rav3.olbt_s5,984
6172,PP_Compare_rav4_statav2,"preprocessing,raw,locationDependent,stationarity",PP_Compare_rav4.statav2,985
6173,PP_Compare_rav4_statav4,"preprocessing,raw,stationarity",PP_Compare_rav4.statav4,985
6174,PP_Compare_rav4_statav6,"preprocessing,raw,stationarity",PP_Compare_rav4.statav6,985
6175,PP_Compare_rav4_statav8,"preprocessing,raw,stationarity",PP_Compare_rav4.statav8,985
6176,PP_Compare_rav4_statav10,"preprocessing,raw,stationarity",PP_Compare_rav4.statav10,985
6177,PP_Compare_rav4_swms2_2,"preprocessing,raw,stationarity",PP_Compare_rav4.swms2_2,985
6178,PP_Compare_rav4_swms5_1,"preprocessing,raw,stationarity",PP_Compare_rav4.swms5_1,985
6179,PP_Compare_rav4_swms5_2,"preprocessing,raw,stationarity",PP_Compare_rav4.swms5_2,985
6180,PP_Compare_rav4_swms10_1,"preprocessing,raw,stationarity",PP_Compare_rav4.swms10_1,985
6181,PP_Compare_rav4_swss2_1,"preprocessing,raw,stationarity",PP_Compare_rav4.swss2_1,985
6182,PP_Compare_rav4_swss2_2,"preprocessing,raw,stationarity",PP_Compare_rav4.swss2_2,985
6183,PP_Compare_rav4_swss5_1,"preprocessing,raw,stationarity",PP_Compare_rav4.swss5_1,985
6184,PP_Compare_rav4_swss5_2,"preprocessing,raw,stationarity",PP_Compare_rav4.swss5_2,985
6185,PP_Compare_rav4_swss10_1,"preprocessing,raw,stationarity",PP_Compare_rav4.swss10_1,985
6186,PP_Compare_rav4_swss10_2,"preprocessing,raw,stationarity",PP_Compare_rav4.swss10_2,985
6187,PP_Compare_rav4_gauss1_kd_r2,"preprocessing,raw",PP_Compare_rav4.gauss1_kd_r2,985
6188,PP_Compare_rav4_gauss1_kd_rmse,"preprocessing,raw",PP_Compare_rav4.gauss1_kd_rmse,985
6189,PP_Compare_rav4_gauss1_kd_resAC1,"preprocessing,raw",PP_Compare_rav4.gauss1_kd_resAC1,985
6190,PP_Compare_rav4_gauss1_kd_resAC2,"preprocessing,raw",PP_Compare_rav4.gauss1_kd_resAC2,985
6191,PP_Compare_rav4_gauss1_kd_resruns,"preprocessing,raw",PP_Compare_rav4.gauss1_kd_resruns,985
6192,PP_Compare_rav4_kscn_adiff,"preprocessing,raw",PP_Compare_rav4.kscn_adiff,985
6193,PP_Compare_rav4_kscn_peaksepy,"preprocessing,raw",PP_Compare_rav4.kscn_peaksepy,985
6194,PP_Compare_rav4_kscn_peaksepx,"preprocessing,raw",PP_Compare_rav4.kscn_peaksepx,985
6195,PP_Compare_rav4_kscn_olapint,"preprocessing,raw",PP_Compare_rav4.kscn_olapint,985
6196,PP_Compare_rav4_kscn_relent,"preprocessing,raw",PP_Compare_rav4.kscn_relent,985
6197,PP_Compare_rav4_htdt_chi2n,"preprocessing,raw",PP_Compare_rav4.htdt_chi2n,985
6198,PP_Compare_rav4_htdt_ksn,"preprocessing,raw",PP_Compare_rav4.htdt_ksn,985
6199,PP_Compare_rav4_olbt_m2,"preprocessing,raw",PP_Compare_rav4.olbt_m2,985
6200,PP_Compare_rav4_olbt_m5,"preprocessing,raw",PP_Compare_rav4.olbt_m5,985
6201,PP_Compare_rav4_olbt_s2,"preprocessing,raw",PP_Compare_rav4.olbt_s2,985
6202,PP_Compare_rav4_olbt_s5,"preprocessing,raw",PP_Compare_rav4.olbt_s5,985
6203,PP_Compare_rav10_statav2,"preprocessing,raw,locationDependent,stationarity",PP_Compare_rav10.statav2,986
6204,PP_Compare_rav10_statav4,"preprocessing,raw,stationarity",PP_Compare_rav10.statav4,986
6205,PP_Compare_rav10_statav6,"preprocessing,raw,stationarity",PP_Compare_rav10.statav6,986
6206,PP_Compare_rav10_statav8,"preprocessing,raw,stationarity",PP_Compare_rav10.statav8,986
6207,PP_Compare_rav10_statav10,"preprocessing,raw,stationarity",PP_Compare_rav10.statav10,986
6208,PP_Compare_rav10_swms2_2,"preprocessing,raw,stationarity",PP_Compare_rav10.swms2_2,986
6209,PP_Compare_rav10_swms5_1,"preprocessing,raw,stationarity",PP_Compare_rav10.swms5_1,986
6210,PP_Compare_rav10_swms5_2,"preprocessing,raw,stationarity",PP_Compare_rav10.swms5_2,986
6211,PP_Compare_rav10_swms10_1,"preprocessing,raw,stationarity",PP_Compare_rav10.swms10_1,986
6212,PP_Compare_rav10_swss2_1,"preprocessing,raw,stationarity",PP_Compare_rav10.swss2_1,986
6213,PP_Compare_rav10_swss2_2,"preprocessing,raw,stationarity",PP_Compare_rav10.swss2_2,986
6214,PP_Compare_rav10_swss5_1,"preprocessing,raw,stationarity",PP_Compare_rav10.swss5_1,986
6215,PP_Compare_rav10_swss5_2,"preprocessing,raw,stationarity",PP_Compare_rav10.swss5_2,986
6216,PP_Compare_rav10_swss10_1,"preprocessing,raw,stationarity",PP_Compare_rav10.swss10_1,986
6217,PP_Compare_rav10_swss10_2,"preprocessing,raw,stationarity",PP_Compare_rav10.swss10_2,986
6218,PP_Compare_rav10_gauss1_kd_r2,"preprocessing,raw",PP_Compare_rav10.gauss1_kd_r2,986
6219,PP_Compare_rav10_gauss1_kd_rmse,"preprocessing,raw",PP_Compare_rav10.gauss1_kd_rmse,986
6220,PP_Compare_rav10_gauss1_kd_resAC1,"preprocessing,raw",PP_Compare_rav10.gauss1_kd_resAC1,986
6221,PP_Compare_rav10_gauss1_kd_resAC2,"preprocessing,raw",PP_Compare_rav10.gauss1_kd_resAC2,986
6222,PP_Compare_rav10_gauss1_kd_resruns,"preprocessing,raw",PP_Compare_rav10.gauss1_kd_resruns,986
6223,PP_Compare_rav10_kscn_adiff,"preprocessing,raw",PP_Compare_rav10.kscn_adiff,986
6224,PP_Compare_rav10_kscn_peaksepy,"preprocessing,raw",PP_Compare_rav10.kscn_peaksepy,986
6225,PP_Compare_rav10_kscn_peaksepx,"preprocessing,raw",PP_Compare_rav10.kscn_peaksepx,986
6226,PP_Compare_rav10_kscn_olapint,"preprocessing,raw",PP_Compare_rav10.kscn_olapint,986
6227,PP_Compare_rav10_kscn_relent,"preprocessing,raw",PP_Compare_rav10.kscn_relent,986
6228,PP_Compare_rav10_htdt_chi2n,"preprocessing,raw",PP_Compare_rav10.htdt_chi2n,986
6229,PP_Compare_rav10_htdt_ksn,"preprocessing,raw",PP_Compare_rav10.htdt_ksn,986
6230,PP_Compare_rav10_olbt_m2,"preprocessing,raw",PP_Compare_rav10.olbt_m2,986
6231,PP_Compare_rav10_olbt_m5,"preprocessing,raw",PP_Compare_rav10.olbt_m5,986
6232,PP_Compare_rav10_olbt_s2,"preprocessing,raw",PP_Compare_rav10.olbt_s2,986
6233,PP_Compare_rav10_olbt_s5,"preprocessing,raw",PP_Compare_rav10.olbt_s5,986
6234,PP_Compare_resample_1_2_statav2,"preprocessing,raw,locationDependent,stationarity",PP_Compare_resample_1_2.statav2,987
6235,PP_Compare_resample_1_2_statav4,"preprocessing,raw,stationarity",PP_Compare_resample_1_2.statav4,987
6236,PP_Compare_resample_1_2_statav6,"preprocessing,raw,stationarity",PP_Compare_resample_1_2.statav6,987
6237,PP_Compare_resample_1_2_statav8,"preprocessing,raw,stationarity",PP_Compare_resample_1_2.statav8,987
6238,PP_Compare_resample_1_2_statav10,"preprocessing,raw,stationarity",PP_Compare_resample_1_2.statav10,987
6239,PP_Compare_resample_1_2_swms2_2,"preprocessing,raw,stationarity",PP_Compare_resample_1_2.swms2_2,987
6240,PP_Compare_resample_1_2_swms5_1,"preprocessing,raw,stationarity",PP_Compare_resample_1_2.swms5_1,987
6241,PP_Compare_resample_1_2_swms5_2,"preprocessing,raw,stationarity",PP_Compare_resample_1_2.swms5_2,987
6242,PP_Compare_resample_1_2_swms10_1,"preprocessing,raw,stationarity",PP_Compare_resample_1_2.swms10_1,987
6243,PP_Compare_resample_1_2_swss2_1,"preprocessing,raw,stationarity",PP_Compare_resample_1_2.swss2_1,987
6244,PP_Compare_resample_1_2_swss2_2,"preprocessing,raw,stationarity",PP_Compare_resample_1_2.swss2_2,987
6245,PP_Compare_resample_1_2_swss5_1,"preprocessing,raw,stationarity",PP_Compare_resample_1_2.swss5_1,987
6246,PP_Compare_resample_1_2_swss5_2,"preprocessing,raw,stationarity",PP_Compare_resample_1_2.swss5_2,987
6247,PP_Compare_resample_1_2_swss10_1,"preprocessing,raw,stationarity",PP_Compare_resample_1_2.swss10_1,987
6248,PP_Compare_resample_1_2_swss10_2,"preprocessing,raw,stationarity",PP_Compare_resample_1_2.swss10_2,987
6249,PP_Compare_resample_1_2_gauss1_kd_r2,"preprocessing,raw",PP_Compare_resample_1_2.gauss1_kd_r2,987
6250,PP_Compare_resample_1_2_gauss1_kd_rmse,"preprocessing,raw",PP_Compare_resample_1_2.gauss1_kd_rmse,987
6251,PP_Compare_resample_1_2_gauss1_kd_resAC1,"preprocessing,raw",PP_Compare_resample_1_2.gauss1_kd_resAC1,987
6252,PP_Compare_resample_1_2_gauss1_kd_resAC2,"preprocessing,raw",PP_Compare_resample_1_2.gauss1_kd_resAC2,987
6253,PP_Compare_resample_1_2_gauss1_kd_resruns,"preprocessing,raw",PP_Compare_resample_1_2.gauss1_kd_resruns,987
6254,PP_Compare_resample_1_2_kscn_adiff,"preprocessing,raw",PP_Compare_resample_1_2.kscn_adiff,987
6255,PP_Compare_resample_1_2_kscn_peaksepy,"preprocessing,raw",PP_Compare_resample_1_2.kscn_peaksepy,987
6256,PP_Compare_resample_1_2_kscn_peaksepx,"preprocessing,raw",PP_Compare_resample_1_2.kscn_peaksepx,987
6257,PP_Compare_resample_1_2_kscn_olapint,"preprocessing,raw",PP_Compare_resample_1_2.kscn_olapint,987
6258,PP_Compare_resample_1_2_kscn_relent,"preprocessing,raw",PP_Compare_resample_1_2.kscn_relent,987
6259,PP_Compare_resample_1_2_htdt_chi2n,"preprocessing,raw",PP_Compare_resample_1_2.htdt_chi2n,987
6260,PP_Compare_resample_1_2_htdt_ksn,"preprocessing,raw",PP_Compare_resample_1_2.htdt_ksn,987
6261,PP_Compare_resample_1_2_olbt_m2,"preprocessing,raw",PP_Compare_resample_1_2.olbt_m2,987
6262,PP_Compare_resample_1_2_olbt_m5,"preprocessing,raw",PP_Compare_resample_1_2.olbt_m5,987
6263,PP_Compare_resample_1_2_olbt_s2,"preprocessing,raw",PP_Compare_resample_1_2.olbt_s2,987
6264,PP_Compare_resample_1_2_olbt_s5,"preprocessing,raw",PP_Compare_resample_1_2.olbt_s5,987
6265,PP_Compare_resample_2_1_statav2,"preprocessing,raw,locationDependent,stationarity",PP_Compare_resample_2_1.statav2,988
6266,PP_Compare_resample_2_1_statav4,"preprocessing,raw,stationarity",PP_Compare_resample_2_1.statav4,988
6267,PP_Compare_resample_2_1_statav6,"preprocessing,raw,stationarity",PP_Compare_resample_2_1.statav6,988
6268,PP_Compare_resample_2_1_statav8,"preprocessing,raw,stationarity",PP_Compare_resample_2_1.statav8,988
6269,PP_Compare_resample_2_1_statav10,"preprocessing,raw,stationarity",PP_Compare_resample_2_1.statav10,988
6270,PP_Compare_resample_2_1_swms2_2,"preprocessing,raw,stationarity",PP_Compare_resample_2_1.swms2_2,988
6271,PP_Compare_resample_2_1_swms5_1,"preprocessing,raw,stationarity",PP_Compare_resample_2_1.swms5_1,988
6272,PP_Compare_resample_2_1_swms5_2,"preprocessing,raw,stationarity",PP_Compare_resample_2_1.swms5_2,988
6273,PP_Compare_resample_2_1_swms10_1,"preprocessing,raw,stationarity",PP_Compare_resample_2_1.swms10_1,988
6274,PP_Compare_resample_2_1_swss2_1,"preprocessing,raw,stationarity",PP_Compare_resample_2_1.swss2_1,988
6275,PP_Compare_resample_2_1_swss2_2,"preprocessing,raw,stationarity",PP_Compare_resample_2_1.swss2_2,988
6276,PP_Compare_resample_2_1_swss5_1,"preprocessing,raw,stationarity",PP_Compare_resample_2_1.swss5_1,988
6277,PP_Compare_resample_2_1_swss5_2,"preprocessing,raw,stationarity",PP_Compare_resample_2_1.swss5_2,988
6278,PP_Compare_resample_2_1_swss10_1,"preprocessing,raw,stationarity",PP_Compare_resample_2_1.swss10_1,988
6279,PP_Compare_resample_2_1_swss10_2,"preprocessing,raw,stationarity",PP_Compare_resample_2_1.swss10_2,988
6280,PP_Compare_resample_2_1_gauss1_kd_r2,"preprocessing,raw",PP_Compare_resample_2_1.gauss1_kd_r2,988
6281,PP_Compare_resample_2_1_gauss1_kd_rmse,"preprocessing,raw",PP_Compare_resample_2_1.gauss1_kd_rmse,988
6282,PP_Compare_resample_2_1_gauss1_kd_resAC1,"preprocessing,raw",PP_Compare_resample_2_1.gauss1_kd_resAC1,988
6283,PP_Compare_resample_2_1_gauss1_kd_resAC2,"preprocessing,raw",PP_Compare_resample_2_1.gauss1_kd_resAC2,988
6284,PP_Compare_resample_2_1_gauss1_kd_resruns,"preprocessing,raw",PP_Compare_resample_2_1.gauss1_kd_resruns,988
6285,PP_Compare_resample_2_1_kscn_adiff,"preprocessing,raw",PP_Compare_resample_2_1.kscn_adiff,988
6286,PP_Compare_resample_2_1_kscn_peaksepy,"preprocessing,raw",PP_Compare_resample_2_1.kscn_peaksepy,988
6287,PP_Compare_resample_2_1_kscn_peaksepx,"preprocessing,raw",PP_Compare_resample_2_1.kscn_peaksepx,988
6288,PP_Compare_resample_2_1_kscn_olapint,"preprocessing,raw",PP_Compare_resample_2_1.kscn_olapint,988
6289,PP_Compare_resample_2_1_kscn_relent,"preprocessing,raw",PP_Compare_resample_2_1.kscn_relent,988
6290,PP_Compare_resample_2_1_htdt_chi2n,"preprocessing,raw",PP_Compare_resample_2_1.htdt_chi2n,988
6291,PP_Compare_resample_2_1_htdt_ksn,"preprocessing,raw",PP_Compare_resample_2_1.htdt_ksn,988
6292,PP_Compare_resample_2_1_olbt_m2,"preprocessing,raw",PP_Compare_resample_2_1.olbt_m2,988
6293,PP_Compare_resample_2_1_olbt_m5,"preprocessing,raw",PP_Compare_resample_2_1.olbt_m5,988
6294,PP_Compare_resample_2_1_olbt_s2,"preprocessing,raw",PP_Compare_resample_2_1.olbt_s2,988
6295,PP_Compare_resample_2_1_olbt_s5,"preprocessing,raw",PP_Compare_resample_2_1.olbt_s5,988
6296,PP_Iterate_diff_statav5_trend,"preprocessing,raw,stationarity",PP_Iterate_diff.statav5_trend,989
6297,PP_Iterate_diff_statav5_jump,"preprocessing,raw,stationarity",PP_Iterate_diff.statav5_jump,989
6298,PP_Iterate_diff_statav5_lin,"preprocessing,raw,stationarity",PP_Iterate_diff.statav5_lin,989
6299,PP_Iterate_diff_swms5_2_trend,"preprocessing,raw,stationarity",PP_Iterate_diff.swms5_2_trend,989
6300,PP_Iterate_diff_swms5_2_jump,"preprocessing,raw,stationarity",PP_Iterate_diff.swms5_2_jump,989
6301,PP_Iterate_diff_swms5_2_lin,"preprocessing,raw,stationarity",PP_Iterate_diff.swms5_2_lin,989
6302,PP_Iterate_diff_swss5_2_trend,"preprocessing,raw,stationarity",PP_Iterate_diff.swss5_2_trend,989
6303,PP_Iterate_diff_swss5_2_jump,"preprocessing,raw,stationarity",PP_Iterate_diff.swss5_2_jump,989
6304,PP_Iterate_diff_swss5_2_lin,"preprocessing,raw,stationarity",PP_Iterate_diff.swss5_2_lin,989
6305,PP_Iterate_diff_gauss1_kd_trend,"preprocessing,raw",PP_Iterate_diff.gauss1_kd_trend,989
6306,PP_Iterate_diff_gauss1_kd_jump,"preprocessing,raw",PP_Iterate_diff.gauss1_kd_jump,989
6307,PP_Iterate_diff_gauss1_kd_lin,"preprocessing,raw",PP_Iterate_diff.gauss1_kd_lin,989
6308,PP_Iterate_diff_gauss1_hsqrt_trend,"preprocessing,raw",PP_Iterate_diff.gauss1_hsqrt_trend,989
6309,PP_Iterate_diff_gauss1_hsqrt_jump,"preprocessing,raw",PP_Iterate_diff.gauss1_hsqrt_jump,989
6310,PP_Iterate_diff_gauss1_hsqrt_lin,"preprocessing,raw",PP_Iterate_diff.gauss1_hsqrt_lin,989
6311,PP_Iterate_diff_norm_kscomp_trend,"preprocessing,raw",PP_Iterate_diff.norm_kscomp_trend,989
6312,PP_Iterate_diff_norm_kscomp_jump,"preprocessing,raw",PP_Iterate_diff.norm_kscomp_jump,989
6313,PP_Iterate_diff_norm_kscomp_lin,"preprocessing,raw",PP_Iterate_diff.norm_kscomp_lin,989
6314,PP_Iterate_diff_ol_trend,"preprocessing,raw",PP_Iterate_diff.ol_trend,989
6315,PP_Iterate_diff_ol_jump,"preprocessing,raw",PP_Iterate_diff.ol_jump,989
6316,PP_Iterate_diff_ol_lin,"preprocessing,raw",PP_Iterate_diff.ol_lin,989
6317,MF_GP_hyperparameters_covSEiso_covNoise_1_200_resample_logh1,"model,GaussianProcess",MF_GP_hyperparameters_covSEiso_covNoise_1_200_resample.logh1,990
6318,MF_GP_hyperparameters_covSEiso_covNoise_1_200_resample_logh2,"model,GaussianProcess",MF_GP_hyperparameters_covSEiso_covNoise_1_200_resample.logh2,990
6319,MF_GP_hyperparameters_covSEiso_covNoise_1_200_resample_logh3,"model,GaussianProcess",MF_GP_hyperparameters_covSEiso_covNoise_1_200_resample.logh3,990
6320,MF_GP_hyperparameters_covSEiso_covNoise_1_200_resample_mlikelihood,"model,GaussianProcess",MF_GP_hyperparameters_covSEiso_covNoise_1_200_resample.mlikelihood,990
6321,MF_GP_hyperparameters_covSEiso_covNoise_1_200_resample_rmserr,"model,GaussianProcess",MF_GP_hyperparameters_covSEiso_covNoise_1_200_resample.rmserr,990
6322,MF_GP_hyperparameters_covSEiso_covNoise_1_200_resample_mabserr_std,"model,GaussianProcess",MF_GP_hyperparameters_covSEiso_covNoise_1_200_resample.mabserr_std,990
6323,MF_GP_hyperparameters_covSEiso_covNoise_1_200_resample_std_mu_data,"model,GaussianProcess",MF_GP_hyperparameters_covSEiso_covNoise_1_200_resample.std_mu_data,990
6324,MF_GP_hyperparameters_covSEiso_covNoise_1_200_resample_std_S_data,"model,GaussianProcess",MF_GP_hyperparameters_covSEiso_covNoise_1_200_resample.std_S_data,990
6325,MF_GP_hyperparameters_covSEiso_covNoise_1_200_resample_maxS,"model,GaussianProcess",MF_GP_hyperparameters_covSEiso_covNoise_1_200_resample.maxS,990
6326,MF_GP_hyperparameters_covSEiso_covNoise_1_200_resample_minS,"model,GaussianProcess",MF_GP_hyperparameters_covSEiso_covNoise_1_200_resample.minS,990
6327,MF_GP_hyperparameters_covSEiso_covNoise_1_200_resample_meanS,"model,GaussianProcess",MF_GP_hyperparameters_covSEiso_covNoise_1_200_resample.meanS,990
6328,MF_GP_hyperparameters_covSEiso_covPeriodic_covNoise_1_200_resample_logh1,"model,GaussianProcess",MF_GP_hyperparameters_covSEiso_covPeriodic_covNoise_1_200_resample.logh1,991
6329,MF_GP_hyperparameters_covSEiso_covPeriodic_covNoise_1_200_resample_logh2,"model,GaussianProcess",MF_GP_hyperparameters_covSEiso_covPeriodic_covNoise_1_200_resample.logh2,991
6330,MF_GP_hyperparameters_covSEiso_covPeriodic_covNoise_1_200_resample_logh3,"model,GaussianProcess",MF_GP_hyperparameters_covSEiso_covPeriodic_covNoise_1_200_resample.logh3,991
6331,MF_GP_hyperparameters_covSEiso_covPeriodic_covNoise_1_200_resample_logh4,"model,GaussianProcess",MF_GP_hyperparameters_covSEiso_covPeriodic_covNoise_1_200_resample.logh4,991
6332,MF_GP_hyperparameters_covSEiso_covPeriodic_covNoise_1_200_resample_logh5,"model,GaussianProcess",MF_GP_hyperparameters_covSEiso_covPeriodic_covNoise_1_200_resample.logh5,991
6333,MF_GP_hyperparameters_covSEiso_covPeriodic_covNoise_1_200_resample_mlikelihood,"model,GaussianProcess",MF_GP_hyperparameters_covSEiso_covPeriodic_covNoise_1_200_resample.mlikelihood,991
6334,MF_GP_hyperparameters_covSEiso_covPeriodic_covNoise_1_200_resample_rmserr,"model,GaussianProcess",MF_GP_hyperparameters_covSEiso_covPeriodic_covNoise_1_200_resample.rmserr,991
6335,MF_GP_hyperparameters_covSEiso_covPeriodic_covNoise_1_200_resample_mabserr_std,"model,GaussianProcess",MF_GP_hyperparameters_covSEiso_covPeriodic_covNoise_1_200_resample.mabserr_std,991
6336,MF_GP_hyperparameters_covSEiso_covPeriodic_covNoise_1_200_resample_std_mu_data,"model,GaussianProcess",MF_GP_hyperparameters_covSEiso_covPeriodic_covNoise_1_200_resample.std_mu_data,991
6337,MF_GP_hyperparameters_covSEiso_covPeriodic_covNoise_1_200_resample_std_S_data,"model,GaussianProcess",MF_GP_hyperparameters_covSEiso_covPeriodic_covNoise_1_200_resample.std_S_data,991
6338,MF_GP_hyperparameters_covSEiso_covPeriodic_covNoise_1_200_resample_maxS,"model,GaussianProcess",MF_GP_hyperparameters_covSEiso_covPeriodic_covNoise_1_200_resample.maxS,991
6339,MF_GP_hyperparameters_covSEiso_covPeriodic_covNoise_1_200_resample_minS,"model,GaussianProcess",MF_GP_hyperparameters_covSEiso_covPeriodic_covNoise_1_200_resample.minS,991
6340,MF_GP_hyperparameters_covSEiso_covPeriodic_covNoise_1_200_resample_meanS,"model,GaussianProcess",MF_GP_hyperparameters_covSEiso_covPeriodic_covNoise_1_200_resample.meanS,991
6341,MF_GP_hyperparameters_covSEiso_covNoise_1_200_first_logh1,"model,GaussianProcess",MF_GP_hyperparameters_covSEiso_covNoise_1_200_first.logh1,992
6342,MF_GP_hyperparameters_covSEiso_covNoise_1_200_first_logh2,"model,GaussianProcess",MF_GP_hyperparameters_covSEiso_covNoise_1_200_first.logh2,992
6343,MF_GP_hyperparameters_covSEiso_covNoise_1_200_first_logh3,"model,GaussianProcess",MF_GP_hyperparameters_covSEiso_covNoise_1_200_first.logh3,992
6344,MF_GP_hyperparameters_covSEiso_covNoise_1_200_first_mlikelihood,"model,GaussianProcess",MF_GP_hyperparameters_covSEiso_covNoise_1_200_first.mlikelihood,992
6345,MF_GP_hyperparameters_covSEiso_covNoise_1_200_first_rmserr,"model,GaussianProcess",MF_GP_hyperparameters_covSEiso_covNoise_1_200_first.rmserr,992
6346,MF_GP_hyperparameters_covSEiso_covNoise_1_200_first_mabserr_std,"model,GaussianProcess",MF_GP_hyperparameters_covSEiso_covNoise_1_200_first.mabserr_std,992
6347,MF_GP_hyperparameters_covSEiso_covNoise_1_200_first_std_mu_data,"model,GaussianProcess",MF_GP_hyperparameters_covSEiso_covNoise_1_200_first.std_mu_data,992
6348,MF_GP_hyperparameters_covSEiso_covNoise_1_200_first_std_S_data,"model,GaussianProcess",MF_GP_hyperparameters_covSEiso_covNoise_1_200_first.std_S_data,992
6349,MF_GP_hyperparameters_covSEiso_covNoise_1_200_first_maxS,"model,GaussianProcess",MF_GP_hyperparameters_covSEiso_covNoise_1_200_first.maxS,992
6350,MF_GP_hyperparameters_covSEiso_covNoise_1_200_first_minS,"model,GaussianProcess",MF_GP_hyperparameters_covSEiso_covNoise_1_200_first.minS,992
6351,MF_GP_hyperparameters_covSEiso_covNoise_1_200_first_meanS,"model,GaussianProcess",MF_GP_hyperparameters_covSEiso_covNoise_1_200_first.meanS,992
6352,MF_GP_hyperparameters_covSEiso_covPeriodic_covNoise_1_200_first_logh1,"model,GaussianProcess",MF_GP_hyperparameters_covSEiso_covPeriodic_covNoise_1_200_first.logh1,993
6353,MF_GP_hyperparameters_covSEiso_covPeriodic_covNoise_1_200_first_logh2,"model,GaussianProcess",MF_GP_hyperparameters_covSEiso_covPeriodic_covNoise_1_200_first.logh2,993
6354,MF_GP_hyperparameters_covSEiso_covPeriodic_covNoise_1_200_first_logh3,"model,GaussianProcess",MF_GP_hyperparameters_covSEiso_covPeriodic_covNoise_1_200_first.logh3,993
6355,MF_GP_hyperparameters_covSEiso_covPeriodic_covNoise_1_200_first_logh4,"model,GaussianProcess",MF_GP_hyperparameters_covSEiso_covPeriodic_covNoise_1_200_first.logh4,993
6356,MF_GP_hyperparameters_covSEiso_covPeriodic_covNoise_1_200_first_logh5,"model,GaussianProcess",MF_GP_hyperparameters_covSEiso_covPeriodic_covNoise_1_200_first.logh5,993
6357,MF_GP_hyperparameters_covSEiso_covPeriodic_covNoise_1_200_first_mlikelihood,"model,GaussianProcess",MF_GP_hyperparameters_covSEiso_covPeriodic_covNoise_1_200_first.mlikelihood,993
6358,MF_GP_hyperparameters_covSEiso_covPeriodic_covNoise_1_200_first_rmserr,"model,GaussianProcess",MF_GP_hyperparameters_covSEiso_covPeriodic_covNoise_1_200_first.rmserr,993
6359,MF_GP_hyperparameters_covSEiso_covPeriodic_covNoise_1_200_first_mabserr_std,"model,GaussianProcess",MF_GP_hyperparameters_covSEiso_covPeriodic_covNoise_1_200_first.mabserr_std,993
6360,MF_GP_hyperparameters_covSEiso_covPeriodic_covNoise_1_200_first_std_mu_data,"model,GaussianProcess",MF_GP_hyperparameters_covSEiso_covPeriodic_covNoise_1_200_first.std_mu_data,993
6361,MF_GP_hyperparameters_covSEiso_covPeriodic_covNoise_1_200_first_std_S_data,"model,GaussianProcess",MF_GP_hyperparameters_covSEiso_covPeriodic_covNoise_1_200_first.std_S_data,993
6362,MF_GP_hyperparameters_covSEiso_covPeriodic_covNoise_1_200_first_maxS,"model,GaussianProcess",MF_GP_hyperparameters_covSEiso_covPeriodic_covNoise_1_200_first.maxS,993
6363,MF_GP_hyperparameters_covSEiso_covPeriodic_covNoise_1_200_first_minS,"model,GaussianProcess",MF_GP_hyperparameters_covSEiso_covPeriodic_covNoise_1_200_first.minS,993
6364,MF_GP_hyperparameters_covSEiso_covPeriodic_covNoise_1_200_first_meanS,"model,GaussianProcess",MF_GP_hyperparameters_covSEiso_covPeriodic_covNoise_1_200_first.meanS,993
6365,MF_GP_hyperparameters_covSEiso_covNoise_1_50_random_i_h1,"model,GaussianProcess",MF_GP_hyperparameters_covSEiso_covNoise_1_50_random_i.h1,994
6366,MF_GP_hyperparameters_covSEiso_covNoise_1_50_random_i_logh1,"model,GaussianProcess",MF_GP_hyperparameters_covSEiso_covNoise_1_50_random_i.logh1,994
6367,MF_GP_hyperparameters_covSEiso_covNoise_1_50_random_i_h2,"model,GaussianProcess",MF_GP_hyperparameters_covSEiso_covNoise_1_50_random_i.h2,994
6368,MF_GP_hyperparameters_covSEiso_covNoise_1_50_random_i_logh2,"model,GaussianProcess",MF_GP_hyperparameters_covSEiso_covNoise_1_50_random_i.logh2,994
6369,MF_GP_hyperparameters_covSEiso_covNoise_1_50_random_i_h3,"model,GaussianProcess",MF_GP_hyperparameters_covSEiso_covNoise_1_50_random_i.h3,994
6370,MF_GP_hyperparameters_covSEiso_covNoise_1_50_random_i_logh3,"model,GaussianProcess",MF_GP_hyperparameters_covSEiso_covNoise_1_50_random_i.logh3,994
6371,MF_GP_hyperparameters_covSEiso_covNoise_1_50_random_i_mlikelihood,"model,GaussianProcess",MF_GP_hyperparameters_covSEiso_covNoise_1_50_random_i.mlikelihood,994
6372,MF_GP_hyperparameters_covSEiso_covNoise_1_50_random_i_rmserr,"model,GaussianProcess",MF_GP_hyperparameters_covSEiso_covNoise_1_50_random_i.rmserr,994
6373,MF_GP_hyperparameters_covSEiso_covNoise_1_50_random_i_mabserr_std,"model,GaussianProcess",MF_GP_hyperparameters_covSEiso_covNoise_1_50_random_i.mabserr_std,994
6374,MF_GP_hyperparameters_covSEiso_covNoise_1_50_random_i_std_mu_data,"model,GaussianProcess",MF_GP_hyperparameters_covSEiso_covNoise_1_50_random_i.std_mu_data,994
6375,MF_GP_hyperparameters_covSEiso_covNoise_1_50_random_i_std_S_data,"model,GaussianProcess",MF_GP_hyperparameters_covSEiso_covNoise_1_50_random_i.std_S_data,994
6376,MF_GP_hyperparameters_covSEiso_covNoise_1_50_random_i_maxS,"model,GaussianProcess",MF_GP_hyperparameters_covSEiso_covNoise_1_50_random_i.maxS,994
6377,MF_GP_hyperparameters_covSEiso_covNoise_1_50_random_i_minS,"model,GaussianProcess",MF_GP_hyperparameters_covSEiso_covNoise_1_50_random_i.minS,994
6378,MF_GP_hyperparameters_covSEiso_covNoise_1_50_random_i_meanS,"model,GaussianProcess",MF_GP_hyperparameters_covSEiso_covNoise_1_50_random_i.meanS,994
6379,MF_GP_LocalPrediction_covSEiso_covNoise_5_3_10_beforeafter_meanstderr_run,"model,GaussianProcess",MF_GP_LocalPrediction_covSEiso_covNoise_5_3_10_beforeafter.meanstderr_run,995
6380,MF_GP_LocalPrediction_covSEiso_covNoise_5_3_10_beforeafter_meanabserr_run,"model,GaussianProcess",MF_GP_LocalPrediction_covSEiso_covNoise_5_3_10_beforeafter.meanabserr_run,995
6381,MF_GP_LocalPrediction_covSEiso_covNoise_5_3_10_beforeafter_maxstderr_run,"model,GaussianProcess",MF_GP_LocalPrediction_covSEiso_covNoise_5_3_10_beforeafter.maxstderr_run,995
6382,MF_GP_LocalPrediction_covSEiso_covNoise_5_3_10_beforeafter_maxabserr_run,"model,GaussianProcess",MF_GP_LocalPrediction_covSEiso_covNoise_5_3_10_beforeafter.maxabserr_run,995
6383,MF_GP_LocalPrediction_covSEiso_covNoise_5_3_10_beforeafter_minstderr_run,"model,GaussianProcess",MF_GP_LocalPrediction_covSEiso_covNoise_5_3_10_beforeafter.minstderr_run,995
6384,MF_GP_LocalPrediction_covSEiso_covNoise_5_3_10_beforeafter_minabserr_run,"model,GaussianProcess",MF_GP_LocalPrediction_covSEiso_covNoise_5_3_10_beforeafter.minabserr_run,995
6385,MF_GP_LocalPrediction_covSEiso_covNoise_5_3_10_beforeafter_maxerrbar,"model,GaussianProcess",MF_GP_LocalPrediction_covSEiso_covNoise_5_3_10_beforeafter.maxerrbar,995
6386,MF_GP_LocalPrediction_covSEiso_covNoise_5_3_10_beforeafter_meanerrbar,"model,GaussianProcess",MF_GP_LocalPrediction_covSEiso_covNoise_5_3_10_beforeafter.meanerrbar,995
6387,MF_GP_LocalPrediction_covSEiso_covNoise_5_3_10_beforeafter_minerrbar,"model,GaussianProcess",MF_GP_LocalPrediction_covSEiso_covNoise_5_3_10_beforeafter.minerrbar,995
6388,MF_GP_LocalPrediction_covSEiso_covNoise_5_3_10_beforeafter_meanlogh1,"model,GaussianProcess",MF_GP_LocalPrediction_covSEiso_covNoise_5_3_10_beforeafter.meanlogh1,995
6389,MF_GP_LocalPrediction_covSEiso_covNoise_5_3_10_beforeafter_stdlogh1,"model,GaussianProcess",MF_GP_LocalPrediction_covSEiso_covNoise_5_3_10_beforeafter.stdlogh1,995
6390,MF_GP_LocalPrediction_covSEiso_covNoise_5_3_10_beforeafter_meanlogh2,"model,GaussianProcess",MF_GP_LocalPrediction_covSEiso_covNoise_5_3_10_beforeafter.meanlogh2,995
6391,MF_GP_LocalPrediction_covSEiso_covNoise_5_3_10_beforeafter_stdlogh2,"model,GaussianProcess",MF_GP_LocalPrediction_covSEiso_covNoise_5_3_10_beforeafter.stdlogh2,995
6392,MF_GP_LocalPrediction_covSEiso_covNoise_5_3_10_beforeafter_meanlogh3,"model,GaussianProcess",MF_GP_LocalPrediction_covSEiso_covNoise_5_3_10_beforeafter.meanlogh3,995
6393,MF_GP_LocalPrediction_covSEiso_covNoise_5_3_10_beforeafter_stdlogh3,"model,GaussianProcess",MF_GP_LocalPrediction_covSEiso_covNoise_5_3_10_beforeafter.stdlogh3,995
6394,MF_GP_LocalPrediction_covSEiso_covNoise_5_3_10_beforeafter_maxmlik,"model,GaussianProcess",MF_GP_LocalPrediction_covSEiso_covNoise_5_3_10_beforeafter.maxmlik,995
6395,MF_GP_LocalPrediction_covSEiso_covNoise_5_3_10_beforeafter_minmlik,"model,GaussianProcess",MF_GP_LocalPrediction_covSEiso_covNoise_5_3_10_beforeafter.minmlik,995
6396,MF_GP_LocalPrediction_covSEiso_covNoise_5_3_10_beforeafter_stdmlik,"model,GaussianProcess",MF_GP_LocalPrediction_covSEiso_covNoise_5_3_10_beforeafter.stdmlik,995
6397,MF_GP_LocalPrediction_covSEiso_covNoise_10_3_20_frombefore_meanstderr_run,"model,GaussianProcess",MF_GP_LocalPrediction_covSEiso_covNoise_10_3_20_frombefore.meanstderr_run,996
6398,MF_GP_LocalPrediction_covSEiso_covNoise_10_3_20_frombefore_meanabserr_run,"model,GaussianProcess",MF_GP_LocalPrediction_covSEiso_covNoise_10_3_20_frombefore.meanabserr_run,996
6399,MF_GP_LocalPrediction_covSEiso_covNoise_10_3_20_frombefore_maxstderr_run,"model,GaussianProcess",MF_GP_LocalPrediction_covSEiso_covNoise_10_3_20_frombefore.maxstderr_run,996
6400,MF_GP_LocalPrediction_covSEiso_covNoise_10_3_20_frombefore_maxabserr_run,"model,GaussianProcess",MF_GP_LocalPrediction_covSEiso_covNoise_10_3_20_frombefore.maxabserr_run,996
6401,MF_GP_LocalPrediction_covSEiso_covNoise_10_3_20_frombefore_minstderr_run,"model,GaussianProcess",MF_GP_LocalPrediction_covSEiso_covNoise_10_3_20_frombefore.minstderr_run,996
6402,MF_GP_LocalPrediction_covSEiso_covNoise_10_3_20_frombefore_minabserr_run,"model,GaussianProcess",MF_GP_LocalPrediction_covSEiso_covNoise_10_3_20_frombefore.minabserr_run,996
6403,MF_GP_LocalPrediction_covSEiso_covNoise_10_3_20_frombefore_maxerrbar,"model,GaussianProcess",MF_GP_LocalPrediction_covSEiso_covNoise_10_3_20_frombefore.maxerrbar,996
6404,MF_GP_LocalPrediction_covSEiso_covNoise_10_3_20_frombefore_meanerrbar,"model,GaussianProcess",MF_GP_LocalPrediction_covSEiso_covNoise_10_3_20_frombefore.meanerrbar,996
6405,MF_GP_LocalPrediction_covSEiso_covNoise_10_3_20_frombefore_minerrbar,"model,GaussianProcess",MF_GP_LocalPrediction_covSEiso_covNoise_10_3_20_frombefore.minerrbar,996
6406,MF_GP_LocalPrediction_covSEiso_covNoise_10_3_20_frombefore_meanlogh1,"model,GaussianProcess",MF_GP_LocalPrediction_covSEiso_covNoise_10_3_20_frombefore.meanlogh1,996
6407,MF_GP_LocalPrediction_covSEiso_covNoise_10_3_20_frombefore_stdlogh1,"model,GaussianProcess",MF_GP_LocalPrediction_covSEiso_covNoise_10_3_20_frombefore.stdlogh1,996
6408,MF_GP_LocalPrediction_covSEiso_covNoise_10_3_20_frombefore_meanlogh2,"model,GaussianProcess",MF_GP_LocalPrediction_covSEiso_covNoise_10_3_20_frombefore.meanlogh2,996
6409,MF_GP_LocalPrediction_covSEiso_covNoise_10_3_20_frombefore_stdlogh2,"model,GaussianProcess",MF_GP_LocalPrediction_covSEiso_covNoise_10_3_20_frombefore.stdlogh2,996
6410,MF_GP_LocalPrediction_covSEiso_covNoise_10_3_20_frombefore_meanlogh3,"model,GaussianProcess",MF_GP_LocalPrediction_covSEiso_covNoise_10_3_20_frombefore.meanlogh3,996
6411,MF_GP_LocalPrediction_covSEiso_covNoise_10_3_20_frombefore_stdlogh3,"model,GaussianProcess",MF_GP_LocalPrediction_covSEiso_covNoise_10_3_20_frombefore.stdlogh3,996
6412,MF_GP_LocalPrediction_covSEiso_covNoise_10_3_20_frombefore_maxmlik,"model,GaussianProcess",MF_GP_LocalPrediction_covSEiso_covNoise_10_3_20_frombefore.maxmlik,996
6413,MF_GP_LocalPrediction_covSEiso_covNoise_10_3_20_frombefore_minmlik,"model,GaussianProcess",MF_GP_LocalPrediction_covSEiso_covNoise_10_3_20_frombefore.minmlik,996
6414,MF_GP_LocalPrediction_covSEiso_covNoise_10_3_20_frombefore_stdmlik,"model,GaussianProcess",MF_GP_LocalPrediction_covSEiso_covNoise_10_3_20_frombefore.stdmlik,996
6415,MF_GP_LocalPrediction_covSEiso_covNoise_10_3_20_randomgap_meanstderr_run,"model,GaussianProcess",MF_GP_LocalPrediction_covSEiso_covNoise_10_3_20_randomgap.meanstderr_run,997
6416,MF_GP_LocalPrediction_covSEiso_covNoise_10_3_20_randomgap_meanabserr_run,"model,GaussianProcess",MF_GP_LocalPrediction_covSEiso_covNoise_10_3_20_randomgap.meanabserr_run,997
6417,MF_GP_LocalPrediction_covSEiso_covNoise_10_3_20_randomgap_maxstderr_run,"model,GaussianProcess",MF_GP_LocalPrediction_covSEiso_covNoise_10_3_20_randomgap.maxstderr_run,997
6418,MF_GP_LocalPrediction_covSEiso_covNoise_10_3_20_randomgap_maxabserr_run,"model,GaussianProcess",MF_GP_LocalPrediction_covSEiso_covNoise_10_3_20_randomgap.maxabserr_run,997
6419,MF_GP_LocalPrediction_covSEiso_covNoise_10_3_20_randomgap_minstderr_run,"model,GaussianProcess",MF_GP_LocalPrediction_covSEiso_covNoise_10_3_20_randomgap.minstderr_run,997
6420,MF_GP_LocalPrediction_covSEiso_covNoise_10_3_20_randomgap_minabserr_run,"model,GaussianProcess",MF_GP_LocalPrediction_covSEiso_covNoise_10_3_20_randomgap.minabserr_run,997
6421,MF_GP_LocalPrediction_covSEiso_covNoise_10_3_20_randomgap_maxerrbar,"model,GaussianProcess",MF_GP_LocalPrediction_covSEiso_covNoise_10_3_20_randomgap.maxerrbar,997
6422,MF_GP_LocalPrediction_covSEiso_covNoise_10_3_20_randomgap_meanerrbar,"model,GaussianProcess",MF_GP_LocalPrediction_covSEiso_covNoise_10_3_20_randomgap.meanerrbar,997
6423,MF_GP_LocalPrediction_covSEiso_covNoise_10_3_20_randomgap_minerrbar,"model,GaussianProcess",MF_GP_LocalPrediction_covSEiso_covNoise_10_3_20_randomgap.minerrbar,997
6424,MF_GP_LocalPrediction_covSEiso_covNoise_10_3_20_randomgap_meanlogh1,"model,GaussianProcess",MF_GP_LocalPrediction_covSEiso_covNoise_10_3_20_randomgap.meanlogh1,997
6425,MF_GP_LocalPrediction_covSEiso_covNoise_10_3_20_randomgap_stdlogh1,"model,GaussianProcess",MF_GP_LocalPrediction_covSEiso_covNoise_10_3_20_randomgap.stdlogh1,997
6426,MF_GP_LocalPrediction_covSEiso_covNoise_10_3_20_randomgap_meanlogh2,"model,GaussianProcess",MF_GP_LocalPrediction_covSEiso_covNoise_10_3_20_randomgap.meanlogh2,997
6427,MF_GP_LocalPrediction_covSEiso_covNoise_10_3_20_randomgap_stdlogh2,"model,GaussianProcess",MF_GP_LocalPrediction_covSEiso_covNoise_10_3_20_randomgap.stdlogh2,997
6428,MF_GP_LocalPrediction_covSEiso_covNoise_10_3_20_randomgap_meanlogh3,"model,GaussianProcess",MF_GP_LocalPrediction_covSEiso_covNoise_10_3_20_randomgap.meanlogh3,997
6429,MF_GP_LocalPrediction_covSEiso_covNoise_10_3_20_randomgap_stdlogh3,"model,GaussianProcess",MF_GP_LocalPrediction_covSEiso_covNoise_10_3_20_randomgap.stdlogh3,997
6430,MF_GP_LocalPrediction_covSEiso_covNoise_10_3_20_randomgap_maxmlik,"model,GaussianProcess",MF_GP_LocalPrediction_covSEiso_covNoise_10_3_20_randomgap.maxmlik,997
6431,MF_GP_LocalPrediction_covSEiso_covNoise_10_3_20_randomgap_minmlik,"model,GaussianProcess",MF_GP_LocalPrediction_covSEiso_covNoise_10_3_20_randomgap.minmlik,997
6432,MF_GP_LocalPrediction_covSEiso_covNoise_10_3_20_randomgap_stdmlik,"model,GaussianProcess",MF_GP_LocalPrediction_covSEiso_covNoise_10_3_20_randomgap.stdmlik,997
6433,MF_GP_FitAcross_covSEiso_covNoise_20_rmserr,"model,GaussianProcess",MF_GP_FitAcross_covSEiso_covNoise_20.rmserr,998
6434,MF_GP_FitAcross_covSEiso_covNoise_20_meanstderr,"model,GaussianProcess",MF_GP_FitAcross_covSEiso_covNoise_20.meanstderr,998
6435,MF_GP_FitAcross_covSEiso_covNoise_20_stdmu,"model,GaussianProcess",MF_GP_FitAcross_covSEiso_covNoise_20.stdmu,998
6436,MF_GP_FitAcross_covSEiso_covNoise_20_meanS,"model,GaussianProcess",MF_GP_FitAcross_covSEiso_covNoise_20.meanS,998
6437,MF_GP_FitAcross_covSEiso_covNoise_20_stdS,"model,GaussianProcess",MF_GP_FitAcross_covSEiso_covNoise_20.stdS,998
6438,MF_GP_FitAcross_covSEiso_covNoise_20_mlikelihood,"model,GaussianProcess",MF_GP_FitAcross_covSEiso_covNoise_20.mlikelihood,998
6439,MF_GP_FitAcross_covSEiso_covNoise_20_logh1,"model,GaussianProcess",MF_GP_FitAcross_covSEiso_covNoise_20.logh1,998
6440,MF_GP_FitAcross_covSEiso_covNoise_20_logh2,"model,GaussianProcess",MF_GP_FitAcross_covSEiso_covNoise_20.logh2,998
6441,MF_GP_FitAcross_covSEiso_covNoise_20_logh3,"model,GaussianProcess",MF_GP_FitAcross_covSEiso_covNoise_20.logh3,998
6442,MF_GP_FitAcross_covSEiso_covNoise_20_h_lonN,"model,GaussianProcess",MF_GP_FitAcross_covSEiso_covNoise_20.h_lonN,998
6443,WL_cwt_db3_32_meanC,"wavelet,cwt",WL_cwt_db3_32.meanC,999
6444,WL_cwt_db3_32_meanabsC,"wavelet,cwt",WL_cwt_db3_32.meanabsC,999
6445,WL_cwt_db3_32_medianabsC,"wavelet,cwt",WL_cwt_db3_32.medianabsC,999
6446,WL_cwt_db3_32_maxabsC,"wavelet,cwt",WL_cwt_db3_32.maxabsC,999
6447,WL_cwt_db3_32_maxonmeanC,"wavelet,cwt",WL_cwt_db3_32.maxonmeanC,999
6448,WL_cwt_db3_32_maxonmedSC,"wavelet,cwt",WL_cwt_db3_32.maxonmeanSC,999
6449,WL_cwt_db3_32_pover99,"wavelet,cwt",WL_cwt_db3_32.pover99,999
6450,WL_cwt_db3_32_pover98,"wavelet,cwt",WL_cwt_db3_32.pover98,999
6451,WL_cwt_db3_32_pover95,"wavelet,cwt",WL_cwt_db3_32.pover95,999
6452,WL_cwt_db3_32_pover90,"wavelet,cwt",WL_cwt_db3_32.pover90,999
6453,WL_cwt_db3_32_pover80,"wavelet,cwt",WL_cwt_db3_32.pover80,999
6454,WL_cwt_db3_32_gam1,"wavelet,cwt",WL_cwt_db3_32.gam1,999
6455,WL_cwt_db3_32_gam2,"wavelet,cwt",WL_cwt_db3_32.gam2,999
6456,WL_cwt_db3_32_SC_h,"wavelet,cwt",WL_cwt_db3_32.SC_h,999
6457,WL_cwt_db3_32_dd_SC_h,"wavelet,cwt",WL_cwt_db3_32.dd_SC_h,999
6458,WL_cwt_db3_32_max_ssc,"wavelet,cwt",WL_cwt_db3_32.max_ssc,999
6459,WL_cwt_db3_32_min_ssc,"wavelet,cwt",WL_cwt_db3_32.min_ssc,999
6460,WL_cwt_db3_32_maxonmed_ssc,"wavelet,cwt",WL_cwt_db3_32.maxonmed_ssc,999
6461,WL_cwt_db3_32_pcross_maxssc50,"wavelet,cwt",WL_cwt_db3_32.pcross_maxssc50,999
6462,WL_cwt_db3_32_std_ssc,"wavelet,cwt",WL_cwt_db3_32.std_ssc,999
6463,WL_cwt_db3_32_stat_2_m_s,"wavelet,cwt",WL_cwt_db3_32.stat_2_m_s,999
6464,WL_cwt_db3_32_stat_2_s_m,"wavelet,cwt",WL_cwt_db3_32.stat_2_s_m,999
6465,WL_cwt_db3_32_stat_2_s_s,"wavelet,cwt",WL_cwt_db3_32.stat_2_s_s,999
6466,WL_cwt_db3_32_stat_5_m_s,"wavelet,cwt",WL_cwt_db3_32.stat_5_m_s,999
6467,WL_cwt_db3_32_stat_5_s_m,"wavelet,cwt",WL_cwt_db3_32.stat_5_s_m,999
6468,WL_cwt_db3_32_stat_5_s_s,"wavelet,cwt",WL_cwt_db3_32.stat_5_s_s,999
6469,WL_cwt_sym2_32_meanC,"wavelet,cwt",WL_cwt_sym2_32.meanC,1000
6470,WL_cwt_sym2_32_meanabsC,"wavelet,cwt",WL_cwt_sym2_32.meanabsC,1000
6471,WL_cwt_sym2_32_medianabsC,"wavelet,cwt",WL_cwt_sym2_32.medianabsC,1000
6472,WL_cwt_sym2_32_maxabsC,"wavelet,cwt",WL_cwt_sym2_32.maxabsC,1000
6473,WL_cwt_sym2_32_maxonmeanC,"wavelet,cwt",WL_cwt_sym2_32.maxonmeanC,1000
6474,WL_cwt_sym2_32_maxonmedSC,"wavelet,cwt",WL_cwt_sym2_32.maxonmeanSC,1000
6475,WL_cwt_sym2_32_pover99,"wavelet,cwt",WL_cwt_sym2_32.pover99,1000
6476,WL_cwt_sym2_32_pover98,"wavelet,cwt",WL_cwt_sym2_32.pover98,1000
6477,WL_cwt_sym2_32_pover95,"wavelet,cwt",WL_cwt_sym2_32.pover95,1000
6478,WL_cwt_sym2_32_pover90,"wavelet,cwt",WL_cwt_sym2_32.pover90,1000
6479,WL_cwt_sym2_32_pover80,"wavelet,cwt",WL_cwt_sym2_32.pover80,1000
6480,WL_cwt_sym2_32_gam1,"wavelet,cwt",WL_cwt_sym2_32.gam1,1000
6481,WL_cwt_sym2_32_gam2,"wavelet,cwt",WL_cwt_sym2_32.gam2,1000
6482,WL_cwt_sym2_32_SC_h,"wavelet,cwt",WL_cwt_sym2_32.SC_h,1000
6483,WL_cwt_sym2_32_dd_SC_h,"wavelet,cwt",WL_cwt_sym2_32.dd_SC_h,1000
6484,WL_cwt_sym2_32_max_ssc,"wavelet,cwt",WL_cwt_sym2_32.max_ssc,1000
6485,WL_cwt_sym2_32_min_ssc,"wavelet,cwt",WL_cwt_sym2_32.min_ssc,1000
6486,WL_cwt_sym2_32_maxonmed_ssc,"wavelet,cwt",WL_cwt_sym2_32.maxonmed_ssc,1000
6487,WL_cwt_sym2_32_pcross_maxssc50,"wavelet,cwt",WL_cwt_sym2_32.pcross_maxssc50,1000
6488,WL_cwt_sym2_32_std_ssc,"wavelet,cwt",WL_cwt_sym2_32.std_ssc,1000
6489,WL_cwt_sym2_32_stat_2_m_s,"wavelet,cwt",WL_cwt_sym2_32.stat_2_m_s,1000
6490,WL_cwt_sym2_32_stat_2_s_m,"wavelet,cwt",WL_cwt_sym2_32.stat_2_s_m,1000
6491,WL_cwt_sym2_32_stat_2_s_s,"wavelet,cwt",WL_cwt_sym2_32.stat_2_s_s,1000
6492,WL_cwt_sym2_32_stat_5_m_s,"wavelet,cwt",WL_cwt_sym2_32.stat_5_m_s,1000
6493,WL_cwt_sym2_32_stat_5_s_m,"wavelet,cwt",WL_cwt_sym2_32.stat_5_s_m,1000
6494,WL_cwt_sym2_32_stat_5_s_s,"wavelet,cwt",WL_cwt_sym2_32.stat_5_s_s,1000
6495,WL_scal2frq_db3_max_1_lmax,"wavelet",WL_scal2frq_db3_max_1.lmax,1001
6496,WL_scal2frq_db3_max_1_pf,"wavelet",WL_scal2frq_db3_max_1.pf,1001
6497,WL_scal2frq_db3_max_1_period,"wavelet",WL_scal2frq_db3_max_1.period,1001
6498,WL_DetailCoeffs_db3_max_max_mean,"wavelet",WL_DetailCoeffs_db3_max.max_mean,1002
6499,WL_DetailCoeffs_db3_max_max_median,"wavelet",WL_DetailCoeffs_db3_max.max_median,1002
6500,WL_DetailCoeffs_db3_max_max_max,"wavelet",WL_DetailCoeffs_db3_max.max_max,1002
6501,WL_DetailCoeffs_db3_max_std_mean,"wavelet",WL_DetailCoeffs_db3_max.std_mean,1002
6502,WL_DetailCoeffs_db3_max_std_median,"wavelet",WL_DetailCoeffs_db3_max.std_median,1002
6503,WL_DetailCoeffs_db3_max_std_max,"wavelet",WL_DetailCoeffs_db3_max.std_max,1002
6504,WL_DetailCoeffs_db3_max_wheremax_mean,"wavelet",WL_DetailCoeffs_db3_max.wheremax_mean,1002
6505,WL_DetailCoeffs_db3_max_wheremax_median,"wavelet",WL_DetailCoeffs_db3_max.wheremax_median,1002
6506,WL_DetailCoeffs_db3_max_wheremax_max,"wavelet",WL_DetailCoeffs_db3_max.wheremax_max,1002
6507,WL_DetailCoeffs_db3_max_max1on2_mean,"wavelet",WL_DetailCoeffs_db3_max.max1on2_mean,1002
6508,WL_DetailCoeffs_db3_max_max1on2_median,"wavelet",WL_DetailCoeffs_db3_max.max1on2_median,1002
6509,WL_DetailCoeffs_db3_max_max1on2_max,"wavelet",WL_DetailCoeffs_db3_max.max1on2_max,1002
6510,WL_DetailCoeffs_db3_max_wslesr_mean,"wavelet",WL_DetailCoeffs_db3_max.wslesr_mean,1002
6511,WL_DetailCoeffs_db3_max_wslesr_median,"wavelet",WL_DetailCoeffs_db3_max.wslesr_median,1002
6512,WL_DetailCoeffs_db3_max_wslesr_max,"wavelet",WL_DetailCoeffs_db3_max.wslesr_max,1002
6513,WL_DetailCoeffs_db3_max_corrcoef_max_medians,"wavelet",WL_DetailCoeffs_db3_max.corrcoef_max_medians,1002
6514,WL_coeffs_db3_1_mean_coeff,"wavelet",WL_coeffs_db3_1.mean_coeff,1003
6515,WL_coeffs_db3_1_max_coeff,"wavelet",WL_coeffs_db3_1.max_coeff,1003
6516,WL_coeffs_db3_1_med_coeff,"wavelet",WL_coeffs_db3_1.med_coeff,1003
6517,WL_coeffs_db3_1_wb99m,"wavelet,lengthDependent",WL_coeffs_db3_1.wb99m,1003
6518,WL_coeffs_db3_1_wb90m,"wavelet",WL_coeffs_db3_1.wb90m,1003
6519,WL_coeffs_db3_1_wb75m,"wavelet",WL_coeffs_db3_1.wb75m,1003
6520,WL_coeffs_db3_1_wb50m,"wavelet",WL_coeffs_db3_1.wb50m,1003
6521,WL_coeffs_db3_1_wb25m,"wavelet",WL_coeffs_db3_1.wb25m,1003
6522,WL_coeffs_db3_1_wb10m,"wavelet",WL_coeffs_db3_1.wb10m,1003
6523,WL_coeffs_db3_1_wb1m,"wavelet",WL_coeffs_db3_1.wb1m,1003
6524,WL_coeffs_db3_2_mean_coeff,"wavelet",WL_coeffs_db3_2.mean_coeff,1004
6525,WL_coeffs_db3_2_max_coeff,"wavelet",WL_coeffs_db3_2.max_coeff,1004
6526,WL_coeffs_db3_2_med_coeff,"wavelet",WL_coeffs_db3_2.med_coeff,1004
6527,WL_coeffs_db3_2_wb99m,"wavelet,lengthDependent",WL_coeffs_db3_2.wb99m,1004
6528,WL_coeffs_db3_2_wb90m,"wavelet",WL_coeffs_db3_2.wb90m,1004
6529,WL_coeffs_db3_2_wb75m,"wavelet",WL_coeffs_db3_2.wb75m,1004
6530,WL_coeffs_db3_2_wb50m,"wavelet",WL_coeffs_db3_2.wb50m,1004
6531,WL_coeffs_db3_2_wb25m,"wavelet",WL_coeffs_db3_2.wb25m,1004
6532,WL_coeffs_db3_2_wb10m,"wavelet",WL_coeffs_db3_2.wb10m,1004
6533,WL_coeffs_db3_2_wb1m,"wavelet",WL_coeffs_db3_2.wb1m,1004
6534,WL_coeffs_db3_3_mean_coeff,"wavelet",WL_coeffs_db3_3.mean_coeff,1005
6535,WL_coeffs_db3_3_max_coeff,"wavelet",WL_coeffs_db3_3.max_coeff,1005
6536,WL_coeffs_db3_3_med_coeff,"wavelet",WL_coeffs_db3_3.med_coeff,1005
6537,WL_coeffs_db3_3_wb99m,"wavelet,lengthDependent",WL_coeffs_db3_3.wb99m,1005
6538,WL_coeffs_db3_3_wb90m,"wavelet",WL_coeffs_db3_3.wb90m,1005
6539,WL_coeffs_db3_3_wb75m,"wavelet",WL_coeffs_db3_3.wb75m,1005
6540,WL_coeffs_db3_3_wb50m,"wavelet",WL_coeffs_db3_3.wb50m,1005
6541,WL_coeffs_db3_3_wb25m,"wavelet",WL_coeffs_db3_3.wb25m,1005
6542,WL_coeffs_db3_3_wb10m,"wavelet",WL_coeffs_db3_3.wb10m,1005
6543,WL_coeffs_db3_3_wb1m,"wavelet",WL_coeffs_db3_3.wb1m,1005
6544,WL_coeffs_db3_4_mean_coeff,"wavelet",WL_coeffs_db3_4.mean_coeff,1006
6545,WL_coeffs_db3_4_max_coeff,"wavelet",WL_coeffs_db3_4.max_coeff,1006
6546,WL_coeffs_db3_4_med_coeff,"wavelet",WL_coeffs_db3_4.med_coeff,1006
6547,WL_coeffs_db3_4_wb99m,"wavelet,lengthDependent",WL_coeffs_db3_4.wb99m,1006
6548,WL_coeffs_db3_4_wb90m,"wavelet",WL_coeffs_db3_4.wb90m,1006
6549,WL_coeffs_db3_4_wb75m,"wavelet",WL_coeffs_db3_4.wb75m,1006
6550,WL_coeffs_db3_4_wb50m,"wavelet",WL_coeffs_db3_4.wb50m,1006
6551,WL_coeffs_db3_4_wb25m,"wavelet",WL_coeffs_db3_4.wb25m,1006
6552,WL_coeffs_db3_4_wb10m,"wavelet",WL_coeffs_db3_4.wb10m,1006
6553,WL_coeffs_db3_4_wb1m,"wavelet",WL_coeffs_db3_4.wb1m,1006
6554,WL_coeffs_db3_5_mean_coeff,"wavelet",WL_coeffs_db3_5.mean_coeff,1007
6555,WL_coeffs_db3_5_max_coeff,"wavelet",WL_coeffs_db3_5.max_coeff,1007
6556,WL_coeffs_db3_5_med_coeff,"wavelet",WL_coeffs_db3_5.med_coeff,1007
6557,WL_coeffs_db3_5_wb99m,"wavelet,lengthDependent",WL_coeffs_db3_5.wb99m,1007
6558,WL_coeffs_db3_5_wb90m,"wavelet",WL_coeffs_db3_5.wb90m,1007
6559,WL_coeffs_db3_5_wb75m,"wavelet",WL_coeffs_db3_5.wb75m,1007
6560,WL_coeffs_db3_5_wb50m,"wavelet",WL_coeffs_db3_5.wb50m,1007
6561,WL_coeffs_db3_5_wb25m,"wavelet",WL_coeffs_db3_5.wb25m,1007
6562,WL_coeffs_db3_5_wb10m,"wavelet",WL_coeffs_db3_5.wb10m,1007
6563,WL_coeffs_db3_5_wb1m,"wavelet",WL_coeffs_db3_5.wb1m,1007
6564,WL_coeffs_db3_max_mean_coeff,"wavelet",WL_coeffs_db3_max.mean_coeff,1008
6565,WL_coeffs_db3_max_max_coeff,"wavelet",WL_coeffs_db3_max.max_coeff,1008
6566,WL_coeffs_db3_max_med_coeff,"wavelet",WL_coeffs_db3_max.med_coeff,1008
6567,WL_coeffs_db3_max_wb99m,"wavelet,lengthDependent",WL_coeffs_db3_max.wb99m,1008
6568,WL_coeffs_db3_max_wb90m,"wavelet",WL_coeffs_db3_max.wb90m,1008
6569,WL_coeffs_db3_max_wb75m,"wavelet",WL_coeffs_db3_max.wb75m,1008
6570,WL_coeffs_db3_max_wb50m,"wavelet",WL_coeffs_db3_max.wb50m,1008
6571,WL_coeffs_db3_max_wb25m,"wavelet",WL_coeffs_db3_max.wb25m,1008
6572,WL_coeffs_db3_max_wb10m,"wavelet",WL_coeffs_db3_max.wb10m,1008
6573,WL_coeffs_db3_max_wb1m,"wavelet",WL_coeffs_db3_max.wb1m,1008
6574,WL_fBM_p1,"wavelet",WL_fBM.p1,1009
6575,WL_fBM_p2,"wavelet",WL_fBM.p2,1009
6576,WL_fBM_p3,"wavelet",WL_fBM.p3,1009
6577,WL_dwtcoeff_db3_5_maxd_l1,"wavelet,dwt",WL_dwtcoeff_db3_5.maxd_l1,1010
6578,WL_dwtcoeff_db3_5_mind_l1,"wavelet,dwt",WL_dwtcoeff_db3_5.mind_l1,1010
6579,WL_dwtcoeff_db3_5_stdd_l1,"wavelet,dwt",WL_dwtcoeff_db3_5.stdd_l1,1010
6580,WL_dwtcoeff_db3_5_noisestd_l1,"wavelet,dwt",WL_dwtcoeff_db3_5.noisestd_l1,1010
6581,WL_dwtcoeff_db3_5_maxd_l2,"wavelet,dwt",WL_dwtcoeff_db3_5.maxd_l2,1010
6582,WL_dwtcoeff_db3_5_mind_l2,"wavelet,dwt",WL_dwtcoeff_db3_5.mind_l2,1010
6583,WL_dwtcoeff_db3_5_stdd_l2,"wavelet,dwt",WL_dwtcoeff_db3_5.stdd_l2,1010
6584,WL_dwtcoeff_db3_5_noisestd_l2,"wavelet,dwt",WL_dwtcoeff_db3_5.noisestd_l2,1010
6585,WL_dwtcoeff_db3_5_maxd_l3,"wavelet,dwt",WL_dwtcoeff_db3_5.maxd_l3,1010
6586,WL_dwtcoeff_db3_5_mind_l3,"wavelet,dwt",WL_dwtcoeff_db3_5.mind_l3,1010
6587,WL_dwtcoeff_db3_5_stdd_l3,"wavelet,dwt",WL_dwtcoeff_db3_5.stdd_l3,1010
6588,WL_dwtcoeff_db3_5_noisestd_l3,"wavelet,dwt",WL_dwtcoeff_db3_5.noisestd_l3,1010
6589,WL_dwtcoeff_db3_5_maxd_l4,"wavelet,dwt",WL_dwtcoeff_db3_5.maxd_l4,1010
6590,WL_dwtcoeff_db3_5_mind_l4,"wavelet,dwt",WL_dwtcoeff_db3_5.mind_l4,1010
6591,WL_dwtcoeff_db3_5_stdd_l4,"wavelet,dwt",WL_dwtcoeff_db3_5.stdd_l4,1010
6592,WL_dwtcoeff_db3_5_noisestd_l4,"wavelet,dwt",WL_dwtcoeff_db3_5.noisestd_l4,1010
6593,WL_dwtcoeff_db3_5_maxd_l5,"wavelet,dwt",WL_dwtcoeff_db3_5.maxd_l5,1010
6594,WL_dwtcoeff_db3_5_mind_l5,"wavelet,dwt",WL_dwtcoeff_db3_5.mind_l5,1010
6595,WL_dwtcoeff_db3_5_stdd_l5,"wavelet,dwt",WL_dwtcoeff_db3_5.stdd_l5,1010
6596,WL_dwtcoeff_db3_5_noisestd_l5,"wavelet,dwt",WL_dwtcoeff_db3_5.noisestd_l5,1010
6597,WL_dwtcoeff_sym2_5_maxd_l1,"wavelet,dwt",WL_dwtcoeff_sym2_5.maxd_l1,1011
6598,WL_dwtcoeff_sym2_5_mind_l1,"wavelet,dwt",WL_dwtcoeff_sym2_5.mind_l1,1011
6599,WL_dwtcoeff_sym2_5_stdd_l1,"wavelet,dwt",WL_dwtcoeff_sym2_5.stdd_l1,1011
6600,WL_dwtcoeff_sym2_5_noisestd_l1,"wavelet,dwt",WL_dwtcoeff_sym2_5.noisestd_l1,1011
6601,WL_dwtcoeff_sym2_5_maxd_l2,"wavelet,dwt",WL_dwtcoeff_sym2_5.maxd_l2,1011
6602,WL_dwtcoeff_sym2_5_mind_l2,"wavelet,dwt",WL_dwtcoeff_sym2_5.mind_l2,1011
6603,WL_dwtcoeff_sym2_5_stdd_l2,"wavelet,dwt",WL_dwtcoeff_sym2_5.stdd_l2,1011
6604,WL_dwtcoeff_sym2_5_noisestd_l2,"wavelet,dwt",WL_dwtcoeff_sym2_5.noisestd_l2,1011
6605,WL_dwtcoeff_sym2_5_maxd_l3,"wavelet,dwt",WL_dwtcoeff_sym2_5.maxd_l3,1011
6606,WL_dwtcoeff_sym2_5_mind_l3,"wavelet,dwt",WL_dwtcoeff_sym2_5.mind_l3,1011
6607,WL_dwtcoeff_sym2_5_stdd_l3,"wavelet,dwt",WL_dwtcoeff_sym2_5.stdd_l3,1011
6608,WL_dwtcoeff_sym2_5_noisestd_l3,"wavelet,dwt",WL_dwtcoeff_sym2_5.noisestd_l3,1011
6609,WL_dwtcoeff_sym2_5_maxd_l4,"wavelet,dwt",WL_dwtcoeff_sym2_5.maxd_l4,1011
6610,WL_dwtcoeff_sym2_5_mind_l4,"wavelet,dwt",WL_dwtcoeff_sym2_5.mind_l4,1011
6611,WL_dwtcoeff_sym2_5_stdd_l4,"wavelet,dwt",WL_dwtcoeff_sym2_5.stdd_l4,1011
6612,WL_dwtcoeff_sym2_5_noisestd_l4,"wavelet,dwt",WL_dwtcoeff_sym2_5.noisestd_l4,1011
6613,WL_dwtcoeff_sym2_5_maxd_l5,"wavelet,dwt",WL_dwtcoeff_sym2_5.maxd_l5,1011
6614,WL_dwtcoeff_sym2_5_mind_l5,"wavelet,dwt",WL_dwtcoeff_sym2_5.mind_l5,1011
6615,WL_dwtcoeff_sym2_5_stdd_l5,"wavelet,dwt",WL_dwtcoeff_sym2_5.stdd_l5,1011
6616,WL_dwtcoeff_sym2_5_noisestd_l5,"wavelet,dwt",WL_dwtcoeff_sym2_5.noisestd_l5,1011
6617,MF_arfit_1_8_sbc_A1,"modelfit,arfit",MF_arfit_1_8_sbc.A1,1012
6618,MF_arfit_1_8_sbc_A2,"modelfit,arfit",MF_arfit_1_8_sbc.A2,1012
6619,MF_arfit_1_8_sbc_A3,"modelfit,arfit",MF_arfit_1_8_sbc.A3,1012
6620,MF_arfit_1_8_sbc_A4,"modelfit,arfit",MF_arfit_1_8_sbc.A4,1012
6621,MF_arfit_1_8_sbc_A5,"modelfit,arfit",MF_arfit_1_8_sbc.A5,1012
6622,MF_arfit_1_8_sbc_A6,"modelfit,arfit",MF_arfit_1_8_sbc.A6,1012
6623,MF_arfit_1_8_sbc_maxA,"modelfit,arfit",MF_arfit_1_8_sbc.maxA,1012
6624,MF_arfit_1_8_sbc_minA,"modelfit,arfit",MF_arfit_1_8_sbc.minA,1012
6625,MF_arfit_1_8_sbc_meanA,"modelfit,arfit",MF_arfit_1_8_sbc.meanA,1012
6626,MF_arfit_1_8_sbc_stdA,"modelfit,arfit",MF_arfit_1_8_sbc.stdA,1012
6627,MF_arfit_1_8_sbc_sumA,"modelfit,arfit",MF_arfit_1_8_sbc.sumA,1012
6628,MF_arfit_1_8_sbc_rmsA,"modelfit,arfit",MF_arfit_1_8_sbc.rmsA,1012
6629,MF_arfit_1_8_sbc_sumsqA,"modelfit,arfit",MF_arfit_1_8_sbc.sumsqA,1012
6630,MF_arfit_1_8_sbc_C,"modelfit,arfit",MF_arfit_1_8_sbc.C,1012
6631,MF_arfit_1_8_sbc_fpe_1,"modelfit,arfit",MF_arfit_1_8_sbc.fpe_1,1012
6632,MF_arfit_1_8_sbc_fpe_2,"modelfit,arfit",MF_arfit_1_8_sbc.fpe_2,1012
6633,MF_arfit_1_8_sbc_fpe_3,"modelfit,arfit",MF_arfit_1_8_sbc.fpe_3,1012
6634,MF_arfit_1_8_sbc_fpe_4,"modelfit,arfit",MF_arfit_1_8_sbc.fpe_4,1012
6635,MF_arfit_1_8_sbc_fpe_5,"modelfit,arfit",MF_arfit_1_8_sbc.fpe_5,1012
6636,MF_arfit_1_8_sbc_fpe_6,"modelfit,arfit",MF_arfit_1_8_sbc.fpe_6,1012
6637,MF_arfit_1_8_sbc_fpe_7,"modelfit,arfit",MF_arfit_1_8_sbc.fpe_7,1012
6638,MF_arfit_1_8_sbc_fpe_8,"modelfit,arfit",MF_arfit_1_8_sbc.fpe_8,1012
6639,MF_arfit_1_8_sbc_minfpe,"modelfit,arfit",MF_arfit_1_8_sbc.minfpe,1012
6640,MF_arfit_1_8_sbc_popt_fpe,"modelfit,arfit",MF_arfit_1_8_sbc.popt_fpe,1012
6641,MF_arfit_1_8_sbc_aroundmin_fpe,"modelfit,arfit",MF_arfit_1_8_sbc.aroundmin_fpe,1012
6642,MF_arfit_1_8_sbc_res_siglev,"modelfit,arfit",MF_arfit_1_8_sbc.res_siglev,1012
6643,MF_arfit_1_8_sbc_res_ac1,"modelfit,arfit",MF_arfit_1_8_sbc.res_ac1,1012
6644,MF_arfit_1_8_sbc_res_ac1_norm,"modelfit,arfit",MF_arfit_1_8_sbc.res_ac1_norm,1012
6645,MF_arfit_1_8_sbc_pcorr_res,"modelfit,arfit",MF_arfit_1_8_sbc.pcorr_res,1012
6646,MF_arfit_1_8_sbc_aerr_min,"modelfit,arfit",MF_arfit_1_8_sbc.aerr_min,1012
6647,MF_arfit_1_8_sbc_aerr_max,"modelfit,arfit",MF_arfit_1_8_sbc.aerr_max,1012
6648,MF_arfit_1_8_sbc_aerr_mean,"modelfit,arfit",MF_arfit_1_8_sbc.aerr_mean,1012
6649,MF_arfit_1_8_sbc_maxReS,"modelfit,arfit",MF_arfit_1_8_sbc.maxReS,1012
6650,MF_arfit_1_8_sbc_maxImS,"modelfit,arfit",MF_arfit_1_8_sbc.maxImS,1012
6651,MF_arfit_1_8_sbc_maxabsS,"modelfit,arfit",MF_arfit_1_8_sbc.maxabsS,1012
6652,MF_arfit_1_8_sbc_stdabsS,"modelfit,arfit",MF_arfit_1_8_sbc.stdabsS,1012
6653,MF_arfit_1_8_sbc_hasInfper,"modelfit,arfit",MF_arfit_1_8_sbc.hasInfper,1012
6654,MF_arfit_1_8_sbc_meanper,"modelfit,arfit",MF_arfit_1_8_sbc.meanper,1012
6655,MF_arfit_1_8_sbc_stdper,"modelfit,arfit",MF_arfit_1_8_sbc.stdper,1012
6656,MF_arfit_1_8_sbc_maxper,"modelfit,arfit",MF_arfit_1_8_sbc.maxper,1012
6657,MF_arfit_1_8_sbc_minper,"modelfit,arfit",MF_arfit_1_8_sbc.minper,1012
6658,MF_arfit_1_8_sbc_meanpererr,"modelfit,arfit",MF_arfit_1_8_sbc.meanpererr,1012
6659,MF_arfit_1_8_sbc_meantau,"modelfit,arfit",MF_arfit_1_8_sbc.meantau,1012
6660,MF_arfit_1_8_sbc_maxtau,"modelfit,arfit",MF_arfit_1_8_sbc.maxtau,1012
6661,MF_arfit_1_8_sbc_mintau,"modelfit,arfit",MF_arfit_1_8_sbc.mintau,1012
6662,MF_arfit_1_8_sbc_stdtau,"modelfit,arfit",MF_arfit_1_8_sbc.stdtau,1012
6663,MF_arfit_1_8_sbc_meantauerr,"modelfit,arfit",MF_arfit_1_8_sbc.meantauerr,1012
6664,MF_arfit_1_8_sbc_maxexctn,"modelfit,arfit",MF_arfit_1_8_sbc.maxexctn,1012
6665,MF_arfit_1_8_sbc_minexctn,"modelfit,arfit",MF_arfit_1_8_sbc.minexctn,1012
6666,MF_arfit_1_8_sbc_meanexctn,"modelfit,arfit",MF_arfit_1_8_sbc.meanexctn,1012
6667,MF_arfit_1_8_sbc_stdexctn,"modelfit,arfit",MF_arfit_1_8_sbc.stdexctn,1012
6668,NL_MS_fnn_1_10_mi_5_1_pfnn_1,"nonlinear,fnn,slow",NL_MS_fnn_1_10_mi_5_1.pfnn_1,1013
6669,NL_MS_fnn_1_10_mi_5_1_pfnn_2,"nonlinear,fnn,slow",NL_MS_fnn_1_10_mi_5_1.pfnn_2,1013
6670,NL_MS_fnn_1_10_mi_5_1_pfnn_3,"nonlinear,fnn,slow",NL_MS_fnn_1_10_mi_5_1.pfnn_3,1013
6671,NL_MS_fnn_1_10_mi_5_1_pfnn_4,"nonlinear,fnn,slow",NL_MS_fnn_1_10_mi_5_1.pfnn_4,1013
6672,NL_MS_fnn_1_10_mi_5_1_pfnn_5,"nonlinear,fnn,slow",NL_MS_fnn_1_10_mi_5_1.pfnn_5,1013
6673,NL_MS_fnn_1_10_mi_5_1_pfnn_6,"nonlinear,fnn,slow",NL_MS_fnn_1_10_mi_5_1.pfnn_6,1013
6674,NL_MS_fnn_1_10_mi_5_1_pfnn_7,"nonlinear,fnn,slow",NL_MS_fnn_1_10_mi_5_1.pfnn_7,1013
6675,NL_MS_fnn_1_10_mi_5_1_pfnn_8,"nonlinear,fnn,slow",NL_MS_fnn_1_10_mi_5_1.pfnn_8,1013
6676,NL_MS_fnn_1_10_mi_5_1_pfnn_9,"nonlinear,fnn,slow",NL_MS_fnn_1_10_mi_5_1.pfnn_9,1013
6677,NL_MS_fnn_1_10_mi_5_1_pfnn_10,"nonlinear,fnn,slow",NL_MS_fnn_1_10_mi_5_1.pfnn_10,1013
6678,NL_MS_fnn_1_10_mi_5_1_meanpfnn,"nonlinear,fnn,slow",NL_MS_fnn_1_10_mi_5_1.meanpfnn,1013
6679,NL_MS_fnn_1_10_mi_5_1_stdpfnn,"nonlinear,fnn,slow",NL_MS_fnn_1_10_mi_5_1.stdpfnn,1013
6680,NL_MS_fnn_1_10_mi_5_1_firstunder02,"nonlinear,fnn,slow",NL_MS_fnn_1_10_mi_5_1.firstunder02,1013
6681,NL_MS_fnn_1_10_mi_5_1_firstunder01,"nonlinear,fnn,slow",NL_MS_fnn_1_10_mi_5_1.firstunder01,1013
6682,NL_MS_fnn_1_10_mi_5_1_firstunder005,"nonlinear,fnn,slow",NL_MS_fnn_1_10_mi_5_1.firstunder005,1013
6683,NL_MS_fnn_1_10_mi_5_1_firstunder002,"nonlinear,fnn,slow",NL_MS_fnn_1_10_mi_5_1.firstunder002,1013
6684,NL_MS_fnn_1_10_mi_5_1_firstunder001,"nonlinear,fnn,slow",NL_MS_fnn_1_10_mi_5_1.firstunder001,1013
6685,NL_MS_fnn_1_10_mi_5_1_max1stepchange,"nonlinear,fnn,slow",NL_MS_fnn_1_10_mi_5_1.max1stepchange,1013
6686,NL_MS_nlpe_2_mi_msqerr,"nonlinear,prediction,model",NL_MS_nlpe_2_mi.msqerr,1014
6687,NL_MS_nlpe_2_mi_meane,"nonlinear,prediction,model",NL_MS_nlpe_2_mi.meane,1014
6688,NL_MS_nlpe_2_mi_meanabs,"nonlinear,prediction,model",NL_MS_nlpe_2_mi.meanabs,1014
6689,NL_MS_nlpe_2_mi_stde,"nonlinear,prediction,model",NL_MS_nlpe_2_mi.stde,1014
6690,NL_MS_nlpe_2_mi_mms,"nonlinear,prediction,model",NL_MS_nlpe_2_mi.mms,1014
6691,NL_MS_nlpe_2_mi_maxonmean,"nonlinear,prediction,model",NL_MS_nlpe_2_mi.maxonmean,1014
6692,NL_MS_nlpe_2_mi_p1_5,"nonlinear,prediction,model",NL_MS_nlpe_2_mi.p1_5,1014
6693,NL_MS_nlpe_2_mi_p2_5,"nonlinear,prediction,model",NL_MS_nlpe_2_mi.p2_5,1014
6694,NL_MS_nlpe_2_mi_p3_5,"nonlinear,prediction,model",NL_MS_nlpe_2_mi.p3_5,1014
6695,NL_MS_nlpe_2_mi_p4_5,"nonlinear,prediction,model",NL_MS_nlpe_2_mi.p4_5,1014
6696,NL_MS_nlpe_2_mi_p5_5,"nonlinear,prediction,model",NL_MS_nlpe_2_mi.p5_5,1014
6697,NL_MS_nlpe_2_mi_ac1,"nonlinear,prediction,model",NL_MS_nlpe_2_mi.ac1,1014
6698,NL_MS_nlpe_2_mi_ac2,"nonlinear,prediction,model",NL_MS_nlpe_2_mi.ac2,1014
6699,NL_MS_nlpe_2_mi_ac3,"nonlinear,prediction,model",NL_MS_nlpe_2_mi.ac3,1014
6700,NL_MS_nlpe_2_mi_ac1n,"nonlinear,prediction,model",NL_MS_nlpe_2_mi.ac1n,1014
6701,NL_MS_nlpe_2_mi_ac2n,"nonlinear,prediction,model",NL_MS_nlpe_2_mi.ac2n,1014
6702,NL_MS_nlpe_2_mi_ac3n,"nonlinear,prediction,model",NL_MS_nlpe_2_mi.ac3n,1014
6703,NL_MS_nlpe_2_mi_acmnd0,"nonlinear,prediction,model",NL_MS_nlpe_2_mi.acmnd0,1014
6704,NL_MS_nlpe_2_mi_acsnd0,"nonlinear,prediction,model",NL_MS_nlpe_2_mi.acsnd0,1014
6705,NL_MS_nlpe_2_mi_propbth,"nonlinear,prediction,model",NL_MS_nlpe_2_mi.propbth,1014
6706,NL_MS_nlpe_2_mi_ftbth,"nonlinear,prediction,model",NL_MS_nlpe_2_mi.ftbth,1014
6707,NL_MS_nlpe_2_mi_dwts,"nonlinear,prediction,model",NL_MS_nlpe_2_mi.dwts,1014
6708,NL_MS_nlpe_2_mi_popt,"nonlinear,prediction,model",NL_MS_nlpe_2_mi.popt,1014
6709,NL_MS_nlpe_2_mi_minfpe,"nonlinear,prediction,model",NL_MS_nlpe_2_mi.minfpe,1014
6710,NL_MS_nlpe_2_mi_sbc1,"nonlinear,prediction,model",NL_MS_nlpe_2_mi.sbc1,1014
6711,NL_MS_nlpe_2_mi_normksstat,"nonlinear,prediction,model",NL_MS_nlpe_2_mi.normksstat,1014
6712,NL_MS_nlpe_2_mi_normp,"nonlinear,prediction,model",NL_MS_nlpe_2_mi.normp,1014
6713,NL_MS_nlpe_3_ac_msqerr,"nonlinear,prediction,model",NL_MS_nlpe_3_ac.msqerr,1015
6714,NL_MS_nlpe_3_ac_meane,"nonlinear,prediction,model",NL_MS_nlpe_3_ac.meane,1015
6715,NL_MS_nlpe_3_ac_meanabs,"nonlinear,prediction,model",NL_MS_nlpe_3_ac.meanabs,1015
6716,NL_MS_nlpe_3_ac_stde,"nonlinear,prediction,model",NL_MS_nlpe_3_ac.stde,1015
6717,NL_MS_nlpe_3_ac_mms,"nonlinear,prediction,model",NL_MS_nlpe_3_ac.mms,1015
6718,NL_MS_nlpe_3_ac_maxonmean,"nonlinear,prediction,model",NL_MS_nlpe_3_ac.maxonmean,1015
6719,NL_MS_nlpe_3_ac_p1_5,"nonlinear,prediction,model",NL_MS_nlpe_3_ac.p1_5,1015
6720,NL_MS_nlpe_3_ac_p2_5,"nonlinear,prediction,model",NL_MS_nlpe_3_ac.p2_5,1015
6721,NL_MS_nlpe_3_ac_p3_5,"nonlinear,prediction,model",NL_MS_nlpe_3_ac.p3_5,1015
6722,NL_MS_nlpe_3_ac_p4_5,"nonlinear,prediction,model",NL_MS_nlpe_3_ac.p4_5,1015
6723,NL_MS_nlpe_3_ac_p5_5,"nonlinear,prediction,model",NL_MS_nlpe_3_ac.p5_5,1015
6724,NL_MS_nlpe_3_ac_ac1,"nonlinear,prediction,model",NL_MS_nlpe_3_ac.ac1,1015
6725,NL_MS_nlpe_3_ac_ac2,"nonlinear,prediction,model",NL_MS_nlpe_3_ac.ac2,1015
6726,NL_MS_nlpe_3_ac_ac3,"nonlinear,prediction,model",NL_MS_nlpe_3_ac.ac3,1015
6727,NL_MS_nlpe_3_ac_ac1n,"nonlinear,prediction,model",NL_MS_nlpe_3_ac.ac1n,1015
6728,NL_MS_nlpe_3_ac_ac2n,"nonlinear,prediction,model",NL_MS_nlpe_3_ac.ac2n,1015
6729,NL_MS_nlpe_3_ac_ac3n,"nonlinear,prediction,model",NL_MS_nlpe_3_ac.ac3n,1015
6730,NL_MS_nlpe_3_ac_acmnd0,"nonlinear,prediction,model",NL_MS_nlpe_3_ac.acmnd0,1015
6731,NL_MS_nlpe_3_ac_acsnd0,"nonlinear,prediction,model",NL_MS_nlpe_3_ac.acsnd0,1015
6732,NL_MS_nlpe_3_ac_propbth,"nonlinear,prediction,model",NL_MS_nlpe_3_ac.propbth,1015
6733,NL_MS_nlpe_3_ac_ftbth,"nonlinear,prediction,model",NL_MS_nlpe_3_ac.ftbth,1015
6734,NL_MS_nlpe_3_ac_dwts,"nonlinear,prediction,model",NL_MS_nlpe_3_ac.dwts,1015
6735,NL_MS_nlpe_3_ac_popt,"nonlinear,prediction,model",NL_MS_nlpe_3_ac.popt,1015
6736,NL_MS_nlpe_3_ac_minfpe,"nonlinear,prediction,model",NL_MS_nlpe_3_ac.minfpe,1015
6737,NL_MS_nlpe_3_ac_sbc1,"nonlinear,prediction,model",NL_MS_nlpe_3_ac.sbc1,1015
6738,NL_MS_nlpe_3_ac_normksstat,"nonlinear,prediction,model",NL_MS_nlpe_3_ac.normksstat,1015
6739,NL_MS_nlpe_3_ac_normp,"nonlinear,prediction,model",NL_MS_nlpe_3_ac.normp,1015
6740,NL_MS_nlpe_fnn_mi_msqerr,"nonlinear,prediction,model,slow",NL_MS_nlpe_fnn_mi.msqerr,1016
6741,NL_MS_nlpe_fnn_mi_meane,"nonlinear,prediction,model,slow",NL_MS_nlpe_fnn_mi.meane,1016
6742,NL_MS_nlpe_fnn_mi_meanabs,"nonlinear,prediction,model,slow",NL_MS_nlpe_fnn_mi.meanabs,1016
6743,NL_MS_nlpe_fnn_mi_stde,"nonlinear,prediction,model,slow",NL_MS_nlpe_fnn_mi.stde,1016
6744,NL_MS_nlpe_fnn_mi_mms,"nonlinear,prediction,model,slow",NL_MS_nlpe_fnn_mi.mms,1016
6745,NL_MS_nlpe_fnn_mi_maxonmean,"nonlinear,prediction,model,slow",NL_MS_nlpe_fnn_mi.maxonmean,1016
6746,NL_MS_nlpe_fnn_mi_p1_5,"nonlinear,prediction,model,slow",NL_MS_nlpe_fnn_mi.p1_5,1016
6747,NL_MS_nlpe_fnn_mi_p2_5,"nonlinear,prediction,model,slow",NL_MS_nlpe_fnn_mi.p2_5,1016
6748,NL_MS_nlpe_fnn_mi_p3_5,"nonlinear,prediction,model,slow",NL_MS_nlpe_fnn_mi.p3_5,1016
6749,NL_MS_nlpe_fnn_mi_p4_5,"nonlinear,prediction,model,slow",NL_MS_nlpe_fnn_mi.p4_5,1016
6750,NL_MS_nlpe_fnn_mi_p5_5,"nonlinear,prediction,model,slow",NL_MS_nlpe_fnn_mi.p5_5,1016
6751,NL_MS_nlpe_fnn_mi_ac1,"nonlinear,prediction,model,slow",NL_MS_nlpe_fnn_mi.ac1,1016
6752,NL_MS_nlpe_fnn_mi_ac2,"nonlinear,prediction,model,slow",NL_MS_nlpe_fnn_mi.ac2,1016
6753,NL_MS_nlpe_fnn_mi_ac3,"nonlinear,prediction,model,slow",NL_MS_nlpe_fnn_mi.ac3,1016
6754,NL_MS_nlpe_fnn_mi_ac1n,"nonlinear,prediction,model,slow",NL_MS_nlpe_fnn_mi.ac1n,1016
6755,NL_MS_nlpe_fnn_mi_ac2n,"nonlinear,prediction,model,slow",NL_MS_nlpe_fnn_mi.ac2n,1016
6756,NL_MS_nlpe_fnn_mi_ac3n,"nonlinear,prediction,model,slow",NL_MS_nlpe_fnn_mi.ac3n,1016
6757,NL_MS_nlpe_fnn_mi_acmnd0,"nonlinear,prediction,model,slow",NL_MS_nlpe_fnn_mi.acmnd0,1016
6758,NL_MS_nlpe_fnn_mi_acsnd0,"nonlinear,prediction,model,slow",NL_MS_nlpe_fnn_mi.acsnd0,1016
6759,NL_MS_nlpe_fnn_mi_propbth,"nonlinear,prediction,model,slow",NL_MS_nlpe_fnn_mi.propbth,1016
6760,NL_MS_nlpe_fnn_mi_ftbth,"nonlinear,prediction,model,slow",NL_MS_nlpe_fnn_mi.ftbth,1016
6761,NL_MS_nlpe_fnn_mi_dwts,"nonlinear,prediction,model,slow",NL_MS_nlpe_fnn_mi.dwts,1016
6762,NL_MS_nlpe_fnn_mi_popt,"nonlinear,prediction,model,slow",NL_MS_nlpe_fnn_mi.popt,1016
6763,NL_MS_nlpe_fnn_mi_minfpe,"nonlinear,prediction,model,slow",NL_MS_nlpe_fnn_mi.minfpe,1016
6764,NL_MS_nlpe_fnn_mi_sbc1,"nonlinear,prediction,model,slow",NL_MS_nlpe_fnn_mi.sbc1,1016
6765,NL_MS_nlpe_fnn_mi_normksstat,"nonlinear,prediction,model,slow",NL_MS_nlpe_fnn_mi.normksstat,1016
6766,NL_MS_nlpe_fnn_mi_normp,"nonlinear,prediction,model,slow",NL_MS_nlpe_fnn_mi.normp,1016
6767,MS_shannon_2t10_2_maxent,"entropy,mex",MS_shannon_2t10_2.maxent,695
6768,MS_shannon_2t10_2_minent,"entropy,mex",MS_shannon_2t10_2.minent,695
6769,MS_shannon_2t10_2_medent,"entropy,mex",MS_shannon_2t10_2.medent,695
6770,MS_shannon_2t10_2_meanent,"entropy,mex",MS_shannon_2t10_2.meanent,695
6771,MS_shannon_2t10_2_stdent,"entropy,mex",MS_shannon_2t10_2.stdent,695
6772,MS_shannon_2t10_3_maxent,"entropy,mex",MS_shannon_2t10_3.maxent,696
6773,MS_shannon_2t10_3_minent,"entropy,mex",MS_shannon_2t10_3.minent,696
6774,MS_shannon_2t10_3_medent,"entropy,mex",MS_shannon_2t10_3.medent,696
6775,MS_shannon_2t10_3_meanent,"entropy,mex",MS_shannon_2t10_3.meanent,696
6776,MS_shannon_2t10_3_stdent,"entropy,mex",MS_shannon_2t10_3.stdent,696
6777,MS_shannon_2t10_4_maxent,"entropy,mex",MS_shannon_2t10_4.maxent,697
6778,MS_shannon_2t10_4_minent,"entropy,mex",MS_shannon_2t10_4.minent,697
6779,MS_shannon_2t10_4_medent,"entropy,mex",MS_shannon_2t10_4.medent,697
6780,MS_shannon_2t10_4_meanent,"entropy,mex",MS_shannon_2t10_4.meanent,697
6781,MS_shannon_2t10_4_stdent,"entropy,mex",MS_shannon_2t10_4.stdent,697
6782,MS_shannon_2_1t10_maxent,"entropy,mex",MS_shannon_2_1t10.maxent,698
6783,MS_shannon_2_1t10_minent,"entropy,mex",MS_shannon_2_1t10.minent,698
6784,MS_shannon_2_1t10_medent,"entropy,mex",MS_shannon_2_1t10.medent,698
6785,MS_shannon_2_1t10_meanent,"entropy,mex",MS_shannon_2_1t10.meanent,698
6786,MS_shannon_2_1t10_stdent,"entropy,mex",MS_shannon_2_1t10.stdent,698
6787,MS_shannon_3_1t10_maxent,"entropy,mex",MS_shannon_3_1t10.maxent,699
6788,MS_shannon_3_1t10_minent,"entropy,mex",MS_shannon_3_1t10.minent,699
6789,MS_shannon_3_1t10_medent,"entropy,mex",MS_shannon_3_1t10.medent,699
6790,MS_shannon_3_1t10_meanent,"entropy,mex",MS_shannon_3_1t10.meanent,699
6791,MS_shannon_3_1t10_stdent,"entropy,mex",MS_shannon_3_1t10.stdent,699
6792,MS_shannon_4_1t10_maxent,"entropy,mex",MS_shannon_4_1t10.maxent,700
6793,MS_shannon_4_1t10_minent,"entropy,mex",MS_shannon_4_1t10.minent,700
6794,MS_shannon_4_1t10_medent,"entropy,mex",MS_shannon_4_1t10.medent,700
6795,MS_shannon_4_1t10_meanent,"entropy,mex",MS_shannon_4_1t10.meanent,700
6796,MS_shannon_4_1t10_stdent,"entropy,mex",MS_shannon_4_1t10.stdent,700
6797,NL_embed_PCA_mi_10_perc_1,"embedding,pca",NL_embed_PCA_mi_10.perc_1,1017
6798,NL_embed_PCA_mi_10_perc_2,"embedding,pca",NL_embed_PCA_mi_10.perc_2,1017
6799,NL_embed_PCA_mi_10_perc_3,"embedding,pca",NL_embed_PCA_mi_10.perc_3,1017
6800,NL_embed_PCA_mi_10_perc_4,"embedding,pca",NL_embed_PCA_mi_10.perc_4,1017
6801,NL_embed_PCA_mi_10_perc_5,"embedding,pca",NL_embed_PCA_mi_10.perc_5,1017
6802,NL_embed_PCA_mi_10_std,"embedding,pca",NL_embed_PCA_mi_10.std,1017
6803,NL_embed_PCA_mi_10_range,"embedding,pca",NL_embed_PCA_mi_10.range,1017
6804,NL_embed_PCA_mi_10_min,"embedding,pca",NL_embed_PCA_mi_10.min,1017
6805,NL_embed_PCA_mi_10_top2,"embedding,pca",NL_embed_PCA_mi_10.top2,1017
6806,NL_embed_PCA_mi_10_nto50,"embedding,pca",NL_embed_PCA_mi_10.nto50,1017
6807,NL_embed_PCA_mi_10_nto60,"embedding,pca",NL_embed_PCA_mi_10.nto60,1017
6808,NL_embed_PCA_mi_10_nto70,"embedding,pca",NL_embed_PCA_mi_10.nto70,1017
6809,NL_embed_PCA_mi_10_nto80,"embedding,pca",NL_embed_PCA_mi_10.nto80,1017
6810,NL_embed_PCA_mi_10_nto90,"embedding,pca",NL_embed_PCA_mi_10.nto90,1017
6811,NL_embed_PCA_mi_10_fb05,"embedding,pca",NL_embed_PCA_mi_10.fb05,1017
6812,NL_embed_PCA_mi_10_fb02,"embedding,pca",NL_embed_PCA_mi_10.fb02,1017
6813,NL_embed_PCA_mi_10_fb01,"embedding,pca",NL_embed_PCA_mi_10.fb01,1017
6814,NL_embed_PCA_mi_10_fb001,"embedding,pca",NL_embed_PCA_mi_10.fb001,1017
6815,NL_embed_PCA_1_10_perc_1,"embedding,pca",NL_embed_PCA_1_10.perc_1,1018
6816,NL_embed_PCA_1_10_perc_2,"embedding,pca",NL_embed_PCA_1_10.perc_2,1018
6817,NL_embed_PCA_1_10_perc_3,"embedding,pca",NL_embed_PCA_1_10.perc_3,1018
6818,NL_embed_PCA_1_10_perc_4,"embedding,pca",NL_embed_PCA_1_10.perc_4,1018
6819,NL_embed_PCA_1_10_perc_5,"embedding,pca",NL_embed_PCA_1_10.perc_5,1018
6820,NL_embed_PCA_1_10_std,"embedding,pca",NL_embed_PCA_1_10.std,1018
6821,NL_embed_PCA_1_10_range,"embedding,pca",NL_embed_PCA_1_10.range,1018
6822,NL_embed_PCA_1_10_min,"embedding,pca",NL_embed_PCA_1_10.min,1018
6823,NL_embed_PCA_1_10_top2,"embedding,pca",NL_embed_PCA_1_10.top2,1018
6824,NL_embed_PCA_1_10_nto50,"embedding,pca",NL_embed_PCA_1_10.nto50,1018
6825,NL_embed_PCA_1_10_nto60,"embedding,pca",NL_embed_PCA_1_10.nto60,1018
6826,NL_embed_PCA_1_10_nto70,"embedding,pca",NL_embed_PCA_1_10.nto70,1018
6827,NL_embed_PCA_1_10_nto80,"embedding,pca",NL_embed_PCA_1_10.nto80,1018
6828,NL_embed_PCA_1_10_nto90,"embedding,pca",NL_embed_PCA_1_10.nto90,1018
6829,NL_embed_PCA_1_10_fb05,"embedding,pca",NL_embed_PCA_1_10.fb05,1018
6830,NL_embed_PCA_1_10_fb02,"embedding,pca",NL_embed_PCA_1_10.fb02,1018
6831,NL_embed_PCA_1_10_fb01,"embedding,pca",NL_embed_PCA_1_10.fb01,1018
6832,NL_embed_PCA_1_10_fb001,"embedding,pca",NL_embed_PCA_1_10.fb001,1018
6833,NL_embed_PCA_ac_3_perc_1,"embedding,pca",NL_embed_PCA_ac_3.perc_1,1019
6834,NL_embed_PCA_ac_3_perc_2,"embedding,pca",NL_embed_PCA_ac_3.perc_2,1019
6835,NL_embed_PCA_ac_3_std,"embedding,pca",NL_embed_PCA_ac_3.std,1019
6836,NL_embed_PCA_ac_3_range,"embedding,pca",NL_embed_PCA_ac_3.range,1019
6837,NL_embed_PCA_ac_3_top2,"embedding,pca",NL_embed_PCA_ac_3.top2,1019
6838,NL_embed_PCA_ac_3_nto50,"embedding,pca",NL_embed_PCA_ac_3.nto50,1019
6839,NL_embed_PCA_ac_3_nto60,"embedding,pca",NL_embed_PCA_ac_3.nto60,1019
6840,NL_embed_PCA_ac_3_nto70,"embedding,pca",NL_embed_PCA_ac_3.nto70,1019
6841,NL_embed_PCA_ac_3_nto80,"embedding,pca",NL_embed_PCA_ac_3.nto80,1019
6842,NL_embed_PCA_ac_3_nto90,"embedding,pca",NL_embed_PCA_ac_3.nto90,1019
6843,NL_embed_PCA_ac_3_fb05,"embedding,pca",NL_embed_PCA_ac_3.fb05,1019
6844,NL_embed_PCA_ac_3_fb02,"embedding,pca",NL_embed_PCA_ac_3.fb02,1019
6845,NL_embed_PCA_ac_3_fb01,"embedding,pca",NL_embed_PCA_ac_3.fb01,1019
6846,NL_embed_PCA_ac_3_fb001,"embedding,pca",NL_embed_PCA_ac_3.fb001,1019
6847,PP_ModelFit_ar_2_rmserrrat_d1,"preprocessing,trend",PP_ModelFit_ar_2.rmserrrat_d1,1020
6848,PP_ModelFit_ar_2_rmserrrat_d2,"preprocessing,trend",PP_ModelFit_ar_2.rmserrrat_d2,1020
6849,PP_ModelFit_ar_2_rmserrrat_d3,"preprocessing,trend",PP_ModelFit_ar_2.rmserrrat_d3,1020
6850,PP_ModelFit_ar_2_rmserrrat_lf_02,"preprocessing,trend",PP_ModelFit_ar_2.rmserrrat_lf_02,1020
6851,PP_ModelFit_ar_2_rmserrrat_lf_02_d1,"preprocessing,trend",PP_ModelFit_ar_2.rmserrrat_lf_02_d1,1020
6852,PP_ModelFit_ar_2_rmserrrat_peaks_08,"preprocessing,trend",PP_ModelFit_ar_2.rmserrrat_peaks_08,1020
6853,PP_ModelFit_ar_2_rmserrrat_peaks_08_d1,"preprocessing,trend",PP_ModelFit_ar_2.rmserrrat_peaks_08_d1,1020
6854,PP_ModelFit_ar_2_rmserrrat_p1_5,"preprocessing,trend",PP_ModelFit_ar_2.rmserrrat_p1_5,1020
6855,PP_ModelFit_ar_2_rmserrrat_p1_10,"preprocessing,trend",PP_ModelFit_ar_2.rmserrrat_p1_10,1020
6856,PP_ModelFit_ar_2_rmserrrat_p1_20,"preprocessing,trend",PP_ModelFit_ar_2.rmserrrat_p1_20,1020
6857,PP_ModelFit_ar_2_rmserrrat_p1_40,"preprocessing,trend",PP_ModelFit_ar_2.rmserrrat_p1_40,1020
6858,PP_ModelFit_ar_2_rmserrrat_p2_5,"preprocessing,trend",PP_ModelFit_ar_2.rmserrrat_p2_5,1020
6859,PP_ModelFit_ar_2_rmserrrat_p2_10,"preprocessing,trend",PP_ModelFit_ar_2.rmserrrat_p2_10,1020
6860,PP_ModelFit_ar_2_rmserrrat_p2_20,"preprocessing,trend",PP_ModelFit_ar_2.rmserrrat_p2_20,1020
6861,PP_ModelFit_ar_2_rmserrrat_p2_40,"preprocessing,trend",PP_ModelFit_ar_2.rmserrrat_p2_40,1020
6862,PP_ModelFit_ar_2_rmserrrat_rmgd,"preprocessing,trend",PP_ModelFit_ar_2.rmserrrat_rmgd,1020
6863,MF_steps_ahead_ar_2_6_rmserr_1,"model,prediction",MF_steps_ahead_ar_2_6.rmserr_1,1021
6864,MF_steps_ahead_ar_2_6_mabserr_1,"model,prediction",MF_steps_ahead_ar_2_6.mabserr_1,1021
6865,MF_steps_ahead_ar_2_6_ac1_1,"model,prediction",MF_steps_ahead_ar_2_6.ac1_1,1021
6866,MF_steps_ahead_ar_2_6_rmserr_2,"model,prediction",MF_steps_ahead_ar_2_6.rmserr_2,1021
6867,MF_steps_ahead_ar_2_6_mabserr_2,"model,prediction",MF_steps_ahead_ar_2_6.mabserr_2,1021
6868,MF_steps_ahead_ar_2_6_ac1_2,"model,prediction",MF_steps_ahead_ar_2_6.ac1_2,1021
6869,MF_steps_ahead_ar_2_6_rmserr_3,"model,prediction",MF_steps_ahead_ar_2_6.rmserr_3,1021
6870,MF_steps_ahead_ar_2_6_mabserr_3,"model,prediction",MF_steps_ahead_ar_2_6.mabserr_3,1021
6871,MF_steps_ahead_ar_2_6_ac1_3,"model,prediction",MF_steps_ahead_ar_2_6.ac1_3,1021
6872,MF_steps_ahead_ar_2_6_rmserr_4,"model,prediction",MF_steps_ahead_ar_2_6.rmserr_4,1021
6873,MF_steps_ahead_ar_2_6_mabserr_4,"model,prediction",MF_steps_ahead_ar_2_6.mabserr_4,1021
6874,MF_steps_ahead_ar_2_6_ac1_4,"model,prediction",MF_steps_ahead_ar_2_6.ac1_4,1021
6875,MF_steps_ahead_ar_2_6_rmserr_5,"model,prediction",MF_steps_ahead_ar_2_6.rmserr_5,1021
6876,MF_steps_ahead_ar_2_6_mabserr_5,"model,prediction",MF_steps_ahead_ar_2_6.mabserr_5,1021
6877,MF_steps_ahead_ar_2_6_ac1_5,"model,prediction",MF_steps_ahead_ar_2_6.ac1_5,1021
6878,MF_steps_ahead_ar_2_6_rmserr_6,"model,prediction",MF_steps_ahead_ar_2_6.rmserr_6,1021
6879,MF_steps_ahead_ar_2_6_mabserr_6,"model,prediction",MF_steps_ahead_ar_2_6.mabserr_6,1021
6880,MF_steps_ahead_ar_2_6_ac1_6,"model,prediction",MF_steps_ahead_ar_2_6.ac1_6,1021
6881,MF_steps_ahead_ar_2_6_meandiffrmsabs,"model,prediction",MF_steps_ahead_ar_2_6.meandiffrmsabs,1021
6882,MF_steps_ahead_ar_2_6_meandiffrms,"model,prediction",MF_steps_ahead_ar_2_6.meandiffrms,1021
6883,MF_steps_ahead_ar_2_6_maxdiffrms,"model,prediction",MF_steps_ahead_ar_2_6.maxdiffrms,1021
6884,MF_steps_ahead_ar_2_6_stddiffrms,"model,prediction",MF_steps_ahead_ar_2_6.stddiffrms,1021
6885,MF_steps_ahead_ar_2_6_ndown,"model,prediction",MF_steps_ahead_ar_2_6.ndown,1021
6886,MF_steps_ahead_ar_best_6_rmserr_1,"model,prediction,arfit",MF_steps_ahead_ar_best_6.rmserr_1,1022
6887,MF_steps_ahead_ar_best_6_mabserr_1,"model,prediction,arfit",MF_steps_ahead_ar_best_6.mabserr_1,1022
6888,MF_steps_ahead_ar_best_6_ac1_1,"model,prediction,arfit",MF_steps_ahead_ar_best_6.ac1_1,1022
6889,MF_steps_ahead_ar_best_6_rmserr_2,"model,prediction,arfit",MF_steps_ahead_ar_best_6.rmserr_2,1022
6890,MF_steps_ahead_ar_best_6_mabserr_2,"model,prediction,arfit",MF_steps_ahead_ar_best_6.mabserr_2,1022
6891,MF_steps_ahead_ar_best_6_ac1_2,"model,prediction,arfit",MF_steps_ahead_ar_best_6.ac1_2,1022
6892,MF_steps_ahead_ar_best_6_rmserr_3,"model,prediction,arfit",MF_steps_ahead_ar_best_6.rmserr_3,1022
6893,MF_steps_ahead_ar_best_6_mabserr_3,"model,prediction,arfit",MF_steps_ahead_ar_best_6.mabserr_3,1022
6894,MF_steps_ahead_ar_best_6_ac1_3,"model,prediction,arfit",MF_steps_ahead_ar_best_6.ac1_3,1022
6895,MF_steps_ahead_ar_best_6_rmserr_4,"model,prediction,arfit",MF_steps_ahead_ar_best_6.rmserr_4,1022
6896,MF_steps_ahead_ar_best_6_mabserr_4,"model,prediction,arfit",MF_steps_ahead_ar_best_6.mabserr_4,1022
6897,MF_steps_ahead_ar_best_6_ac1_4,"model,prediction,arfit",MF_steps_ahead_ar_best_6.ac1_4,1022
6898,MF_steps_ahead_ar_best_6_rmserr_5,"model,prediction,arfit",MF_steps_ahead_ar_best_6.rmserr_5,1022
6899,MF_steps_ahead_ar_best_6_mabserr_5,"model,prediction,arfit",MF_steps_ahead_ar_best_6.mabserr_5,1022
6900,MF_steps_ahead_ar_best_6_ac1_5,"model,prediction,arfit",MF_steps_ahead_ar_best_6.ac1_5,1022
6901,MF_steps_ahead_ar_best_6_rmserr_6,"model,prediction,arfit",MF_steps_ahead_ar_best_6.rmserr_6,1022
6902,MF_steps_ahead_ar_best_6_mabserr_6,"model,prediction,arfit",MF_steps_ahead_ar_best_6.mabserr_6,1022
6903,MF_steps_ahead_ar_best_6_ac1_6,"model,prediction,arfit",MF_steps_ahead_ar_best_6.ac1_6,1022
6904,MF_steps_ahead_ar_best_6_meandiffrmsabs,"model,prediction,arfit",MF_steps_ahead_ar_best_6.meandiffrmsabs,1022
6905,MF_steps_ahead_ar_best_6_meandiffrms,"model,prediction,arfit",MF_steps_ahead_ar_best_6.meandiffrms,1022
6906,MF_steps_ahead_ar_best_6_maxdiffrms,"model,prediction,arfit",MF_steps_ahead_ar_best_6.maxdiffrms,1022
6907,MF_steps_ahead_ar_best_6_stddiffrms,"model,prediction,arfit",MF_steps_ahead_ar_best_6.stddiffrms,1022
6908,MF_steps_ahead_ar_best_6_ndown,"model,prediction,arfit",MF_steps_ahead_ar_best_6.ndown,1022
6909,MF_steps_ahead_ss_best_6_rmserr_1,"model,prediction",MF_steps_ahead_ss_best_6.rmserr_1,1023
6910,MF_steps_ahead_ss_best_6_mabserr_1,"model,prediction",MF_steps_ahead_ss_best_6.mabserr_1,1023
6911,MF_steps_ahead_ss_best_6_ac1_1,"model,prediction",MF_steps_ahead_ss_best_6.ac1_1,1023
6912,MF_steps_ahead_ss_best_6_rmserr_2,"model,prediction",MF_steps_ahead_ss_best_6.rmserr_2,1023
6913,MF_steps_ahead_ss_best_6_mabserr_2,"model,prediction",MF_steps_ahead_ss_best_6.mabserr_2,1023
6914,MF_steps_ahead_ss_best_6_ac1_2,"model,prediction",MF_steps_ahead_ss_best_6.ac1_2,1023
6915,MF_steps_ahead_ss_best_6_rmserr_3,"model,prediction",MF_steps_ahead_ss_best_6.rmserr_3,1023
6916,MF_steps_ahead_ss_best_6_mabserr_3,"model,prediction",MF_steps_ahead_ss_best_6.mabserr_3,1023
6917,MF_steps_ahead_ss_best_6_ac1_3,"model,prediction",MF_steps_ahead_ss_best_6.ac1_3,1023
6918,MF_steps_ahead_ss_best_6_rmserr_4,"model,prediction",MF_steps_ahead_ss_best_6.rmserr_4,1023
6919,MF_steps_ahead_ss_best_6_mabserr_4,"model,prediction",MF_steps_ahead_ss_best_6.mabserr_4,1023
6920,MF_steps_ahead_ss_best_6_ac1_4,"model,prediction",MF_steps_ahead_ss_best_6.ac1_4,1023
6921,MF_steps_ahead_ss_best_6_rmserr_5,"model,prediction",MF_steps_ahead_ss_best_6.rmserr_5,1023
6922,MF_steps_ahead_ss_best_6_mabserr_5,"model,prediction",MF_steps_ahead_ss_best_6.mabserr_5,1023
6923,MF_steps_ahead_ss_best_6_ac1_5,"model,prediction",MF_steps_ahead_ss_best_6.ac1_5,1023
6924,MF_steps_ahead_ss_best_6_rmserr_6,"model,prediction",MF_steps_ahead_ss_best_6.rmserr_6,1023
6925,MF_steps_ahead_ss_best_6_mabserr_6,"model,prediction",MF_steps_ahead_ss_best_6.mabserr_6,1023
6926,MF_steps_ahead_ss_best_6_ac1_6,"model,prediction",MF_steps_ahead_ss_best_6.ac1_6,1023
6927,MF_steps_ahead_ss_best_6_meandiffrmsabs,"model,prediction",MF_steps_ahead_ss_best_6.meandiffrmsabs,1023
6928,MF_steps_ahead_ss_best_6_meandiffrms,"model,prediction",MF_steps_ahead_ss_best_6.meandiffrms,1023
6929,MF_steps_ahead_ss_best_6_maxdiffrms,"model,prediction",MF_steps_ahead_ss_best_6.maxdiffrms,1023
6930,MF_steps_ahead_ss_best_6_stddiffrms,"model,prediction",MF_steps_ahead_ss_best_6.stddiffrms,1023
6931,MF_steps_ahead_ss_best_6_ndown,"model,prediction",MF_steps_ahead_ss_best_6.ndown,1023
6932,MF_steps_ahead_arma_3_1_6_rmserr_1,"model,prediction",MF_steps_ahead_arma_3_1_6.rmserr_1,1024
6933,MF_steps_ahead_arma_3_1_6_mabserr_1,"model,prediction",MF_steps_ahead_arma_3_1_6.mabserr_1,1024
6934,MF_steps_ahead_arma_3_1_6_ac1_1,"model,prediction",MF_steps_ahead_arma_3_1_6.ac1_1,1024
6935,MF_steps_ahead_arma_3_1_6_rmserr_2,"model,prediction",MF_steps_ahead_arma_3_1_6.rmserr_2,1024
6936,MF_steps_ahead_arma_3_1_6_mabserr_2,"model,prediction",MF_steps_ahead_arma_3_1_6.mabserr_2,1024
6937,MF_steps_ahead_arma_3_1_6_ac1_2,"model,prediction",MF_steps_ahead_arma_3_1_6.ac1_2,1024
6938,MF_steps_ahead_arma_3_1_6_rmserr_3,"model,prediction",MF_steps_ahead_arma_3_1_6.rmserr_3,1024
6939,MF_steps_ahead_arma_3_1_6_mabserr_3,"model,prediction",MF_steps_ahead_arma_3_1_6.mabserr_3,1024
6940,MF_steps_ahead_arma_3_1_6_ac1_3,"model,prediction",MF_steps_ahead_arma_3_1_6.ac1_3,1024
6941,MF_steps_ahead_arma_3_1_6_rmserr_4,"model,prediction",MF_steps_ahead_arma_3_1_6.rmserr_4,1024
6942,MF_steps_ahead_arma_3_1_6_mabserr_4,"model,prediction",MF_steps_ahead_arma_3_1_6.mabserr_4,1024
6943,MF_steps_ahead_arma_3_1_6_ac1_4,"model,prediction",MF_steps_ahead_arma_3_1_6.ac1_4,1024
6944,MF_steps_ahead_arma_3_1_6_rmserr_5,"model,prediction",MF_steps_ahead_arma_3_1_6.rmserr_5,1024
6945,MF_steps_ahead_arma_3_1_6_mabserr_5,"model,prediction",MF_steps_ahead_arma_3_1_6.mabserr_5,1024
6946,MF_steps_ahead_arma_3_1_6_ac1_5,"model,prediction",MF_steps_ahead_arma_3_1_6.ac1_5,1024
6947,MF_steps_ahead_arma_3_1_6_rmserr_6,"model,prediction",MF_steps_ahead_arma_3_1_6.rmserr_6,1024
6948,MF_steps_ahead_arma_3_1_6_mabserr_6,"model,prediction",MF_steps_ahead_arma_3_1_6.mabserr_6,1024
6949,MF_steps_ahead_arma_3_1_6_ac1_6,"model,prediction",MF_steps_ahead_arma_3_1_6.ac1_6,1024
6950,MF_steps_ahead_arma_3_1_6_meandiffrmsabs,"model,prediction",MF_steps_ahead_arma_3_1_6.meandiffrmsabs,1024
6951,MF_steps_ahead_arma_3_1_6_meandiffrms,"model,prediction",MF_steps_ahead_arma_3_1_6.meandiffrms,1024
6952,MF_steps_ahead_arma_3_1_6_maxdiffrms,"model,prediction",MF_steps_ahead_arma_3_1_6.maxdiffrms,1024
6953,MF_steps_ahead_arma_3_1_6_stddiffrms,"model,prediction",MF_steps_ahead_arma_3_1_6.stddiffrms,1024
6954,MF_steps_ahead_arma_3_1_6_ndown,"model,prediction",MF_steps_ahead_arma_3_1_6.ndown,1024
6955,MF_FitSubsegments_arsbc_uniform_25_01_orders_mode,"model,prediction,arfit",MF_FitSubsegments_arsbc_uniform_25_01.orders_mode,1025
6956,MF_FitSubsegments_arsbc_uniform_25_01_orders_mean,"model,prediction,arfit",MF_FitSubsegments_arsbc_uniform_25_01.orders_mean,1025
6957,MF_FitSubsegments_arsbc_uniform_25_01_orders_std,"model,prediction,arfit",MF_FitSubsegments_arsbc_uniform_25_01.orders_std,1025
6958,MF_FitSubsegments_arsbc_uniform_25_01_orders_max,"model,prediction,arfit",MF_FitSubsegments_arsbc_uniform_25_01.orders_max,1025
6959,MF_FitSubsegments_arsbc_uniform_25_01_orders_min,"model,prediction,arfit",MF_FitSubsegments_arsbc_uniform_25_01.orders_min,1025
6960,MF_FitSubsegments_arsbc_uniform_25_01_orders_range,"model,prediction,arfit",MF_FitSubsegments_arsbc_uniform_25_01.orders_range,1025
6961,MF_FitSubsegments_arsbc_uniform_25_01_sbcs_mean,"model,prediction,arfit",MF_FitSubsegments_arsbc_uniform_25_01.sbcs_mean,1025
6962,MF_FitSubsegments_arsbc_uniform_25_01_sbcs_std,"model,prediction,arfit",MF_FitSubsegments_arsbc_uniform_25_01.sbcs_std,1025
6963,MF_FitSubsegments_arsbc_uniform_25_01_sbcs_range,"model,prediction,arfit",MF_FitSubsegments_arsbc_uniform_25_01.sbcs_range,1025
6964,MF_FitSubsegments_arsbc_uniform_25_01_sbcs_min,"model,prediction,arfit",MF_FitSubsegments_arsbc_uniform_25_01.sbcs_min,1025
6965,MF_FitSubsegments_arsbc_uniform_25_01_sbcs_max,"model,prediction,arfit",MF_FitSubsegments_arsbc_uniform_25_01.sbcs_max,1025
6966,MF_FitSubsegments_arsbc_rand_25_01_orders_mode,"model,prediction,arfit",MF_FitSubsegments_arsbc_rand_25_01.orders_mode,1026
6967,MF_FitSubsegments_arsbc_rand_25_01_orders_mean,"model,prediction,arfit",MF_FitSubsegments_arsbc_rand_25_01.orders_mean,1026
6968,MF_FitSubsegments_arsbc_rand_25_01_orders_std,"model,prediction,arfit",MF_FitSubsegments_arsbc_rand_25_01.orders_std,1026
6969,MF_FitSubsegments_arsbc_rand_25_01_orders_max,"model,prediction,arfit",MF_FitSubsegments_arsbc_rand_25_01.orders_max,1026
6970,MF_FitSubsegments_arsbc_rand_25_01_orders_min,"model,prediction,arfit",MF_FitSubsegments_arsbc_rand_25_01.orders_min,1026
6971,MF_FitSubsegments_arsbc_rand_25_01_orders_range,"model,prediction,arfit",MF_FitSubsegments_arsbc_rand_25_01.orders_range,1026
6972,MF_FitSubsegments_arsbc_rand_25_01_sbcs_mean,"model,prediction,arfit",MF_FitSubsegments_arsbc_rand_25_01.sbcs_mean,1026
6973,MF_FitSubsegments_arsbc_rand_25_01_sbcs_std,"model,prediction,arfit",MF_FitSubsegments_arsbc_rand_25_01.sbcs_std,1026
6974,MF_FitSubsegments_arsbc_rand_25_01_sbcs_range,"model,prediction,arfit",MF_FitSubsegments_arsbc_rand_25_01.sbcs_range,1026
6975,MF_FitSubsegments_arsbc_rand_25_01_sbcs_min,"model,prediction,arfit",MF_FitSubsegments_arsbc_rand_25_01.sbcs_min,1026
6976,MF_FitSubsegments_arsbc_rand_25_01_sbcs_max,"model,prediction,arfit",MF_FitSubsegments_arsbc_rand_25_01.sbcs_max,1026
6977,MF_FitSubsegments_ar_2_uniform_25_01_fpe_std,"model,prediction",MF_FitSubsegments_ar_2_uniform_25_01.fpe_std,1027
6978,MF_FitSubsegments_ar_2_uniform_25_01_fpe_mean,"model,prediction",MF_FitSubsegments_ar_2_uniform_25_01.fpe_mean,1027
6979,MF_FitSubsegments_ar_2_uniform_25_01_fpe_max,"model,prediction",MF_FitSubsegments_ar_2_uniform_25_01.fpe_max,1027
6980,MF_FitSubsegments_ar_2_uniform_25_01_fpe_min,"model,prediction",MF_FitSubsegments_ar_2_uniform_25_01.fpe_min,1027
6981,MF_FitSubsegments_ar_2_uniform_25_01_fpe_range,"model,prediction",MF_FitSubsegments_ar_2_uniform_25_01.fpe_range,1027
6982,MF_FitSubsegments_ar_2_uniform_25_01_a_1_std,"model,prediction",MF_FitSubsegments_ar_2_uniform_25_01.a_1_std,1027
6983,MF_FitSubsegments_ar_2_uniform_25_01_a_1_mean,"model,prediction",MF_FitSubsegments_ar_2_uniform_25_01.a_1_mean,1027
6984,MF_FitSubsegments_ar_2_uniform_25_01_a_1_max,"model,prediction",MF_FitSubsegments_ar_2_uniform_25_01.a_1_max,1027
6985,MF_FitSubsegments_ar_2_uniform_25_01_a_1_min,"model,prediction",MF_FitSubsegments_ar_2_uniform_25_01.a_1_min,1027
6986,MF_FitSubsegments_ar_2_uniform_25_01_a_2_std,"model,prediction",MF_FitSubsegments_ar_2_uniform_25_01.a_2_std,1027
6987,MF_FitSubsegments_ar_2_uniform_25_01_a_2_mean,"model,prediction",MF_FitSubsegments_ar_2_uniform_25_01.a_2_mean,1027
6988,MF_FitSubsegments_ar_2_uniform_25_01_a_2_max,"model,prediction",MF_FitSubsegments_ar_2_uniform_25_01.a_2_max,1027
6989,MF_FitSubsegments_ar_2_uniform_25_01_a_2_min,"model,prediction",MF_FitSubsegments_ar_2_uniform_25_01.a_2_min,1027
6990,MF_FitSubsegments_ss_2_uniform_25_01_fpe_std,"model,prediction",MF_FitSubsegments_ss_2_uniform_25_01.fpe_std,1028
6991,MF_FitSubsegments_ss_2_uniform_25_01_fpe_mean,"model,prediction",MF_FitSubsegments_ss_2_uniform_25_01.fpe_mean,1028
6992,MF_FitSubsegments_ss_2_uniform_25_01_fpe_max,"model,prediction",MF_FitSubsegments_ss_2_uniform_25_01.fpe_max,1028
6993,MF_FitSubsegments_ss_2_uniform_25_01_fpe_min,"model,prediction",MF_FitSubsegments_ss_2_uniform_25_01.fpe_min,1028
6994,MF_FitSubsegments_ss_2_uniform_25_01_fpe_range,"model,prediction",MF_FitSubsegments_ss_2_uniform_25_01.fpe_range,1028
6995,MF_FitSubsegments_arma_2_2_uniform_25_01_fpe_std,"model,prediction",MF_FitSubsegments_arma_2_2_uniform_25_01.fpe_std,1029
6996,MF_FitSubsegments_arma_2_2_uniform_25_01_fpe_mean,"model,prediction",MF_FitSubsegments_arma_2_2_uniform_25_01.fpe_mean,1029
6997,MF_FitSubsegments_arma_2_2_uniform_25_01_fpe_max,"model,prediction",MF_FitSubsegments_arma_2_2_uniform_25_01.fpe_max,1029
6998,MF_FitSubsegments_arma_2_2_uniform_25_01_fpe_min,"model,prediction",MF_FitSubsegments_arma_2_2_uniform_25_01.fpe_min,1029
6999,MF_FitSubsegments_arma_2_2_uniform_25_01_fpe_range,"model,prediction",MF_FitSubsegments_arma_2_2_uniform_25_01.fpe_range,1029
7000,MF_FitSubsegments_arma_2_2_uniform_25_01_p_1_std,"model,prediction",MF_FitSubsegments_arma_2_2_uniform_25_01.p_1_std,1029
7001,MF_FitSubsegments_arma_2_2_uniform_25_01_p_1_mean,"model,prediction",MF_FitSubsegments_arma_2_2_uniform_25_01.p_1_mean,1029
7002,MF_FitSubsegments_arma_2_2_uniform_25_01_p_1_max,"model,prediction",MF_FitSubsegments_arma_2_2_uniform_25_01.p_1_max,1029
7003,MF_FitSubsegments_arma_2_2_uniform_25_01_p_1_min,"model,prediction",MF_FitSubsegments_arma_2_2_uniform_25_01.p_1_min,1029
7004,MF_FitSubsegments_arma_2_2_uniform_25_01_p_2_std,"model,prediction",MF_FitSubsegments_arma_2_2_uniform_25_01.p_2_std,1029
7005,MF_FitSubsegments_arma_2_2_uniform_25_01_p_2_mean,"model,prediction",MF_FitSubsegments_arma_2_2_uniform_25_01.p_2_mean,1029
7006,MF_FitSubsegments_arma_2_2_uniform_25_01_p_2_max,"model,prediction",MF_FitSubsegments_arma_2_2_uniform_25_01.p_2_max,1029
7007,MF_FitSubsegments_arma_2_2_uniform_25_01_p_2_min,"model,prediction",MF_FitSubsegments_arma_2_2_uniform_25_01.p_2_min,1029
7008,MF_FitSubsegments_arma_2_2_uniform_25_01_q_1_std,"model,prediction",MF_FitSubsegments_arma_2_2_uniform_25_01.q_1_std,1029
7009,MF_FitSubsegments_arma_2_2_uniform_25_01_q_1_mean,"model,prediction",MF_FitSubsegments_arma_2_2_uniform_25_01.q_1_mean,1029
7010,MF_FitSubsegments_arma_2_2_uniform_25_01_q_1_max,"model,prediction",MF_FitSubsegments_arma_2_2_uniform_25_01.q_1_max,1029
7011,MF_FitSubsegments_arma_2_2_uniform_25_01_q_1_min,"model,prediction",MF_FitSubsegments_arma_2_2_uniform_25_01.q_1_min,1029
7012,MF_FitSubsegments_arma_2_2_uniform_25_01_q_2_std,"model,prediction",MF_FitSubsegments_arma_2_2_uniform_25_01.q_2_std,1029
7013,MF_FitSubsegments_arma_2_2_uniform_25_01_q_2_mean,"model,prediction",MF_FitSubsegments_arma_2_2_uniform_25_01.q_2_mean,1029
7014,MF_FitSubsegments_arma_2_2_uniform_25_01_q_2_max,"model,prediction",MF_FitSubsegments_arma_2_2_uniform_25_01.q_2_max,1029
7015,MF_FitSubsegments_arma_2_2_uniform_25_01_q_2_min,"model,prediction",MF_FitSubsegments_arma_2_2_uniform_25_01.q_2_min,1029
7016,MF_CompareTestSets_y_ar_4_rand_25_01_1_rmserr_mean,"model,prediction,stationarity",MF_CompareTestSets_y_ar_4_rand_25_01_1.rmserr_mean,1030
7017,MF_CompareTestSets_y_ar_4_rand_25_01_1_rmserr_median,"model,prediction,stationarity",MF_CompareTestSets_y_ar_4_rand_25_01_1.rmserr_median,1030
7018,MF_CompareTestSets_y_ar_4_rand_25_01_1_rmserr_std,"model,prediction,stationarity",MF_CompareTestSets_y_ar_4_rand_25_01_1.rmserr_std,1030
7019,MF_CompareTestSets_y_ar_4_rand_25_01_1_rmserr_iqr,"model,prediction,stationarity",MF_CompareTestSets_y_ar_4_rand_25_01_1.rmserr_iqr,1030
7020,MF_CompareTestSets_y_ar_4_rand_25_01_1_mabserr_mean,"model,prediction,stationarity",MF_CompareTestSets_y_ar_4_rand_25_01_1.mabserr_mean,1030
7021,MF_CompareTestSets_y_ar_4_rand_25_01_1_mabserr_median,"model,prediction,stationarity",MF_CompareTestSets_y_ar_4_rand_25_01_1.mabserr_median,1030
7022,MF_CompareTestSets_y_ar_4_rand_25_01_1_mabserr_std,"model,prediction,stationarity",MF_CompareTestSets_y_ar_4_rand_25_01_1.mabserr_std,1030
7023,MF_CompareTestSets_y_ar_4_rand_25_01_1_mabserr_iqr,"model,prediction,stationarity",MF_CompareTestSets_y_ar_4_rand_25_01_1.mabserr_iqr,1030
7024,MF_CompareTestSets_y_ar_4_rand_25_01_1_ac1s_mean,"model,prediction,stationarity",MF_CompareTestSets_y_ar_4_rand_25_01_1.ac1s_mean,1030
7025,MF_CompareTestSets_y_ar_4_rand_25_01_1_ac1s_median,"model,prediction,stationarity",MF_CompareTestSets_y_ar_4_rand_25_01_1.ac1s_median,1030
7026,MF_CompareTestSets_y_ar_4_rand_25_01_1_ac1s_std,"model,prediction,stationarity",MF_CompareTestSets_y_ar_4_rand_25_01_1.ac1s_std,1030
7027,MF_CompareTestSets_y_ar_4_rand_25_01_1_ac1s_iqr,"model,prediction,stationarity",MF_CompareTestSets_y_ar_4_rand_25_01_1.ac1s_iqr,1030
7028,MF_CompareTestSets_y_ar_4_rand_25_01_1_meandiffs_mean,"model,prediction,stationarity",MF_CompareTestSets_y_ar_4_rand_25_01_1.meandiffs_mean,1030
7029,MF_CompareTestSets_y_ar_4_rand_25_01_1_meandiffs_median,"model,prediction,stationarity",MF_CompareTestSets_y_ar_4_rand_25_01_1.meandiffs_median,1030
7030,MF_CompareTestSets_y_ar_4_rand_25_01_1_meandiffs_std,"model,prediction,stationarity",MF_CompareTestSets_y_ar_4_rand_25_01_1.meandiffs_std,1030
7031,MF_CompareTestSets_y_ar_4_rand_25_01_1_meandiffs_iqr,"model,prediction,stationarity",MF_CompareTestSets_y_ar_4_rand_25_01_1.meandiffs_iqr,1030
7032,MF_CompareTestSets_y_ar_4_rand_25_01_1_stdrats_mean,"model,prediction,stationarity",MF_CompareTestSets_y_ar_4_rand_25_01_1.stdrats_mean,1030
7033,MF_CompareTestSets_y_ar_4_rand_25_01_1_stdrats_median,"model,prediction,stationarity",MF_CompareTestSets_y_ar_4_rand_25_01_1.stdrats_median,1030
7034,MF_CompareTestSets_y_ar_4_rand_25_01_1_stdrats_std,"model,prediction,stationarity",MF_CompareTestSets_y_ar_4_rand_25_01_1.stdrats_std,1030
7035,MF_CompareTestSets_y_ar_4_rand_25_01_1_stdrats_iqr,"model,prediction,stationarity",MF_CompareTestSets_y_ar_4_rand_25_01_1.stdrats_iqr,1030
7036,MF_CompareTestSets_y_ar_best_uniform_25_01_1_rmserr_mean,"model,prediction,arfit,stationarity",MF_CompareTestSets_y_ar_best_uniform_25_01_1.rmserr_mean,1031
7037,MF_CompareTestSets_y_ar_best_uniform_25_01_1_rmserr_median,"model,prediction,arfit,stationarity",MF_CompareTestSets_y_ar_best_uniform_25_01_1.rmserr_median,1031
7038,MF_CompareTestSets_y_ar_best_uniform_25_01_1_rmserr_std,"model,prediction,arfit,stationarity",MF_CompareTestSets_y_ar_best_uniform_25_01_1.rmserr_std,1031
7039,MF_CompareTestSets_y_ar_best_uniform_25_01_1_rmserr_iqr,"model,prediction,arfit,stationarity",MF_CompareTestSets_y_ar_best_uniform_25_01_1.rmserr_iqr,1031
7040,MF_CompareTestSets_y_ar_best_uniform_25_01_1_mabserr_mean,"model,prediction,arfit,stationarity",MF_CompareTestSets_y_ar_best_uniform_25_01_1.mabserr_mean,1031
7041,MF_CompareTestSets_y_ar_best_uniform_25_01_1_mabserr_median,"model,prediction,arfit,stationarity",MF_CompareTestSets_y_ar_best_uniform_25_01_1.mabserr_median,1031
7042,MF_CompareTestSets_y_ar_best_uniform_25_01_1_mabserr_std,"model,prediction,arfit,stationarity",MF_CompareTestSets_y_ar_best_uniform_25_01_1.mabserr_std,1031
7043,MF_CompareTestSets_y_ar_best_uniform_25_01_1_mabserr_iqr,"model,prediction,arfit,stationarity",MF_CompareTestSets_y_ar_best_uniform_25_01_1.mabserr_iqr,1031
7044,MF_CompareTestSets_y_ar_best_uniform_25_01_1_ac1s_mean,"model,prediction,arfit,stationarity",MF_CompareTestSets_y_ar_best_uniform_25_01_1.ac1s_mean,1031
7045,MF_CompareTestSets_y_ar_best_uniform_25_01_1_ac1s_median,"model,prediction,arfit,stationarity",MF_CompareTestSets_y_ar_best_uniform_25_01_1.ac1s_median,1031
7046,MF_CompareTestSets_y_ar_best_uniform_25_01_1_ac1s_std,"model,prediction,arfit,stationarity",MF_CompareTestSets_y_ar_best_uniform_25_01_1.ac1s_std,1031
7047,MF_CompareTestSets_y_ar_best_uniform_25_01_1_ac1s_iqr,"model,prediction,arfit,stationarity",MF_CompareTestSets_y_ar_best_uniform_25_01_1.ac1s_iqr,1031
7048,MF_CompareTestSets_y_ar_best_uniform_25_01_1_meandiffs_mean,"model,prediction,arfit,stationarity",MF_CompareTestSets_y_ar_best_uniform_25_01_1.meandiffs_mean,1031
7049,MF_CompareTestSets_y_ar_best_uniform_25_01_1_meandiffs_median,"model,prediction,arfit,stationarity",MF_CompareTestSets_y_ar_best_uniform_25_01_1.meandiffs_median,1031
7050,MF_CompareTestSets_y_ar_best_uniform_25_01_1_meandiffs_std,"model,prediction,arfit,stationarity",MF_CompareTestSets_y_ar_best_uniform_25_01_1.meandiffs_std,1031
7051,MF_CompareTestSets_y_ar_best_uniform_25_01_1_meandiffs_iqr,"model,prediction,arfit,stationarity",MF_CompareTestSets_y_ar_best_uniform_25_01_1.meandiffs_iqr,1031
7052,MF_CompareTestSets_y_ar_best_uniform_25_01_1_stdrats_mean,"model,prediction,arfit,stationarity",MF_CompareTestSets_y_ar_best_uniform_25_01_1.stdrats_mean,1031
7053,MF_CompareTestSets_y_ar_best_uniform_25_01_1_stdrats_median,"model,prediction,arfit,stationarity",MF_CompareTestSets_y_ar_best_uniform_25_01_1.stdrats_median,1031
7054,MF_CompareTestSets_y_ar_best_uniform_25_01_1_stdrats_std,"model,prediction,arfit,stationarity",MF_CompareTestSets_y_ar_best_uniform_25_01_1.stdrats_std,1031
7055,MF_CompareTestSets_y_ar_best_uniform_25_01_1_stdrats_iqr,"model,prediction,arfit,stationarity",MF_CompareTestSets_y_ar_best_uniform_25_01_1.stdrats_iqr,1031
7056,MF_CompareTestSets_y_ss_best_uniform_25_01_1_rmserr_mean,"model,prediction,stationarity",MF_CompareTestSets_y_ss_best_uniform_25_01_1.rmserr_mean,1032
7057,MF_CompareTestSets_y_ss_best_uniform_25_01_1_rmserr_median,"model,prediction,stationarity",MF_CompareTestSets_y_ss_best_uniform_25_01_1.rmserr_median,1032
7058,MF_CompareTestSets_y_ss_best_uniform_25_01_1_rmserr_std,"model,prediction,stationarity",MF_CompareTestSets_y_ss_best_uniform_25_01_1.rmserr_std,1032
7059,MF_CompareTestSets_y_ss_best_uniform_25_01_1_rmserr_iqr,"model,prediction,stationarity",MF_CompareTestSets_y_ss_best_uniform_25_01_1.rmserr_iqr,1032
7060,MF_CompareTestSets_y_ss_best_uniform_25_01_1_mabserr_mean,"model,prediction,stationarity",MF_CompareTestSets_y_ss_best_uniform_25_01_1.mabserr_mean,1032
7061,MF_CompareTestSets_y_ss_best_uniform_25_01_1_mabserr_median,"model,prediction,stationarity",MF_CompareTestSets_y_ss_best_uniform_25_01_1.mabserr_median,1032
7062,MF_CompareTestSets_y_ss_best_uniform_25_01_1_mabserr_std,"model,prediction,stationarity",MF_CompareTestSets_y_ss_best_uniform_25_01_1.mabserr_std,1032
7063,MF_CompareTestSets_y_ss_best_uniform_25_01_1_mabserr_iqr,"model,prediction,stationarity",MF_CompareTestSets_y_ss_best_uniform_25_01_1.mabserr_iqr,1032
7064,MF_CompareTestSets_y_ss_best_uniform_25_01_1_ac1s_mean,"model,prediction,stationarity",MF_CompareTestSets_y_ss_best_uniform_25_01_1.ac1s_mean,1032
7065,MF_CompareTestSets_y_ss_best_uniform_25_01_1_ac1s_median,"model,prediction,stationarity",MF_CompareTestSets_y_ss_best_uniform_25_01_1.ac1s_median,1032
7066,MF_CompareTestSets_y_ss_best_uniform_25_01_1_ac1s_std,"model,prediction,stationarity",MF_CompareTestSets_y_ss_best_uniform_25_01_1.ac1s_std,1032
7067,MF_CompareTestSets_y_ss_best_uniform_25_01_1_ac1s_iqr,"model,prediction,stationarity",MF_CompareTestSets_y_ss_best_uniform_25_01_1.ac1s_iqr,1032
7068,MF_CompareTestSets_y_ss_best_uniform_25_01_1_meandiffs_mean,"model,prediction,stationarity",MF_CompareTestSets_y_ss_best_uniform_25_01_1.meandiffs_mean,1032
7069,MF_CompareTestSets_y_ss_best_uniform_25_01_1_meandiffs_median,"model,prediction,stationarity",MF_CompareTestSets_y_ss_best_uniform_25_01_1.meandiffs_median,1032
7070,MF_CompareTestSets_y_ss_best_uniform_25_01_1_meandiffs_std,"model,prediction,stationarity",MF_CompareTestSets_y_ss_best_uniform_25_01_1.meandiffs_std,1032
7071,MF_CompareTestSets_y_ss_best_uniform_25_01_1_meandiffs_iqr,"model,prediction,stationarity",MF_CompareTestSets_y_ss_best_uniform_25_01_1.meandiffs_iqr,1032
7072,MF_CompareTestSets_y_ss_best_uniform_25_01_1_stdrats_mean,"model,prediction,stationarity",MF_CompareTestSets_y_ss_best_uniform_25_01_1.stdrats_mean,1032
7073,MF_CompareTestSets_y_ss_best_uniform_25_01_1_stdrats_median,"model,prediction,stationarity",MF_CompareTestSets_y_ss_best_uniform_25_01_1.stdrats_median,1032
7074,MF_CompareTestSets_y_ss_best_uniform_25_01_1_stdrats_std,"model,prediction,stationarity",MF_CompareTestSets_y_ss_best_uniform_25_01_1.stdrats_std,1032
7075,MF_CompareTestSets_y_ss_best_uniform_25_01_1_stdrats_iqr,"model,prediction,stationarity",MF_CompareTestSets_y_ss_best_uniform_25_01_1.stdrats_iqr,1032
7076,MF_CompareTestSets_y_ss_2_uniform_25_01_1_rmserr_mean,"model,prediction,stationarity",MF_CompareTestSets_y_ss_2_uniform_25_01_1.rmserr_mean,1033
7077,MF_CompareTestSets_y_ss_2_uniform_25_01_1_rmserr_median,"model,prediction,stationarity",MF_CompareTestSets_y_ss_2_uniform_25_01_1.rmserr_median,1033
7078,MF_CompareTestSets_y_ss_2_uniform_25_01_1_rmserr_std,"model,prediction,stationarity",MF_CompareTestSets_y_ss_2_uniform_25_01_1.rmserr_std,1033
7079,MF_CompareTestSets_y_ss_2_uniform_25_01_1_rmserr_iqr,"model,prediction,stationarity",MF_CompareTestSets_y_ss_2_uniform_25_01_1.rmserr_iqr,1033
7080,MF_CompareTestSets_y_ss_2_uniform_25_01_1_mabserr_mean,"model,prediction,stationarity",MF_CompareTestSets_y_ss_2_uniform_25_01_1.mabserr_mean,1033
7081,MF_CompareTestSets_y_ss_2_uniform_25_01_1_mabserr_median,"model,prediction,stationarity",MF_CompareTestSets_y_ss_2_uniform_25_01_1.mabserr_median,1033
7082,MF_CompareTestSets_y_ss_2_uniform_25_01_1_mabserr_std,"model,prediction,stationarity",MF_CompareTestSets_y_ss_2_uniform_25_01_1.mabserr_std,1033
7083,MF_CompareTestSets_y_ss_2_uniform_25_01_1_mabserr_iqr,"model,prediction,stationarity",MF_CompareTestSets_y_ss_2_uniform_25_01_1.mabserr_iqr,1033
7084,MF_CompareTestSets_y_ss_2_uniform_25_01_1_ac1s_mean,"model,prediction,stationarity",MF_CompareTestSets_y_ss_2_uniform_25_01_1.ac1s_mean,1033
7085,MF_CompareTestSets_y_ss_2_uniform_25_01_1_ac1s_median,"model,prediction,stationarity",MF_CompareTestSets_y_ss_2_uniform_25_01_1.ac1s_median,1033
7086,MF_CompareTestSets_y_ss_2_uniform_25_01_1_ac1s_std,"model,prediction,stationarity",MF_CompareTestSets_y_ss_2_uniform_25_01_1.ac1s_std,1033
7087,MF_CompareTestSets_y_ss_2_uniform_25_01_1_ac1s_iqr,"model,prediction,stationarity",MF_CompareTestSets_y_ss_2_uniform_25_01_1.ac1s_iqr,1033
7088,MF_CompareTestSets_y_ss_2_uniform_25_01_1_meandiffs_mean,"model,prediction,stationarity",MF_CompareTestSets_y_ss_2_uniform_25_01_1.meandiffs_mean,1033
7089,MF_CompareTestSets_y_ss_2_uniform_25_01_1_meandiffs_median,"model,prediction,stationarity",MF_CompareTestSets_y_ss_2_uniform_25_01_1.meandiffs_median,1033
7090,MF_CompareTestSets_y_ss_2_uniform_25_01_1_meandiffs_std,"model,prediction,stationarity",MF_CompareTestSets_y_ss_2_uniform_25_01_1.meandiffs_std,1033
7091,MF_CompareTestSets_y_ss_2_uniform_25_01_1_meandiffs_iqr,"model,prediction,stationarity",MF_CompareTestSets_y_ss_2_uniform_25_01_1.meandiffs_iqr,1033
7092,MF_CompareTestSets_y_ss_2_uniform_25_01_1_stdrats_mean,"model,prediction,stationarity",MF_CompareTestSets_y_ss_2_uniform_25_01_1.stdrats_mean,1033
7093,MF_CompareTestSets_y_ss_2_uniform_25_01_1_stdrats_median,"model,prediction,stationarity",MF_CompareTestSets_y_ss_2_uniform_25_01_1.stdrats_median,1033
7094,MF_CompareTestSets_y_ss_2_uniform_25_01_1_stdrats_std,"model,prediction,stationarity",MF_CompareTestSets_y_ss_2_uniform_25_01_1.stdrats_std,1033
7095,MF_CompareTestSets_y_ss_2_uniform_25_01_1_stdrats_iqr,"model,prediction,stationarity",MF_CompareTestSets_y_ss_2_uniform_25_01_1.stdrats_iqr,1033
7096,MF_StateSpaceCompOrder_8_minaic,"model",MF_StateSpaceCompOrder_8.minaic,1034
7097,MF_StateSpaceCompOrder_8_aicopt,"model",MF_StateSpaceCompOrder_8.aicopt,1034
7098,MF_StateSpaceCompOrder_8_minlossfn,"model",MF_StateSpaceCompOrder_8.minlossfn,1034
7099,MF_StateSpaceCompOrder_8_lossfnopt,"model",MF_StateSpaceCompOrder_8.lossfnopt,1034
7100,MF_StateSpaceCompOrder_8_meandiffaic,"model",MF_StateSpaceCompOrder_8.meandiffaic,1034
7101,MF_StateSpaceCompOrder_8_maxdiffaic,"model",MF_StateSpaceCompOrder_8.maxdiffaic,1034
7102,MF_StateSpaceCompOrder_8_mindiffaic,"model",MF_StateSpaceCompOrder_8.mindiffaic,1034
7103,MF_StateSpaceCompOrder_8_ndownaic,"model",MF_StateSpaceCompOrder_8.ndownaic,1034
7104,MF_StateSpace_n4sid_1_05_1_A_1,"model",MF_StateSpace_n4sid_1_05_1.A_1,1035
7105,MF_StateSpace_n4sid_1_05_1_k_1,"model",MF_StateSpace_n4sid_1_05_1.k_1,1035
7106,MF_StateSpace_n4sid_1_05_1_c_1,"model",MF_StateSpace_n4sid_1_05_1.c_1,1035
7107,MF_StateSpace_n4sid_1_05_1_x0mod,"model",MF_StateSpace_n4sid_1_05_1.x0mod,1035
7108,MF_StateSpace_n4sid_1_05_1_m_fpe,"model",MF_StateSpace_n4sid_1_05_1.m_fpe,1035
7109,MF_StateSpace_n4sid_1_05_1_m_aic,"model",MF_StateSpace_n4sid_1_05_1.m_aic,1035
7110,MF_StateSpace_n4sid_1_05_1_meane,"model",MF_StateSpace_n4sid_1_05_1.meane,1035
7111,MF_StateSpace_n4sid_1_05_1_meanabs,"model",MF_StateSpace_n4sid_1_05_1.meanabs,1035
7112,MF_StateSpace_n4sid_1_05_1_stde,"model",MF_StateSpace_n4sid_1_05_1.stde,1035
7113,MF_StateSpace_n4sid_1_05_1_mms,"model",MF_StateSpace_n4sid_1_05_1.mms,1035
7114,MF_StateSpace_n4sid_1_05_1_maxonmean,"model",MF_StateSpace_n4sid_1_05_1.maxonmean,1035
7115,MF_StateSpace_n4sid_1_05_1_p1_5,"model",MF_StateSpace_n4sid_1_05_1.p1_5,1035
7116,MF_StateSpace_n4sid_1_05_1_p2_5,"model",MF_StateSpace_n4sid_1_05_1.p2_5,1035
7117,MF_StateSpace_n4sid_1_05_1_p3_5,"model",MF_StateSpace_n4sid_1_05_1.p3_5,1035
7118,MF_StateSpace_n4sid_1_05_1_p4_5,"model",MF_StateSpace_n4sid_1_05_1.p4_5,1035
7119,MF_StateSpace_n4sid_1_05_1_p5_5,"model",MF_StateSpace_n4sid_1_05_1.p5_5,1035
7120,MF_StateSpace_n4sid_1_05_1_ac1,"model",MF_StateSpace_n4sid_1_05_1.ac1,1035
7121,MF_StateSpace_n4sid_1_05_1_ac2,"model",MF_StateSpace_n4sid_1_05_1.ac2,1035
7122,MF_StateSpace_n4sid_1_05_1_ac3,"model",MF_StateSpace_n4sid_1_05_1.ac3,1035
7123,MF_StateSpace_n4sid_1_05_1_ac1n,"model",MF_StateSpace_n4sid_1_05_1.ac1n,1035
7124,MF_StateSpace_n4sid_1_05_1_ac2n,"model",MF_StateSpace_n4sid_1_05_1.ac2n,1035
7125,MF_StateSpace_n4sid_1_05_1_ac3n,"model",MF_StateSpace_n4sid_1_05_1.ac3n,1035
7126,MF_StateSpace_n4sid_1_05_1_acmnd0,"model",MF_StateSpace_n4sid_1_05_1.acmnd0,1035
7127,MF_StateSpace_n4sid_1_05_1_acsnd0,"model",MF_StateSpace_n4sid_1_05_1.acsnd0,1035
7128,MF_StateSpace_n4sid_1_05_1_propbth,"model",MF_StateSpace_n4sid_1_05_1.propbth,1035
7129,MF_StateSpace_n4sid_1_05_1_ftbth,"model",MF_StateSpace_n4sid_1_05_1.ftbth,1035
7130,MF_StateSpace_n4sid_1_05_1_dwts,"model",MF_StateSpace_n4sid_1_05_1.dwts,1035
7131,MF_StateSpace_n4sid_1_05_1_popt,"model",MF_StateSpace_n4sid_1_05_1.popt,1035
7132,MF_StateSpace_n4sid_1_05_1_minfpe,"model",MF_StateSpace_n4sid_1_05_1.minfpe,1035
7133,MF_StateSpace_n4sid_1_05_1_sbc1,"model",MF_StateSpace_n4sid_1_05_1.sbc1,1035
7134,MF_StateSpace_n4sid_1_05_1_normksstat,"model",MF_StateSpace_n4sid_1_05_1.normksstat,1035
7135,MF_StateSpace_n4sid_1_05_1_normp,"model",MF_StateSpace_n4sid_1_05_1.normp,1035
7136,MF_StateSpace_n4sid_1_05_1_ac1diff,"model",MF_StateSpace_n4sid_1_05_1.ac1diff,1035
7137,MF_StateSpace_n4sid_2_05_1_A_1,"model",MF_StateSpace_n4sid_2_05_1.A_1,1036
7138,MF_StateSpace_n4sid_2_05_1_A_2,"model",MF_StateSpace_n4sid_2_05_1.A_2,1036
7139,MF_StateSpace_n4sid_2_05_1_A_3,"model",MF_StateSpace_n4sid_2_05_1.A_3,1036
7140,MF_StateSpace_n4sid_2_05_1_A_4,"model",MF_StateSpace_n4sid_2_05_1.A_4,1036
7141,MF_StateSpace_n4sid_2_05_1_k_1,"model",MF_StateSpace_n4sid_2_05_1.k_1,1036
7142,MF_StateSpace_n4sid_2_05_1_k_2,"model",MF_StateSpace_n4sid_2_05_1.k_2,1036
7143,MF_StateSpace_n4sid_2_05_1_c_1,"model",MF_StateSpace_n4sid_2_05_1.c_1,1036
7144,MF_StateSpace_n4sid_2_05_1_c_2,"model",MF_StateSpace_n4sid_2_05_1.c_2,1036
7145,MF_StateSpace_n4sid_2_05_1_x0mod,"model",MF_StateSpace_n4sid_2_05_1.x0mod,1036
7146,MF_StateSpace_n4sid_2_05_1_m_fpe,"model",MF_StateSpace_n4sid_2_05_1.m_fpe,1036
7147,MF_StateSpace_n4sid_2_05_1_m_aic,"model",MF_StateSpace_n4sid_2_05_1.m_aic,1036
7148,MF_StateSpace_n4sid_2_05_1_meane,"model",MF_StateSpace_n4sid_2_05_1.meane,1036
7149,MF_StateSpace_n4sid_2_05_1_meanabs,"model",MF_StateSpace_n4sid_2_05_1.meanabs,1036
7150,MF_StateSpace_n4sid_2_05_1_stde,"model",MF_StateSpace_n4sid_2_05_1.stde,1036
7151,MF_StateSpace_n4sid_2_05_1_mms,"model",MF_StateSpace_n4sid_2_05_1.mms,1036
7152,MF_StateSpace_n4sid_2_05_1_maxonmean,"model",MF_StateSpace_n4sid_2_05_1.maxonmean,1036
7153,MF_StateSpace_n4sid_2_05_1_p1_5,"model",MF_StateSpace_n4sid_2_05_1.p1_5,1036
7154,MF_StateSpace_n4sid_2_05_1_p2_5,"model",MF_StateSpace_n4sid_2_05_1.p2_5,1036
7155,MF_StateSpace_n4sid_2_05_1_p3_5,"model",MF_StateSpace_n4sid_2_05_1.p3_5,1036
7156,MF_StateSpace_n4sid_2_05_1_p4_5,"model",MF_StateSpace_n4sid_2_05_1.p4_5,1036
7157,MF_StateSpace_n4sid_2_05_1_p5_5,"model",MF_StateSpace_n4sid_2_05_1.p5_5,1036
7158,MF_StateSpace_n4sid_2_05_1_ac1,"model",MF_StateSpace_n4sid_2_05_1.ac1,1036
7159,MF_StateSpace_n4sid_2_05_1_ac2,"model",MF_StateSpace_n4sid_2_05_1.ac2,1036
7160,MF_StateSpace_n4sid_2_05_1_ac3,"model",MF_StateSpace_n4sid_2_05_1.ac3,1036
7161,MF_StateSpace_n4sid_2_05_1_ac1n,"model",MF_StateSpace_n4sid_2_05_1.ac1n,1036
7162,MF_StateSpace_n4sid_2_05_1_ac2n,"model",MF_StateSpace_n4sid_2_05_1.ac2n,1036
7163,MF_StateSpace_n4sid_2_05_1_ac3n,"model",MF_StateSpace_n4sid_2_05_1.ac3n,1036
7164,MF_StateSpace_n4sid_2_05_1_acmnd0,"model",MF_StateSpace_n4sid_2_05_1.acmnd0,1036
7165,MF_StateSpace_n4sid_2_05_1_acsnd0,"model",MF_StateSpace_n4sid_2_05_1.acsnd0,1036
7166,MF_StateSpace_n4sid_2_05_1_propbth,"model",MF_StateSpace_n4sid_2_05_1.propbth,1036
7167,MF_StateSpace_n4sid_2_05_1_ftbth,"model",MF_StateSpace_n4sid_2_05_1.ftbth,1036
7168,MF_StateSpace_n4sid_2_05_1_dwts,"model",MF_StateSpace_n4sid_2_05_1.dwts,1036
7169,MF_StateSpace_n4sid_2_05_1_popt,"model",MF_StateSpace_n4sid_2_05_1.popt,1036
7170,MF_StateSpace_n4sid_2_05_1_minfpe,"model",MF_StateSpace_n4sid_2_05_1.minfpe,1036
7171,MF_StateSpace_n4sid_2_05_1_sbc1,"model",MF_StateSpace_n4sid_2_05_1.sbc1,1036
7172,MF_StateSpace_n4sid_2_05_1_normksstat,"model",MF_StateSpace_n4sid_2_05_1.normksstat,1036
7173,MF_StateSpace_n4sid_2_05_1_normp,"model",MF_StateSpace_n4sid_2_05_1.normp,1036
7174,MF_StateSpace_n4sid_2_05_1_ac1diff,"model",MF_StateSpace_n4sid_2_05_1.ac1diff,1036
7175,MF_StateSpace_n4sid_3_05_1_A_1,"model",MF_StateSpace_n4sid_3_05_1.A_1,1037
7176,MF_StateSpace_n4sid_3_05_1_A_2,"model",MF_StateSpace_n4sid_3_05_1.A_2,1037
7177,MF_StateSpace_n4sid_3_05_1_A_3,"model",MF_StateSpace_n4sid_3_05_1.A_3,1037
7178,MF_StateSpace_n4sid_3_05_1_A_4,"model",MF_StateSpace_n4sid_3_05_1.A_4,1037
7179,MF_StateSpace_n4sid_3_05_1_A_5,"model",MF_StateSpace_n4sid_3_05_1.A_5,1037
7180,MF_StateSpace_n4sid_3_05_1_A_6,"model",MF_StateSpace_n4sid_3_05_1.A_6,1037
7181,MF_StateSpace_n4sid_3_05_1_A_7,"model",MF_StateSpace_n4sid_3_05_1.A_7,1037
7182,MF_StateSpace_n4sid_3_05_1_A_8,"model",MF_StateSpace_n4sid_3_05_1.A_8,1037
7183,MF_StateSpace_n4sid_3_05_1_A_9,"model",MF_StateSpace_n4sid_3_05_1.A_9,1037
7184,MF_StateSpace_n4sid_3_05_1_k_1,"model",MF_StateSpace_n4sid_3_05_1.k_1,1037
7185,MF_StateSpace_n4sid_3_05_1_k_2,"model",MF_StateSpace_n4sid_3_05_1.k_2,1037
7186,MF_StateSpace_n4sid_3_05_1_k_3,"model",MF_StateSpace_n4sid_3_05_1.k_3,1037
7187,MF_StateSpace_n4sid_3_05_1_c_1,"model",MF_StateSpace_n4sid_3_05_1.c_1,1037
7188,MF_StateSpace_n4sid_3_05_1_c_2,"model",MF_StateSpace_n4sid_3_05_1.c_2,1037
7189,MF_StateSpace_n4sid_3_05_1_c_3,"model",MF_StateSpace_n4sid_3_05_1.c_3,1037
7190,MF_StateSpace_n4sid_3_05_1_x0mod,"model",MF_StateSpace_n4sid_3_05_1.x0mod,1037
7191,MF_StateSpace_n4sid_3_05_1_m_fpe,"model",MF_StateSpace_n4sid_3_05_1.m_fpe,1037
7192,MF_StateSpace_n4sid_3_05_1_m_aic,"model",MF_StateSpace_n4sid_3_05_1.m_aic,1037
7193,MF_StateSpace_n4sid_3_05_1_meane,"model",MF_StateSpace_n4sid_3_05_1.meane,1037
7194,MF_StateSpace_n4sid_3_05_1_meanabs,"model",MF_StateSpace_n4sid_3_05_1.meanabs,1037
7195,MF_StateSpace_n4sid_3_05_1_stde,"model",MF_StateSpace_n4sid_3_05_1.stde,1037
7196,MF_StateSpace_n4sid_3_05_1_mms,"model",MF_StateSpace_n4sid_3_05_1.mms,1037
7197,MF_StateSpace_n4sid_3_05_1_maxonmean,"model",MF_StateSpace_n4sid_3_05_1.maxonmean,1037
7198,MF_StateSpace_n4sid_3_05_1_p1_5,"model",MF_StateSpace_n4sid_3_05_1.p1_5,1037
7199,MF_StateSpace_n4sid_3_05_1_p2_5,"model",MF_StateSpace_n4sid_3_05_1.p2_5,1037
7200,MF_StateSpace_n4sid_3_05_1_p3_5,"model",MF_StateSpace_n4sid_3_05_1.p3_5,1037
7201,MF_StateSpace_n4sid_3_05_1_p4_5,"model",MF_StateSpace_n4sid_3_05_1.p4_5,1037
7202,MF_StateSpace_n4sid_3_05_1_p5_5,"model",MF_StateSpace_n4sid_3_05_1.p5_5,1037
7203,MF_StateSpace_n4sid_3_05_1_ac1,"model",MF_StateSpace_n4sid_3_05_1.ac1,1037
7204,MF_StateSpace_n4sid_3_05_1_ac2,"model",MF_StateSpace_n4sid_3_05_1.ac2,1037
7205,MF_StateSpace_n4sid_3_05_1_ac3,"model",MF_StateSpace_n4sid_3_05_1.ac3,1037
7206,MF_StateSpace_n4sid_3_05_1_ac1n,"model",MF_StateSpace_n4sid_3_05_1.ac1n,1037
7207,MF_StateSpace_n4sid_3_05_1_ac2n,"model",MF_StateSpace_n4sid_3_05_1.ac2n,1037
7208,MF_StateSpace_n4sid_3_05_1_ac3n,"model",MF_StateSpace_n4sid_3_05_1.ac3n,1037
7209,MF_StateSpace_n4sid_3_05_1_acmnd0,"model",MF_StateSpace_n4sid_3_05_1.acmnd0,1037
7210,MF_StateSpace_n4sid_3_05_1_acsnd0,"model",MF_StateSpace_n4sid_3_05_1.acsnd0,1037
7211,MF_StateSpace_n4sid_3_05_1_propbth,"model",MF_StateSpace_n4sid_3_05_1.propbth,1037
7212,MF_StateSpace_n4sid_3_05_1_ftbth,"model",MF_StateSpace_n4sid_3_05_1.ftbth,1037
7213,MF_StateSpace_n4sid_3_05_1_dwts,"model",MF_StateSpace_n4sid_3_05_1.dwts,1037
7214,MF_StateSpace_n4sid_3_05_1_popt,"model",MF_StateSpace_n4sid_3_05_1.popt,1037
7215,MF_StateSpace_n4sid_3_05_1_minfpe,"model",MF_StateSpace_n4sid_3_05_1.minfpe,1037
7216,MF_StateSpace_n4sid_3_05_1_sbc1,"model",MF_StateSpace_n4sid_3_05_1.sbc1,1037
7217,MF_StateSpace_n4sid_3_05_1_normksstat,"model",MF_StateSpace_n4sid_3_05_1.normksstat,1037
7218,MF_StateSpace_n4sid_3_05_1_normp,"model",MF_StateSpace_n4sid_3_05_1.normp,1037
7219,MF_StateSpace_n4sid_3_05_1_ac1diff,"model",MF_StateSpace_n4sid_3_05_1.ac1diff,1037
7220,MF_CompareAR_1_10_all_maxv,"model",MF_CompareAR_1_10_all.maxv,1038
7221,MF_CompareAR_1_10_all_minv,"model",MF_CompareAR_1_10_all.minv,1038
7222,MF_CompareAR_1_10_all_meanv,"model",MF_CompareAR_1_10_all.meanv,1038
7223,MF_CompareAR_1_10_all_medianv,"model",MF_CompareAR_1_10_all.medianv,1038
7224,MF_CompareAR_1_10_all_firstonmin,"model",MF_CompareAR_1_10_all.firstonmin,1038
7225,MF_CompareAR_1_10_all_maxonmed,"model",MF_CompareAR_1_10_all.maxonmed,1038
7226,MF_CompareAR_1_10_all_meandiff,"model",MF_CompareAR_1_10_all.meandiff,1038
7227,MF_CompareAR_1_10_all_stddiff,"model",MF_CompareAR_1_10_all.stddiff,1038
7228,MF_CompareAR_1_10_all_maxdiff,"model",MF_CompareAR_1_10_all.maxdiff,1038
7229,MF_CompareAR_1_10_all_meddiff,"model",MF_CompareAR_1_10_all.meddiff,1038
7230,MF_CompareAR_1_10_all_minstdfromi,"model",MF_CompareAR_1_10_all.minstdfromi,1038
7231,MF_CompareAR_1_10_all_where01max,"model",MF_CompareAR_1_10_all.where01max,1038
7232,MF_CompareAR_1_10_all_whereen4,"model",MF_CompareAR_1_10_all.whereen4,1038
7233,MF_CompareAR_1_10_all_best_n,"model",MF_CompareAR_1_10_all.best_n,1038
7234,MF_CompareAR_1_10_all_aic_n,"model",MF_CompareAR_1_10_all.aic_n,1038
7235,MF_CompareAR_1_10_all_bestaic,"model",MF_CompareAR_1_10_all.bestaic,1038
7236,MF_CompareAR_1_10_05_maxv,"model",MF_CompareAR_1_10_05.maxv,1039
7237,MF_CompareAR_1_10_05_minv,"model",MF_CompareAR_1_10_05.minv,1039
7238,MF_CompareAR_1_10_05_meanv,"model",MF_CompareAR_1_10_05.meanv,1039
7239,MF_CompareAR_1_10_05_medianv,"model",MF_CompareAR_1_10_05.medianv,1039
7240,MF_CompareAR_1_10_05_firstonmin,"model",MF_CompareAR_1_10_05.firstonmin,1039
7241,MF_CompareAR_1_10_05_maxonmed,"model",MF_CompareAR_1_10_05.maxonmed,1039
7242,MF_CompareAR_1_10_05_meandiff,"model",MF_CompareAR_1_10_05.meandiff,1039
7243,MF_CompareAR_1_10_05_stddiff,"model",MF_CompareAR_1_10_05.stddiff,1039
7244,MF_CompareAR_1_10_05_maxdiff,"model",MF_CompareAR_1_10_05.maxdiff,1039
7245,MF_CompareAR_1_10_05_meddiff,"model",MF_CompareAR_1_10_05.meddiff,1039
7246,MF_CompareAR_1_10_05_minstdfromi,"model",MF_CompareAR_1_10_05.minstdfromi,1039
7247,MF_CompareAR_1_10_05_where01max,"model",MF_CompareAR_1_10_05.where01max,1039
7248,MF_CompareAR_1_10_05_whereen4,"model",MF_CompareAR_1_10_05.whereen4,1039
7249,MF_CompareAR_1_10_05_best_n,"model",MF_CompareAR_1_10_05.best_n,1039
7250,MF_CompareAR_1_10_05_aic_n,"model",MF_CompareAR_1_10_05.aic_n,1039
7251,MF_CompareAR_1_10_05_bestaic,"model",MF_CompareAR_1_10_05.bestaic,1039
7252,MF_armax_3_1_05_1_AR_1,"model",MF_armax_3_1_05_1.AR_1,1040
7253,MF_armax_3_1_05_1_AR_2,"model",MF_armax_3_1_05_1.AR_2,1040
7254,MF_armax_3_1_05_1_AR_3,"model",MF_armax_3_1_05_1.AR_3,1040
7255,MF_armax_3_1_05_1_MA_1,"model",MF_armax_3_1_05_1.MA_1,1040
7256,MF_armax_3_1_05_1_maxda,"model",MF_armax_3_1_05_1.maxda,1040
7257,MF_armax_3_1_05_1_maxdc,"model",MF_armax_3_1_05_1.maxdc,1040
7258,MF_armax_3_1_05_1_fpe,"model",MF_armax_3_1_05_1.fpe,1040
7259,MF_armax_3_1_05_1_aic,"model",MF_armax_3_1_05_1.aic,1040
7260,MF_armax_3_1_05_1_meane,"model",MF_armax_3_1_05_1.meane,1040
7261,MF_armax_3_1_05_1_meanabs,"model",MF_armax_3_1_05_1.meanabs,1040
7262,MF_armax_3_1_05_1_stde,"model",MF_armax_3_1_05_1.stde,1040
7263,MF_armax_3_1_05_1_mms,"model",MF_armax_3_1_05_1.mms,1040
7264,MF_armax_3_1_05_1_maxonmean,"model",MF_armax_3_1_05_1.maxonmean,1040
7265,MF_armax_3_1_05_1_p1_5,"model",MF_armax_3_1_05_1.p1_5,1040
7266,MF_armax_3_1_05_1_p2_5,"model",MF_armax_3_1_05_1.p2_5,1040
7267,MF_armax_3_1_05_1_p3_5,"model",MF_armax_3_1_05_1.p3_5,1040
7268,MF_armax_3_1_05_1_p4_5,"model",MF_armax_3_1_05_1.p4_5,1040
7269,MF_armax_3_1_05_1_p5_5,"model",MF_armax_3_1_05_1.p5_5,1040
7270,MF_armax_3_1_05_1_ac1,"model",MF_armax_3_1_05_1.ac1,1040
7271,MF_armax_3_1_05_1_ac2,"model",MF_armax_3_1_05_1.ac2,1040
7272,MF_armax_3_1_05_1_ac3,"model",MF_armax_3_1_05_1.ac3,1040
7273,MF_armax_3_1_05_1_ac1n,"model",MF_armax_3_1_05_1.ac1n,1040
7274,MF_armax_3_1_05_1_ac2n,"model",MF_armax_3_1_05_1.ac2n,1040
7275,MF_armax_3_1_05_1_ac3n,"model",MF_armax_3_1_05_1.ac3n,1040
7276,MF_armax_3_1_05_1_acmnd0,"model",MF_armax_3_1_05_1.acmnd0,1040
7277,MF_armax_3_1_05_1_acsnd0,"model",MF_armax_3_1_05_1.acsnd0,1040
7278,MF_armax_3_1_05_1_propbth,"model",MF_armax_3_1_05_1.propbth,1040
7279,MF_armax_3_1_05_1_ftbth,"model",MF_armax_3_1_05_1.ftbth,1040
7280,MF_armax_3_1_05_1_dwts,"model",MF_armax_3_1_05_1.dwts,1040
7281,MF_armax_3_1_05_1_popt,"model",MF_armax_3_1_05_1.popt,1040
7282,MF_armax_3_1_05_1_minfpe,"model",MF_armax_3_1_05_1.minfpe,1040
7283,MF_armax_3_1_05_1_sbc1,"model",MF_armax_3_1_05_1.sbc1,1040
7284,MF_armax_3_1_05_1_normksstat,"model",MF_armax_3_1_05_1.normksstat,1040
7285,MF_armax_3_1_05_1_normp,"model",MF_armax_3_1_05_1.normp,1040
7286,MF_armax_1_1_05_1_AR_1,"model",MF_armax_1_1_05_1.AR_1,1041
7287,MF_armax_1_1_05_1_MA_1,"model",MF_armax_1_1_05_1.MA_1,1041
7288,MF_armax_1_1_05_1_maxda,"model",MF_armax_1_1_05_1.maxda,1041
7289,MF_armax_1_1_05_1_maxdc,"model",MF_armax_1_1_05_1.maxdc,1041
7290,MF_armax_1_1_05_1_fpe,"model",MF_armax_1_1_05_1.fpe,1041
7291,MF_armax_1_1_05_1_aic,"model",MF_armax_1_1_05_1.aic,1041
7292,MF_armax_1_1_05_1_meane,"model",MF_armax_1_1_05_1.meane,1041
7293,MF_armax_1_1_05_1_meanabs,"model",MF_armax_1_1_05_1.meanabs,1041
7294,MF_armax_1_1_05_1_stde,"model",MF_armax_1_1_05_1.stde,1041
7295,MF_armax_1_1_05_1_mms,"model",MF_armax_1_1_05_1.mms,1041
7296,MF_armax_1_1_05_1_maxonmean,"model",MF_armax_1_1_05_1.maxonmean,1041
7297,MF_armax_1_1_05_1_p1_5,"model",MF_armax_1_1_05_1.p1_5,1041
7298,MF_armax_1_1_05_1_p2_5,"model",MF_armax_1_1_05_1.p2_5,1041
7299,MF_armax_1_1_05_1_p3_5,"model",MF_armax_1_1_05_1.p3_5,1041
7300,MF_armax_1_1_05_1_p4_5,"model",MF_armax_1_1_05_1.p4_5,1041
7301,MF_armax_1_1_05_1_p5_5,"model",MF_armax_1_1_05_1.p5_5,1041
7302,MF_armax_1_1_05_1_ac1,"model",MF_armax_1_1_05_1.ac1,1041
7303,MF_armax_1_1_05_1_ac2,"model",MF_armax_1_1_05_1.ac2,1041
7304,MF_armax_1_1_05_1_ac3,"model",MF_armax_1_1_05_1.ac3,1041
7305,MF_armax_1_1_05_1_ac1n,"model",MF_armax_1_1_05_1.ac1n,1041
7306,MF_armax_1_1_05_1_ac2n,"model",MF_armax_1_1_05_1.ac2n,1041
7307,MF_armax_1_1_05_1_ac3n,"model",MF_armax_1_1_05_1.ac3n,1041
7308,MF_armax_1_1_05_1_acmnd0,"model",MF_armax_1_1_05_1.acmnd0,1041
7309,MF_armax_1_1_05_1_acsnd0,"model",MF_armax_1_1_05_1.acsnd0,1041
7310,MF_armax_1_1_05_1_propbth,"model",MF_armax_1_1_05_1.propbth,1041
7311,MF_armax_1_1_05_1_ftbth,"model",MF_armax_1_1_05_1.ftbth,1041
7312,MF_armax_1_1_05_1_dwts,"model",MF_armax_1_1_05_1.dwts,1041
7313,MF_armax_1_1_05_1_popt,"model",MF_armax_1_1_05_1.popt,1041
7314,MF_armax_1_1_05_1_minfpe,"model",MF_armax_1_1_05_1.minfpe,1041
7315,MF_armax_1_1_05_1_sbc1,"model",MF_armax_1_1_05_1.sbc1,1041
7316,MF_armax_1_1_05_1_normksstat,"model",MF_armax_1_1_05_1.normksstat,1041
7317,MF_armax_1_1_05_1_normp,"model",MF_armax_1_1_05_1.normp,1041
7318,MF_armax_2_2_05_1_AR_1,"model",MF_armax_2_2_05_1.AR_1,1042
7319,MF_armax_2_2_05_1_AR_2,"model",MF_armax_2_2_05_1.AR_2,1042
7320,MF_armax_2_2_05_1_MA_1,"model",MF_armax_2_2_05_1.MA_1,1042
7321,MF_armax_2_2_05_1_MA_2,"model",MF_armax_2_2_05_1.MA_2,1042
7322,MF_armax_2_2_05_1_maxda,"model",MF_armax_2_2_05_1.maxda,1042
7323,MF_armax_2_2_05_1_maxdc,"model",MF_armax_2_2_05_1.maxdc,1042
7324,MF_armax_2_2_05_1_fpe,"model",MF_armax_2_2_05_1.fpe,1042
7325,MF_armax_2_2_05_1_aic,"model",MF_armax_2_2_05_1.aic,1042
7326,MF_armax_2_2_05_1_meane,"model",MF_armax_2_2_05_1.meane,1042
7327,MF_armax_2_2_05_1_meanabs,"model",MF_armax_2_2_05_1.meanabs,1042
7328,MF_armax_2_2_05_1_stde,"model",MF_armax_2_2_05_1.stde,1042
7329,MF_armax_2_2_05_1_mms,"model",MF_armax_2_2_05_1.mms,1042
7330,MF_armax_2_2_05_1_maxonmean,"model",MF_armax_2_2_05_1.maxonmean,1042
7331,MF_armax_2_2_05_1_p1_5,"model",MF_armax_2_2_05_1.p1_5,1042
7332,MF_armax_2_2_05_1_p2_5,"model",MF_armax_2_2_05_1.p2_5,1042
7333,MF_armax_2_2_05_1_p3_5,"model",MF_armax_2_2_05_1.p3_5,1042
7334,MF_armax_2_2_05_1_p4_5,"model",MF_armax_2_2_05_1.p4_5,1042
7335,MF_armax_2_2_05_1_p5_5,"model",MF_armax_2_2_05_1.p5_5,1042
7336,MF_armax_2_2_05_1_ac1,"model",MF_armax_2_2_05_1.ac1,1042
7337,MF_armax_2_2_05_1_ac2,"model",MF_armax_2_2_05_1.ac2,1042
7338,MF_armax_2_2_05_1_ac3,"model",MF_armax_2_2_05_1.ac3,1042
7339,MF_armax_2_2_05_1_ac1n,"model",MF_armax_2_2_05_1.ac1n,1042
7340,MF_armax_2_2_05_1_ac2n,"model",MF_armax_2_2_05_1.ac2n,1042
7341,MF_armax_2_2_05_1_ac3n,"model",MF_armax_2_2_05_1.ac3n,1042
7342,MF_armax_2_2_05_1_acmnd0,"model",MF_armax_2_2_05_1.acmnd0,1042
7343,MF_armax_2_2_05_1_acsnd0,"model",MF_armax_2_2_05_1.acsnd0,1042
7344,MF_armax_2_2_05_1_propbth,"model",MF_armax_2_2_05_1.propbth,1042
7345,MF_armax_2_2_05_1_ftbth,"model",MF_armax_2_2_05_1.ftbth,1042
7346,MF_armax_2_2_05_1_dwts,"model",MF_armax_2_2_05_1.dwts,1042
7347,MF_armax_2_2_05_1_popt,"model",MF_armax_2_2_05_1.popt,1042
7348,MF_armax_2_2_05_1_minfpe,"model",MF_armax_2_2_05_1.minfpe,1042
7349,MF_armax_2_2_05_1_sbc1,"model",MF_armax_2_2_05_1.sbc1,1042
7350,MF_armax_2_2_05_1_normksstat,"model",MF_armax_2_2_05_1.normksstat,1042
7351,MF_armax_2_2_05_1_normp,"model",MF_armax_2_2_05_1.normp,1042
7352,MF_ARMA_orders_1_6_1_4_aic_min,"model",MF_ARMA_orders_1_6_1_4.aic_min,1043
7353,MF_ARMA_orders_1_6_1_4_p_aic_opt,"model",MF_ARMA_orders_1_6_1_4.p_aic_opt,1043
7354,MF_ARMA_orders_1_6_1_4_q_aic_opt,"model",MF_ARMA_orders_1_6_1_4.q_aic_opt,1043
7355,MF_ARMA_orders_1_6_1_4_std_all_aics,"model",MF_ARMA_orders_1_6_1_4.std_all_aics,1043
7356,MF_ARMA_orders_1_6_1_4_mean_all_aics,"model",MF_ARMA_orders_1_6_1_4.mean_all_aics,1043
7357,MF_ARMA_orders_1_6_1_4_meanstd_aicsp,"model",MF_ARMA_orders_1_6_1_4.meanstd_aicsp,1043
7358,MF_ARMA_orders_1_6_1_4_meanstd_aicsq,"model",MF_ARMA_orders_1_6_1_4.meanstd_aicsq,1043
7359,MF_ExpSmoothing_05_best_alphamin_1,"model",MF_ExpSmoothing_05_best.alphamin_1,1044
7360,MF_ExpSmoothing_05_best_p1_1,"model",MF_ExpSmoothing_05_best.p1_1,1044
7361,MF_ExpSmoothing_05_best_cup_1,"model",MF_ExpSmoothing_05_best.cup_1,1044
7362,MF_ExpSmoothing_05_best_alphamin,"model",MF_ExpSmoothing_05_best.alphamin,1044
7363,MF_ExpSmoothing_05_best_meane,"model",MF_ExpSmoothing_05_best.meane,1044
7364,MF_ExpSmoothing_05_best_meanabs,"model",MF_ExpSmoothing_05_best.meanabs,1044
7365,MF_ExpSmoothing_05_best_stde,"model",MF_ExpSmoothing_05_best.stde,1044
7366,MF_ExpSmoothing_05_best_mms,"model",MF_ExpSmoothing_05_best.mms,1044
7367,MF_ExpSmoothing_05_best_maxonmean,"model",MF_ExpSmoothing_05_best.maxonmean,1044
7368,MF_ExpSmoothing_05_best_p1_5,"model",MF_ExpSmoothing_05_best.p1_5,1044
7369,MF_ExpSmoothing_05_best_p2_5,"model",MF_ExpSmoothing_05_best.p2_5,1044
7370,MF_ExpSmoothing_05_best_p3_5,"model",MF_ExpSmoothing_05_best.p3_5,1044
7371,MF_ExpSmoothing_05_best_p4_5,"model",MF_ExpSmoothing_05_best.p4_5,1044
7372,MF_ExpSmoothing_05_best_p5_5,"model",MF_ExpSmoothing_05_best.p5_5,1044
7373,MF_ExpSmoothing_05_best_ac1,"model",MF_ExpSmoothing_05_best.ac1,1044
7374,MF_ExpSmoothing_05_best_ac2,"model",MF_ExpSmoothing_05_best.ac2,1044
7375,MF_ExpSmoothing_05_best_ac3,"model",MF_ExpSmoothing_05_best.ac3,1044
7376,MF_ExpSmoothing_05_best_ac1n,"model",MF_ExpSmoothing_05_best.ac1n,1044
7377,MF_ExpSmoothing_05_best_ac2n,"model",MF_ExpSmoothing_05_best.ac2n,1044
7378,MF_ExpSmoothing_05_best_ac3n,"model",MF_ExpSmoothing_05_best.ac3n,1044
7379,MF_ExpSmoothing_05_best_acmnd0,"model",MF_ExpSmoothing_05_best.acmnd0,1044
7380,MF_ExpSmoothing_05_best_acsnd0,"model",MF_ExpSmoothing_05_best.acsnd0,1044
7381,MF_ExpSmoothing_05_best_propbth,"model",MF_ExpSmoothing_05_best.propbth,1044
7382,MF_ExpSmoothing_05_best_ftbth,"model",MF_ExpSmoothing_05_best.ftbth,1044
7383,MF_ExpSmoothing_05_best_dwts,"model",MF_ExpSmoothing_05_best.dwts,1044
7384,MF_ExpSmoothing_05_best_popt,"model",MF_ExpSmoothing_05_best.popt,1044
7385,MF_ExpSmoothing_05_best_minfpe,"model",MF_ExpSmoothing_05_best.minfpe,1044
7386,MF_ExpSmoothing_05_best_sbc1,"model",MF_ExpSmoothing_05_best.sbc1,1044
7387,MF_ExpSmoothing_05_best_normksstat,"model",MF_ExpSmoothing_05_best.normksstat,1044
7388,MF_ExpSmoothing_05_best_normp,"model",MF_ExpSmoothing_05_best.normp,1044
7389,MF_GARCHfit_ar_P1_Q1_constant,"model",MF_GARCHfit_ar_P1_Q1.constant,1045
7390,MF_GARCHfit_ar_P1_Q1_constanterr,"model",MF_GARCHfit_ar_P1_Q1.constanterr,1045
7391,MF_GARCHfit_ar_P1_Q1_GARCH_1,"model",MF_GARCHfit_ar_P1_Q1.GARCH_1,1045
7392,MF_GARCHfit_ar_P1_Q1_GARCHerr_1,"model",MF_GARCHfit_ar_P1_Q1.GARCHerr_1,1045
7393,MF_GARCHfit_ar_P1_Q1_ARCH_1,"model",MF_GARCHfit_ar_P1_Q1.ARCH_1,1045
7394,MF_GARCHfit_ar_P1_Q1_ARCHerr_1,"model",MF_GARCHfit_ar_P1_Q1.ARCHerr_1,1045
7395,MF_GARCHfit_ar_P1_Q1_LLF,"model",MF_GARCHfit_ar_P1_Q1.LLF,1045
7396,MF_GARCHfit_ar_P1_Q1_summaryexitflag,"model",MF_GARCHfit_ar_P1_Q1.summaryexitflag,1045
7397,MF_GARCHfit_ar_P1_Q1_nparams,"model",MF_GARCHfit_ar_P1_Q1.nparams,1045
7398,MF_GARCHfit_ar_P1_Q1_maxsigma,"model",MF_GARCHfit_ar_P1_Q1.maxsigma,1045
7399,MF_GARCHfit_ar_P1_Q1_minsigma,"model",MF_GARCHfit_ar_P1_Q1.minsigma,1045
7400,MF_GARCHfit_ar_P1_Q1_rangesigma,"model",MF_GARCHfit_ar_P1_Q1.rangesigma,1045
7401,MF_GARCHfit_ar_P1_Q1_stdsigma,"model",MF_GARCHfit_ar_P1_Q1.stdsigma,1045
7402,MF_GARCHfit_ar_P1_Q1_meansigma,"model",MF_GARCHfit_ar_P1_Q1.meansigma,1045
7403,MF_GARCHfit_ar_P1_Q1_engle_mean_diff_p,"model",MF_GARCHfit_ar_P1_Q1.engle_mean_diff_p,1045
7404,MF_GARCHfit_ar_P1_Q1_engle_max_diff_p,"model",MF_GARCHfit_ar_P1_Q1.engle_max_diff_p,1045
7405,MF_GARCHfit_ar_P1_Q1_lbq_mean_diff_p,"model",MF_GARCHfit_ar_P1_Q1.lbq_mean_diff_p,1045
7406,MF_GARCHfit_ar_P1_Q1_lbq_max_diff_p,"model",MF_GARCHfit_ar_P1_Q1.lbq_max_diff_p,1045
7407,MF_GARCHfit_ar_P1_Q1_engle_pval_stde_5,"model",MF_GARCHfit_ar_P1_Q1.engle_pval_stde_5,1045
7408,MF_GARCHfit_ar_P1_Q1_engle_pval_stde_10,"model",MF_GARCHfit_ar_P1_Q1.engle_pval_stde_10,1045
7409,MF_GARCHfit_ar_P1_Q1_minenglepval_stde,"model",MF_GARCHfit_ar_P1_Q1.minenglepval_stde,1045
7410,MF_GARCHfit_ar_P1_Q1_maxenglepval_stde,"model",MF_GARCHfit_ar_P1_Q1.maxenglepval_stde,1045
7411,MF_GARCHfit_ar_P1_Q1_lbq_pval_stde_1,"model",MF_GARCHfit_ar_P1_Q1.lbq_pval_stde_1,1045
7412,MF_GARCHfit_ar_P1_Q1_lbq_pval_stde_5,"model",MF_GARCHfit_ar_P1_Q1.lbq_pval_stde_5,1045
7413,MF_GARCHfit_ar_P1_Q1_lbq_pval_stde_10,"model",MF_GARCHfit_ar_P1_Q1.lbq_pval_stde_10,1045
7414,MF_GARCHfit_ar_P1_Q1_minlbqpval_stde2,"model",MF_GARCHfit_ar_P1_Q1.minlbqpval_stde2,1045
7415,MF_GARCHfit_ar_P1_Q1_maxlbqpval_stde2,"model",MF_GARCHfit_ar_P1_Q1.maxlbqpval_stde2,1045
7416,MF_GARCHfit_ar_P1_Q1_stde_meane,"model",MF_GARCHfit_ar_P1_Q1.stde_meane,1045
7417,MF_GARCHfit_ar_P1_Q1_stde_meanabs,"model",MF_GARCHfit_ar_P1_Q1.stde_meanabs,1045
7418,MF_GARCHfit_ar_P1_Q1_stde_rmse,"model",MF_GARCHfit_ar_P1_Q1.stde_rmse,1045
7419,MF_GARCHfit_ar_P1_Q1_stde_stde,"model",MF_GARCHfit_ar_P1_Q1.stde_stde,1045
7420,MF_GARCHfit_ar_P1_Q1_stde_mms,"model",MF_GARCHfit_ar_P1_Q1.stde_mms,1045
7421,MF_GARCHfit_ar_P1_Q1_stde_maxonmean,"model",MF_GARCHfit_ar_P1_Q1.stde_maxonmean,1045
7422,MF_GARCHfit_ar_P1_Q1_stde_p1_5,"model",MF_GARCHfit_ar_P1_Q1.stde_p1_5,1045
7423,MF_GARCHfit_ar_P1_Q1_stde_p2_5,"model",MF_GARCHfit_ar_P1_Q1.stde_p2_5,1045
7424,MF_GARCHfit_ar_P1_Q1_stde_p3_5,"model",MF_GARCHfit_ar_P1_Q1.stde_p3_5,1045
7425,MF_GARCHfit_ar_P1_Q1_stde_p4_5,"model",MF_GARCHfit_ar_P1_Q1.stde_p4_5,1045
7426,MF_GARCHfit_ar_P1_Q1_stde_p5_5,"model",MF_GARCHfit_ar_P1_Q1.stde_p5_5,1045
7427,MF_GARCHfit_ar_P1_Q1_stde_ac1,"model",MF_GARCHfit_ar_P1_Q1.stde_ac1,1045
7428,MF_GARCHfit_ar_P1_Q1_stde_ac2,"model",MF_GARCHfit_ar_P1_Q1.stde_ac2,1045
7429,MF_GARCHfit_ar_P1_Q1_stde_ac3,"model",MF_GARCHfit_ar_P1_Q1.stde_ac3,1045
7430,MF_GARCHfit_ar_P1_Q1_stde_ac1n,"model",MF_GARCHfit_ar_P1_Q1.stde_ac1n,1045
7431,MF_GARCHfit_ar_P1_Q1_stde_ac2n,"model",MF_GARCHfit_ar_P1_Q1.stde_ac2n,1045
7432,MF_GARCHfit_ar_P1_Q1_stde_ac3n,"model",MF_GARCHfit_ar_P1_Q1.stde_ac3n,1045
7433,MF_GARCHfit_ar_P1_Q1_stde_acmnd0,"model",MF_GARCHfit_ar_P1_Q1.stde_acmnd0,1045
7434,MF_GARCHfit_ar_P1_Q1_stde_acsnd0,"model",MF_GARCHfit_ar_P1_Q1.stde_acsnd0,1045
7435,MF_GARCHfit_ar_P1_Q1_stde_propbth,"model",MF_GARCHfit_ar_P1_Q1.stde_propbth,1045
7436,MF_GARCHfit_ar_P1_Q1_stde_ftbth,"model",MF_GARCHfit_ar_P1_Q1.stde_ftbth,1045
7437,MF_GARCHfit_ar_P1_Q1_stde_popt,"model",MF_GARCHfit_ar_P1_Q1.stde_popt,1045
7438,MF_GARCHfit_ar_P1_Q1_stde_minfpe,"model",MF_GARCHfit_ar_P1_Q1.stde_minfpe,1045
7439,MF_GARCHfit_ar_P1_Q1_stde_sbc1,"model",MF_GARCHfit_ar_P1_Q1.stde_sbc1,1045
7440,MF_GARCHfit_ar_P1_Q1_stde_normksstat,"model",MF_GARCHfit_ar_P1_Q1.stde_normksstat,1045
7441,MF_GARCHfit_ar_P1_Q1_stde_normp,"model",MF_GARCHfit_ar_P1_Q1.stde_normp,1045
7442,MF_GARCHfit_ar_P1_Q1_ac1_stde2,"model",MF_GARCHfit_ar_P1_Q1.ac1_stde2,1045
7443,MF_GARCHfit_ar_P1_Q1_diff_ac1,"model",MF_GARCHfit_ar_P1_Q1.diff_ac1,1045
7444,MF_GARCHfit_ar_P1_Q2_constant,"model",MF_GARCHfit_ar_P1_Q2.constant,1046
7445,MF_GARCHfit_ar_P1_Q2_constanterr,"model",MF_GARCHfit_ar_P1_Q2.constanterr,1046
7446,MF_GARCHfit_ar_P1_Q2_GARCH_1,"model",MF_GARCHfit_ar_P1_Q2.GARCH_1,1046
7447,MF_GARCHfit_ar_P1_Q2_GARCHerr_1,"model",MF_GARCHfit_ar_P1_Q2.GARCHerr_1,1046
7448,MF_GARCHfit_ar_P1_Q2_ARCH_1,"model",MF_GARCHfit_ar_P1_Q2.ARCH_1,1046
7449,MF_GARCHfit_ar_P1_Q2_ARCHerr_1,"model",MF_GARCHfit_ar_P1_Q2.ARCHerr_1,1046
7450,MF_GARCHfit_ar_P1_Q2_ARCH_2,"model",MF_GARCHfit_ar_P1_Q2.ARCH_2,1046
7451,MF_GARCHfit_ar_P1_Q2_ARCHerr_2,"model",MF_GARCHfit_ar_P1_Q2.ARCHerr_2,1046
7452,MF_GARCHfit_ar_P1_Q2_LLF,"model",MF_GARCHfit_ar_P1_Q2.LLF,1046
7453,MF_GARCHfit_ar_P1_Q2_summaryexitflag,"model",MF_GARCHfit_ar_P1_Q2.summaryexitflag,1046
7454,MF_GARCHfit_ar_P1_Q2_nparams,"model",MF_GARCHfit_ar_P1_Q2.nparams,1046
7455,MF_GARCHfit_ar_P1_Q2_maxsigma,"model",MF_GARCHfit_ar_P1_Q2.maxsigma,1046
7456,MF_GARCHfit_ar_P1_Q2_minsigma,"model",MF_GARCHfit_ar_P1_Q2.minsigma,1046
7457,MF_GARCHfit_ar_P1_Q2_rangesigma,"model",MF_GARCHfit_ar_P1_Q2.rangesigma,1046
7458,MF_GARCHfit_ar_P1_Q2_stdsigma,"model",MF_GARCHfit_ar_P1_Q2.stdsigma,1046
7459,MF_GARCHfit_ar_P1_Q2_meansigma,"model",MF_GARCHfit_ar_P1_Q2.meansigma,1046
7460,MF_GARCHfit_ar_P1_Q2_engle_mean_diff_p,"model",MF_GARCHfit_ar_P1_Q2.engle_mean_diff_p,1046
7461,MF_GARCHfit_ar_P1_Q2_engle_max_diff_p,"model",MF_GARCHfit_ar_P1_Q2.engle_max_diff_p,1046
7462,MF_GARCHfit_ar_P1_Q2_lbq_mean_diff_p,"model",MF_GARCHfit_ar_P1_Q2.lbq_mean_diff_p,1046
7463,MF_GARCHfit_ar_P1_Q2_lbq_max_diff_p,"model",MF_GARCHfit_ar_P1_Q2.lbq_max_diff_p,1046
7464,MF_GARCHfit_ar_P1_Q2_engle_pval_stde_5,"model",MF_GARCHfit_ar_P1_Q2.engle_pval_stde_5,1046
7465,MF_GARCHfit_ar_P1_Q2_engle_pval_stde_10,"model",MF_GARCHfit_ar_P1_Q2.engle_pval_stde_10,1046
7466,MF_GARCHfit_ar_P1_Q2_minenglepval_stde,"model",MF_GARCHfit_ar_P1_Q2.minenglepval_stde,1046
7467,MF_GARCHfit_ar_P1_Q2_maxenglepval_stde,"model",MF_GARCHfit_ar_P1_Q2.maxenglepval_stde,1046
7468,MF_GARCHfit_ar_P1_Q2_lbq_pval_stde_1,"model",MF_GARCHfit_ar_P1_Q2.lbq_pval_stde_1,1046
7469,MF_GARCHfit_ar_P1_Q2_lbq_pval_stde_5,"model",MF_GARCHfit_ar_P1_Q2.lbq_pval_stde_5,1046
7470,MF_GARCHfit_ar_P1_Q2_lbq_pval_stde_10,"model",MF_GARCHfit_ar_P1_Q2.lbq_pval_stde_10,1046
7471,MF_GARCHfit_ar_P1_Q2_minlbqpval_stde2,"model",MF_GARCHfit_ar_P1_Q2.minlbqpval_stde2,1046
7472,MF_GARCHfit_ar_P1_Q2_maxlbqpval_stde2,"model",MF_GARCHfit_ar_P1_Q2.maxlbqpval_stde2,1046
7473,MF_GARCHfit_ar_P1_Q2_stde_meane,"model",MF_GARCHfit_ar_P1_Q2.stde_meane,1046
7474,MF_GARCHfit_ar_P1_Q2_stde_meanabs,"model",MF_GARCHfit_ar_P1_Q2.stde_meanabs,1046
7475,MF_GARCHfit_ar_P1_Q2_stde_rmse,"model",MF_GARCHfit_ar_P1_Q2.stde_rmse,1046
7476,MF_GARCHfit_ar_P1_Q2_stde_stde,"model",MF_GARCHfit_ar_P1_Q2.stde_stde,1046
7477,MF_GARCHfit_ar_P1_Q2_stde_mms,"model",MF_GARCHfit_ar_P1_Q2.stde_mms,1046
7478,MF_GARCHfit_ar_P1_Q2_stde_maxonmean,"model",MF_GARCHfit_ar_P1_Q2.stde_maxonmean,1046
7479,MF_GARCHfit_ar_P1_Q2_stde_p1_5,"model",MF_GARCHfit_ar_P1_Q2.stde_p1_5,1046
7480,MF_GARCHfit_ar_P1_Q2_stde_p2_5,"model",MF_GARCHfit_ar_P1_Q2.stde_p2_5,1046
7481,MF_GARCHfit_ar_P1_Q2_stde_p3_5,"model",MF_GARCHfit_ar_P1_Q2.stde_p3_5,1046
7482,MF_GARCHfit_ar_P1_Q2_stde_p4_5,"model",MF_GARCHfit_ar_P1_Q2.stde_p4_5,1046
7483,MF_GARCHfit_ar_P1_Q2_stde_p5_5,"model",MF_GARCHfit_ar_P1_Q2.stde_p5_5,1046
7484,MF_GARCHfit_ar_P1_Q2_stde_ac1,"model",MF_GARCHfit_ar_P1_Q2.stde_ac1,1046
7485,MF_GARCHfit_ar_P1_Q2_stde_ac2,"model",MF_GARCHfit_ar_P1_Q2.stde_ac2,1046
7486,MF_GARCHfit_ar_P1_Q2_stde_ac3,"model",MF_GARCHfit_ar_P1_Q2.stde_ac3,1046
7487,MF_GARCHfit_ar_P1_Q2_stde_ac1n,"model",MF_GARCHfit_ar_P1_Q2.stde_ac1n,1046
7488,MF_GARCHfit_ar_P1_Q2_stde_ac2n,"model",MF_GARCHfit_ar_P1_Q2.stde_ac2n,1046
7489,MF_GARCHfit_ar_P1_Q2_stde_ac3n,"model",MF_GARCHfit_ar_P1_Q2.stde_ac3n,1046
7490,MF_GARCHfit_ar_P1_Q2_stde_acmnd0,"model",MF_GARCHfit_ar_P1_Q2.stde_acmnd0,1046
7491,MF_GARCHfit_ar_P1_Q2_stde_acsnd0,"model",MF_GARCHfit_ar_P1_Q2.stde_acsnd0,1046
7492,MF_GARCHfit_ar_P1_Q2_stde_propbth,"model",MF_GARCHfit_ar_P1_Q2.stde_propbth,1046
7493,MF_GARCHfit_ar_P1_Q2_stde_ftbth,"model",MF_GARCHfit_ar_P1_Q2.stde_ftbth,1046
7494,MF_GARCHfit_ar_P1_Q2_stde_popt,"model",MF_GARCHfit_ar_P1_Q2.stde_popt,1046
7495,MF_GARCHfit_ar_P1_Q2_stde_minfpe,"model",MF_GARCHfit_ar_P1_Q2.stde_minfpe,1046
7496,MF_GARCHfit_ar_P1_Q2_stde_sbc1,"model",MF_GARCHfit_ar_P1_Q2.stde_sbc1,1046
7497,MF_GARCHfit_ar_P1_Q2_stde_normksstat,"model",MF_GARCHfit_ar_P1_Q2.stde_normksstat,1046
7498,MF_GARCHfit_ar_P1_Q2_stde_normp,"model",MF_GARCHfit_ar_P1_Q2.stde_normp,1046
7499,MF_GARCHfit_ar_P1_Q2_ac1_stde2,"model",MF_GARCHfit_ar_P1_Q2.ac1_stde2,1046
7500,MF_GARCHfit_ar_P1_Q2_diff_ac1,"model",MF_GARCHfit_ar_P1_Q2.diff_ac1,1046
7501,MF_compare_GARCH_ar_1_3_1_3_minLLF,"model",MF_compare_GARCH_ar_1_3_1_3.minLLF,1047
7502,MF_compare_GARCH_ar_1_3_1_3_maxLLF,"model",MF_compare_GARCH_ar_1_3_1_3.maxLLF,1047
7503,MF_compare_GARCH_ar_1_3_1_3_meanLLF,"model",MF_compare_GARCH_ar_1_3_1_3.meanLLF,1047
7504,MF_compare_GARCH_ar_1_3_1_3_minBIC,"model",MF_compare_GARCH_ar_1_3_1_3.minBIC,1047
7505,MF_compare_GARCH_ar_1_3_1_3_maxBIC,"model",MF_compare_GARCH_ar_1_3_1_3.maxBIC,1047
7506,MF_compare_GARCH_ar_1_3_1_3_meanBIC,"model",MF_compare_GARCH_ar_1_3_1_3.meanBIC,1047
7507,MF_compare_GARCH_ar_1_3_1_3_minAIC,"model",MF_compare_GARCH_ar_1_3_1_3.minAIC,1047
7508,MF_compare_GARCH_ar_1_3_1_3_maxAIC,"model",MF_compare_GARCH_ar_1_3_1_3.maxAIC,1047
7509,MF_compare_GARCH_ar_1_3_1_3_meanAIC,"model",MF_compare_GARCH_ar_1_3_1_3.meanAIC,1047
7510,MF_compare_GARCH_ar_1_3_1_3_minK,"model",MF_compare_GARCH_ar_1_3_1_3.minK,1047
7511,MF_compare_GARCH_ar_1_3_1_3_maxK,"model",MF_compare_GARCH_ar_1_3_1_3.maxK,1047
7512,MF_compare_GARCH_ar_1_3_1_3_meanK,"model",MF_compare_GARCH_ar_1_3_1_3.meanK,1047
7513,MF_compare_GARCH_ar_1_3_1_3_min_meanarchps,"model",MF_compare_GARCH_ar_1_3_1_3.min_meanarchps,1047
7514,MF_compare_GARCH_ar_1_3_1_3_max_meanarchps,"model",MF_compare_GARCH_ar_1_3_1_3.max_meanarchps,1047
7515,MF_compare_GARCH_ar_1_3_1_3_mean_meanarchps,"model",MF_compare_GARCH_ar_1_3_1_3.mean_meanarchps,1047
7516,MF_compare_GARCH_ar_1_3_1_3_min_maxarchps,"model",MF_compare_GARCH_ar_1_3_1_3.min_maxarchps,1047
7517,MF_compare_GARCH_ar_1_3_1_3_max_maxarchps,"model",MF_compare_GARCH_ar_1_3_1_3.max_maxarchps,1047
7518,MF_compare_GARCH_ar_1_3_1_3_mean_maxarchps,"model",MF_compare_GARCH_ar_1_3_1_3.mean_maxarchps,1047
7519,MF_compare_GARCH_ar_1_3_1_3_min_meanlbqps,"model",MF_compare_GARCH_ar_1_3_1_3.min_meanlbqps,1047
7520,MF_compare_GARCH_ar_1_3_1_3_max_meanlbqps,"model",MF_compare_GARCH_ar_1_3_1_3.max_meanlbqps,1047
7521,MF_compare_GARCH_ar_1_3_1_3_mean_meanlbqps,"model",MF_compare_GARCH_ar_1_3_1_3.mean_meanlbqps,1047
7522,MF_compare_GARCH_ar_1_3_1_3_min_maxlbqps,"model",MF_compare_GARCH_ar_1_3_1_3.min_maxlbqps,1047
7523,MF_compare_GARCH_ar_1_3_1_3_max_maxlbqps,"model",MF_compare_GARCH_ar_1_3_1_3.max_maxlbqps,1047
7524,MF_compare_GARCH_ar_1_3_1_3_mean_maxlbqps,"model",MF_compare_GARCH_ar_1_3_1_3.mean_maxlbqps,1047
7525,MF_compare_GARCH_ar_1_3_1_3_bestpLLF,"model",MF_compare_GARCH_ar_1_3_1_3.bestpLLF,1047
7526,MF_compare_GARCH_ar_1_3_1_3_bestqLLF,"model",MF_compare_GARCH_ar_1_3_1_3.bestqLLF,1047
7527,MF_compare_GARCH_ar_1_3_1_3_bestpAIC,"model",MF_compare_GARCH_ar_1_3_1_3.bestpAIC,1047
7528,MF_compare_GARCH_ar_1_3_1_3_bestqAIC,"model",MF_compare_GARCH_ar_1_3_1_3.bestqAIC,1047
7529,MF_compare_GARCH_ar_1_3_1_3_Ks_vary_p,"model",MF_compare_GARCH_ar_1_3_1_3.Ks_vary_p,1047
7530,MF_compare_GARCH_ar_1_3_1_3_Ks_vary_q,"model",MF_compare_GARCH_ar_1_3_1_3.Ks_vary_q,1047
7531,SY_VarRatioTest_2_0_pValue,"vratiotest,pvalue",SY_VarRatioTest_2_0.pValue,1048
7532,SY_VarRatioTest_2_0_stat,"vratiotest",SY_VarRatioTest_2_0.stat,1048
7533,SY_VarRatioTest_2_1_pValue,"vratiotest,pvalue",SY_VarRatioTest_2_1.pValue,1049
7534,SY_VarRatioTest_2_1_stat,"vratiotest",SY_VarRatioTest_2_1.stat,1049
7535,SY_VarRatioTest_4_0_pValue,"vratiotest,pvalue",SY_VarRatioTest_4_0.pValue,1050
7536,SY_VarRatioTest_4_0_stat,"vratiotest",SY_VarRatioTest_4_0.stat,1050
7537,SY_VarRatioTest_4_1_pValue,"vratiotest,pvalue",SY_VarRatioTest_4_1.pValue,1051
7538,SY_VarRatioTest_4_1_stat,"vratiotest",SY_VarRatioTest_4_1.stat,1051
7539,SY_VarRatioTest_4_1_ratio,"vratiotest",SY_VarRatioTest_4_1.ratio,1051
7540,SY_VarRatioTest_24682468_00001111_maxpValue,"vratiotest,pvalue",SY_VarRatioTest_24682468_00001111.maxpValue,1052
7541,SY_VarRatioTest_24682468_00001111_minpValue,"vratiotest,pvalue",SY_VarRatioTest_24682468_00001111.minpValue,1052
7542,SY_VarRatioTest_24682468_00001111_meanpValue,"vratiotest,pvalue",SY_VarRatioTest_24682468_00001111.meanpValue,1052
7543,SY_VarRatioTest_24682468_00001111_periodmaxpValue,"vratiotest",SY_VarRatioTest_24682468_00001111.periodmaxpValue,1052
7544,SY_VarRatioTest_24682468_00001111_periodminpValue,"vratiotest",SY_VarRatioTest_24682468_00001111.periodminpValue,1052
7545,SY_VarRatioTest_24682468_00001111_IIDperiodmaxpValue,"vratiotest",SY_VarRatioTest_24682468_00001111.IIDperiodmaxpValue,1052
7546,SY_VarRatioTest_24682468_00001111_IIDperiodminpValue,"vratiotest",SY_VarRatioTest_24682468_00001111.IIDperiodminpValue,1052
7547,SY_VarRatioTest_24682468_00001111_meanstat,"vratiotest",SY_VarRatioTest_24682468_00001111.meanstat,1052
7548,SY_VarRatioTest_24682468_00001111_maxstat,"vratiotest",SY_VarRatioTest_24682468_00001111.maxstat,1052
7549,SY_VarRatioTest_24682468_00001111_minstat,"vratiotest",SY_VarRatioTest_24682468_00001111.minstat,1052
7550,SY_PPtest_0_5_ar_t1_maxpValue,"unitroot,pvalue",SY_PPtest_0_5_ar_t1.maxpValue,1053
7551,SY_PPtest_0_5_ar_t1_minpValue,"unitroot,pvalue",SY_PPtest_0_5_ar_t1.minpValue,1053
7552,SY_PPtest_0_5_ar_t1_meanpValue,"unitroot,pvalue",SY_PPtest_0_5_ar_t1.meanpValue,1053
7553,SY_PPtest_0_5_ar_t1_stdpValue,"unitroot",SY_PPtest_0_5_ar_t1.stdpValue,1053
7554,SY_PPtest_0_5_ar_t1_lagmaxp,"unitroot",SY_PPtest_0_5_ar_t1.lagmaxp,1053
7555,SY_PPtest_0_5_ar_t1_lagminp,"unitroot",SY_PPtest_0_5_ar_t1.lagminp,1053
7556,SY_PPtest_0_5_ar_t1_meanstat,"unitroot",SY_PPtest_0_5_ar_t1.meanstat,1053
7557,SY_PPtest_0_5_ar_t1_maxstat,"unitroot",SY_PPtest_0_5_ar_t1.maxstat,1053
7558,SY_PPtest_0_5_ar_t1_minstat,"unitroot",SY_PPtest_0_5_ar_t1.minstat,1053
7559,SY_PPtest_0_5_ar_t1_minBIC,"unitroot",SY_PPtest_0_5_ar_t1.minBIC,1053
7560,SY_PPtest_0_5_ar_t1_minrmse,"unitroot",SY_PPtest_0_5_ar_t1.minrmse,1053
7561,SY_KPSStest_0_stat,"stationarity,hypothesistest",SY_KPSStest_0.stat,1054
7562,SY_KPSStest_0_pValue,"stationarity,hypothesistest,pvalue",SY_KPSStest_0.pValue,1054
7563,SY_KPSStest_1_stat,"stationarity,hypothesistest",SY_KPSStest_1.stat,1055
7564,SY_KPSStest_1_pValue,"stationarity,hypothesistest,pvalue",SY_KPSStest_1.pValue,1055
7565,SY_KPSStest_2_stat,"stationarity,hypothesistest",SY_KPSStest_2.stat,1056
7566,SY_KPSStest_2_pValue,"stationarity,hypothesistest,pvalue",SY_KPSStest_2.pValue,1056
7567,SY_KPSStest_0_10_maxpValue,"stationarity,hypothesistest,pvalue",SY_KPSStest_0_10.maxpValue,1057
7568,SY_KPSStest_0_10_minpValue,"stationarity,hypothesistest,pvalue",SY_KPSStest_0_10.minpValue,1057
7569,SY_KPSStest_0_10_maxstat,"stationarity,hypothesistest",SY_KPSStest_0_10.maxstat,1057
7570,SY_KPSStest_0_10_minstat,"stationarity,hypothesistest",SY_KPSStest_0_10.minstat,1057
7571,SY_KPSStest_0_10_lagmaxstat,"stationarity,hypothesistest",SY_KPSStest_0_10.lagmaxstat,1057
7572,SY_KPSStest_0_10_lagminstat,"stationarity,hypothesistest",SY_KPSStest_0_10.lagminstat,1057
7573,MF_hmm_07_3_Mu_1,"hmm,model",MF_hmm_07_3.Mu_1,1058
7574,MF_hmm_07_3_Mu_2,"hmm,model",MF_hmm_07_3.Mu_2,1058
7575,MF_hmm_07_3_Mu_3,"hmm,model",MF_hmm_07_3.Mu_3,1058
7576,MF_hmm_07_3_meanMu,"hmm,model",MF_hmm_07_3.meanMu,1058
7577,MF_hmm_07_3_rangeMu,"hmm,model",MF_hmm_07_3.rangeMu,1058
7578,MF_hmm_07_3_Cov,"hmm,model",MF_hmm_07_3.Cov,1058
7579,MF_hmm_07_3_Pmeandiag,"hmm,model",MF_hmm_07_3.Pmeandiag,1058
7580,MF_hmm_07_3_stdmeanP,"hmm,model",MF_hmm_07_3.stdmeanP,1058
7581,MF_hmm_07_3_maxP,"hmm,model",MF_hmm_07_3.maxP,1058
7582,MF_hmm_07_3_stdP,"hmm,model",MF_hmm_07_3.stdP,1058
7583,MF_hmm_07_3_LLtrainpersample,"hmm,model",MF_hmm_07_3.LLtrainpersample,1058
7584,MF_hmm_07_3_nit,"hmm,model",MF_hmm_07_3.nit,1058
7585,MF_hmm_07_3_LLtestpersample,"hmm,model",MF_hmm_07_3.LLtestpersample,1058
7586,MF_hmm_07_3_LLdifference,"hmm,model",MF_hmm_07_3.LLdifference,1058
7587,MF_hmm_08_2_Mu_1,"hmm,model",MF_hmm_08_2.Mu_1,1059
7588,MF_hmm_08_2_Mu_2,"hmm,model",MF_hmm_08_2.Mu_2,1059
7589,MF_hmm_08_2_meanMu,"hmm,model",MF_hmm_08_2.meanMu,1059
7590,MF_hmm_08_2_rangeMu,"hmm,model",MF_hmm_08_2.rangeMu,1059
7591,MF_hmm_08_2_Cov,"hmm,model",MF_hmm_08_2.Cov,1059
7592,MF_hmm_08_2_Pmeandiag,"hmm,model",MF_hmm_08_2.Pmeandiag,1059
7593,MF_hmm_08_2_stdmeanP,"hmm,model",MF_hmm_08_2.stdmeanP,1059
7594,MF_hmm_08_2_maxP,"hmm,model",MF_hmm_08_2.maxP,1059
7595,MF_hmm_08_2_stdP,"hmm,model",MF_hmm_08_2.stdP,1059
7596,MF_hmm_08_2_LLtrainpersample,"hmm,model",MF_hmm_08_2.LLtrainpersample,1059
7597,MF_hmm_08_2_nit,"hmm,model",MF_hmm_08_2.nit,1059
7598,MF_hmm_08_2_LLtestpersample,"hmm,model",MF_hmm_08_2.LLtestpersample,1059
7599,MF_hmm_08_2_LLdifference,"hmm,model",MF_hmm_08_2.LLdifference,1059
7600,MF_hmm_CompareNStates_06_24_meanLLtrain,"hmm,model",MF_hmm_CompareNStates_06_24.meanLLtrain,1060
7601,MF_hmm_CompareNStates_06_24_maxLLtrain,"hmm,model",MF_hmm_CompareNStates_06_24.maxLLtrain,1060
7602,MF_hmm_CompareNStates_06_24_meanLLtest,"hmm,model",MF_hmm_CompareNStates_06_24.meanLLtest,1060
7603,MF_hmm_CompareNStates_06_24_maxLLtest,"hmm,model",MF_hmm_CompareNStates_06_24.maxLLtest,1060
7604,MF_hmm_CompareNStates_06_24_chLLtrain,"hmm,model",MF_hmm_CompareNStates_06_24.chLLtrain,1060
7605,MF_hmm_CompareNStates_06_24_chLLtest,"hmm,model",MF_hmm_CompareNStates_06_24.chLLtest,1060
7606,MF_hmm_CompareNStates_06_24_meandiffLLtt,"hmm,model",MF_hmm_CompareNStates_06_24.meandiffLLtt,1060
7607,MF_hmm_CompareNStates_06_24_LLtestdiff1,"hmm,model",MF_hmm_CompareNStates_06_24.LLtestdiff1,1060
7608,MF_hmm_CompareNStates_06_24_LLtestdiff2,"hmm,model",MF_hmm_CompareNStates_06_24.LLtestdiff2,1060
7609,MD_hrv_classic_pnn5,"medical",MD_hrv_classic.pnn5,1061
7610,MD_hrv_classic_pnn10,"medical",MD_hrv_classic.pnn10,1061
7611,MD_hrv_classic_pnn20,"medical",MD_hrv_classic.pnn20,1061
7612,MD_hrv_classic_pnn30,"medical",MD_hrv_classic.pnn30,1061
7613,MD_hrv_classic_pnn40,"medical",MD_hrv_classic.pnn40,1061
7614,MD_hrv_classic_lfhf,"medical,FourierSpectrum",MD_hrv_classic.lfhf,1061
7615,MD_hrv_classic_vlf,"medical,FourierSpectrum",MD_hrv_classic.vlf,1061
7616,MD_hrv_classic_lf,"medical,FourierSpectrum",MD_hrv_classic.lf,1061
7617,MD_hrv_classic_hf,"medical,FourierSpectrum",MD_hrv_classic.hf,1061
7618,MD_hrv_classic_tri,"medical",MD_hrv_classic.tri,1061
7619,MD_hrv_classic_SD2,"medical",MD_hrv_classic.SD2,1061
7620,CP_ML_StepDetect_l1pwc_10_E,"stepdetection",CP_ML_StepDetect_l1pwc_10.E,1062
7621,CP_ML_StepDetect_l1pwc_10_s,"stepdetection",CP_ML_StepDetect_l1pwc_10.s,1062
7622,CP_ML_StepDetect_l1pwc_10_lambdamax,"stepdetection",CP_ML_StepDetect_l1pwc_10.lambdamax,1062
7623,CP_ML_StepDetect_l1pwc_10_nsegments,"stepdetection",CP_ML_StepDetect_l1pwc_10.nsegments,1062
7624,CP_ML_StepDetect_l1pwc_10_rmsoff,"stepdetection",CP_ML_StepDetect_l1pwc_10.rmsoff,1062
7625,CP_ML_StepDetect_l1pwc_10_rmsoffpstep,"stepdetection",CP_ML_StepDetect_l1pwc_10.rmsoffpstep,1062
7626,CP_ML_StepDetect_l1pwc_10_ratn12,"stepdetection,stationarity",CP_ML_StepDetect_l1pwc_10.ratn12,1062
7627,CP_ML_StepDetect_l1pwc_10_diffn12,"stepdetection,stationarity",CP_ML_StepDetect_l1pwc_10.diffn12,1062
7628,CP_ML_StepDetect_l1pwc_10_pshort_3,"stepdetection",CP_ML_StepDetect_l1pwc_10.pshort_3,1062
7629,CP_ML_StepDetect_l1pwc_10_meanstepint,"stepdetection",CP_ML_StepDetect_l1pwc_10.meanstepint,1062
7630,CP_ML_StepDetect_l1pwc_10_meanstepintgt3,"stepdetection",CP_ML_StepDetect_l1pwc_10.meanstepintgt3,1062
7631,CP_ML_StepDetect_l1pwc_10_meanerrstepint,"stepdetection",CP_ML_StepDetect_l1pwc_10.meanerrstepint,1062
7632,CP_ML_StepDetect_l1pwc_10_maxstepint,"stepdetection",CP_ML_StepDetect_l1pwc_10.maxstepint,1062
7633,CP_ML_StepDetect_l1pwc_10_minstepint,"stepdetection",CP_ML_StepDetect_l1pwc_10.minstepint,1062
7634,CP_ML_StepDetect_l1pwc_10_medianstepint,"stepdetection",CP_ML_StepDetect_l1pwc_10.medianstepint,1062
7635,CP_ML_StepDetect_l1pwc_005_E,"stepdetection",CP_ML_StepDetect_l1pwc_005.E,1063
7636,CP_ML_StepDetect_l1pwc_005_nsegments,"stepdetection",CP_ML_StepDetect_l1pwc_005.nsegments,1063
7637,CP_ML_StepDetect_l1pwc_005_rmsoff,"stepdetection",CP_ML_StepDetect_l1pwc_005.rmsoff,1063
7638,CP_ML_StepDetect_l1pwc_005_rmsoffpstep,"stepdetection",CP_ML_StepDetect_l1pwc_005.rmsoffpstep,1063
7639,CP_ML_StepDetect_l1pwc_005_ratn12,"stepdetection,stationarity",CP_ML_StepDetect_l1pwc_005.ratn12,1063
7640,CP_ML_StepDetect_l1pwc_005_diffn12,"stepdetection,stationarity",CP_ML_StepDetect_l1pwc_005.diffn12,1063
7641,CP_ML_StepDetect_l1pwc_005_pshort_3,"stepdetection",CP_ML_StepDetect_l1pwc_005.pshort_3,1063
7642,CP_ML_StepDetect_l1pwc_005_meanstepint,"stepdetection",CP_ML_StepDetect_l1pwc_005.meanstepint,1063
7643,CP_ML_StepDetect_l1pwc_005_meanstepintgt3,"stepdetection",CP_ML_StepDetect_l1pwc_005.meanstepintgt3,1063
7644,CP_ML_StepDetect_l1pwc_005_meanerrstepint,"stepdetection",CP_ML_StepDetect_l1pwc_005.meanerrstepint,1063
7645,CP_ML_StepDetect_l1pwc_005_maxstepint,"stepdetection",CP_ML_StepDetect_l1pwc_005.maxstepint,1063
7646,CP_ML_StepDetect_l1pwc_005_minstepint,"stepdetection,lengthDependent",CP_ML_StepDetect_l1pwc_005.minstepint,1063
7647,CP_ML_StepDetect_l1pwc_005_medianstepint,"stepdetection",CP_ML_StepDetect_l1pwc_005.medianstepint,1063
7648,CP_ML_StepDetect_l1pwc_02_E,"stepdetection,lengthDependent",CP_ML_StepDetect_l1pwc_02.E,1064
7649,CP_ML_StepDetect_l1pwc_02_nsegments,"stepdetection",CP_ML_StepDetect_l1pwc_02.nsegments,1064
7650,CP_ML_StepDetect_l1pwc_02_rmsoff,"stepdetection",CP_ML_StepDetect_l1pwc_02.rmsoff,1064
7651,CP_ML_StepDetect_l1pwc_02_rmsoffpstep,"stepdetection",CP_ML_StepDetect_l1pwc_02.rmsoffpstep,1064
7652,CP_ML_StepDetect_l1pwc_02_ratn12,"stepdetection,stationarity",CP_ML_StepDetect_l1pwc_02.ratn12,1064
7653,CP_ML_StepDetect_l1pwc_02_diffn12,"stepdetection,stationarity",CP_ML_StepDetect_l1pwc_02.diffn12,1064
7654,CP_ML_StepDetect_l1pwc_02_pshort_3,"stepdetection",CP_ML_StepDetect_l1pwc_02.pshort_3,1064
7655,CP_ML_StepDetect_l1pwc_02_meanstepint,"stepdetection",CP_ML_StepDetect_l1pwc_02.meanstepint,1064
7656,CP_ML_StepDetect_l1pwc_02_meanstepintgt3,"stepdetection",CP_ML_StepDetect_l1pwc_02.meanstepintgt3,1064
7657,CP_ML_StepDetect_l1pwc_02_meanerrstepint,"stepdetection",CP_ML_StepDetect_l1pwc_02.meanerrstepint,1064
7658,CP_ML_StepDetect_l1pwc_02_maxstepint,"stepdetection",CP_ML_StepDetect_l1pwc_02.maxstepint,1064
7659,CP_ML_StepDetect_l1pwc_02_minstepint,"stepdetection",CP_ML_StepDetect_l1pwc_02.minstepint,1064
7660,CP_ML_StepDetect_l1pwc_02_medianstepint,"stepdetection",CP_ML_StepDetect_l1pwc_02.medianstepint,1064
7661,CP_l1pwc_sweep_lambda_0_005_095_rmserrsu05,"stepdetection",CP_l1pwc_sweep_lambda_0_005_095.rmserrsu05,1065
7662,CP_l1pwc_sweep_lambda_0_005_095_rmserrsu02,"stepdetection",CP_l1pwc_sweep_lambda_0_005_095.rmserrsu02,1065
7663,CP_l1pwc_sweep_lambda_0_005_095_rmserrsu01,"stepdetection",CP_l1pwc_sweep_lambda_0_005_095.rmserrsu01,1065
7664,CP_l1pwc_sweep_lambda_0_005_095_nsegsu005,"stepdetection",CP_l1pwc_sweep_lambda_0_005_095.nsegsu005,1065
7665,CP_l1pwc_sweep_lambda_0_005_095_nsegsu001,"stepdetection",CP_l1pwc_sweep_lambda_0_005_095.nsegsu001,1065
7666,CP_l1pwc_sweep_lambda_0_005_095_corrsegerr,"stepdetection",CP_l1pwc_sweep_lambda_0_005_095.corrsegerr,1065
7667,CP_l1pwc_sweep_lambda_0_005_095_bestrmserrpseg,"stepdetection",CP_l1pwc_sweep_lambda_0_005_095.bestrmserrpseg,1065
7668,CP_l1pwc_sweep_lambda_0_005_095_bestlambda,"stepdetection",CP_l1pwc_sweep_lambda_0_005_095.bestlambda,1065
7669,ST_MomentCorr_002_02_mean_std_none_R,"statistics",ST_MomentCorr_002_02_mean_std_none.R,1066
7670,ST_MomentCorr_002_02_mean_std_none_absR,"statistics",ST_MomentCorr_002_02_mean_std_none.absR,1066
7671,ST_MomentCorr_002_02_mean_std_none_density,"statistics",ST_MomentCorr_002_02_mean_std_none.density,1066
7672,ST_MomentCorr_002_02_mean_std_none_mi,"statistics",ST_MomentCorr_002_02_mean_std_none.mi,1066
7673,ST_MomentCorr_002_02_median_iqr_none_R,"statistics",ST_MomentCorr_002_02_median_iqr_none.R,1067
7674,ST_MomentCorr_002_02_median_iqr_none_absR,"statistics",ST_MomentCorr_002_02_median_iqr_none.absR,1067
7675,ST_MomentCorr_002_02_median_iqr_none_density,"statistics",ST_MomentCorr_002_02_median_iqr_none.density,1067
7676,ST_MomentCorr_002_02_median_iqr_none_mi,"statistics",ST_MomentCorr_002_02_median_iqr_none.mi,1067
7677,ST_MomentCorr_002_02_mean_std_abs_R,"statistics",ST_MomentCorr_002_02_mean_std_abs.R,1068
7678,ST_MomentCorr_002_02_mean_std_abs_absR,"statistics",ST_MomentCorr_002_02_mean_std_abs.absR,1068
7679,ST_MomentCorr_002_02_mean_std_abs_density,"statistics",ST_MomentCorr_002_02_mean_std_abs.density,1068
7680,ST_MomentCorr_002_02_mean_std_abs_mi,"statistics",ST_MomentCorr_002_02_mean_std_abs.mi,1068
7681,ST_MomentCorr_002_02_median_iqr_abs_R,"statistics",ST_MomentCorr_002_02_median_iqr_abs.R,1069
7682,ST_MomentCorr_002_02_median_iqr_abs_absR,"statistics",ST_MomentCorr_002_02_median_iqr_abs.absR,1069
7683,ST_MomentCorr_002_02_median_iqr_abs_density,"statistics",ST_MomentCorr_002_02_median_iqr_abs.density,1069
7684,ST_MomentCorr_002_02_median_iqr_abs_mi,"statistics",ST_MomentCorr_002_02_median_iqr_abs.mi,1069
7685,ST_MomentCorr_002_02_mean_std_sqrt_R,"statistics",ST_MomentCorr_002_02_mean_std_sqrt.R,1070
7686,ST_MomentCorr_002_02_mean_std_sqrt_absR,"statistics",ST_MomentCorr_002_02_mean_std_sqrt.absR,1070
7687,ST_MomentCorr_002_02_mean_std_sqrt_density,"statistics",ST_MomentCorr_002_02_mean_std_sqrt.density,1070
7688,ST_MomentCorr_002_02_mean_std_sqrt_mi,"statistics",ST_MomentCorr_002_02_mean_std_sqrt.mi,1070
7689,ST_MomentCorr_002_02_median_iqr_sqrt_R,"statistics",ST_MomentCorr_002_02_median_iqr_sqrt.R,1071
7690,ST_MomentCorr_002_02_median_iqr_sqrt_absR,"statistics",ST_MomentCorr_002_02_median_iqr_sqrt.absR,1071
7691,ST_MomentCorr_002_02_median_iqr_sqrt_density,"statistics",ST_MomentCorr_002_02_median_iqr_sqrt.density,1071
7692,ST_MomentCorr_002_02_median_iqr_sqrt_mi,"statistics",ST_MomentCorr_002_02_median_iqr_sqrt.mi,1071
7693,SD_SurrogateTest_RP_99_ami_p,"surrogate,nonlinearity",SD_SurrogateTest_RP_99.ami_p,1072
7694,SD_SurrogateTest_RP_99_ami_zscore,"surrogate,nonlinearity",SD_SurrogateTest_RP_99.ami_zscore,1072
7695,SD_SurrogateTest_RP_99_ami_f,"surrogate,nonlinearity",SD_SurrogateTest_RP_99.ami_f,1072
7696,SD_SurrogateTest_RP_99_ami_mediqr,"surrogate,nonlinearity",SD_SurrogateTest_RP_99.ami_mediqr,1072
7697,SD_SurrogateTest_RP_99_ami_prank,"surrogate,nonlinearity",SD_SurrogateTest_RP_99.ami_prank,1072
7698,SD_SurrogateTest_RP_99_fmmi_p,"surrogate,nonlinearity",SD_SurrogateTest_RP_99.fmmi_p,1072
7699,SD_SurrogateTest_RP_99_fmmi_zscore,"surrogate,nonlinearity",SD_SurrogateTest_RP_99.fmmi_zscore,1072
7700,SD_SurrogateTest_RP_99_fmmi_f,"surrogate,nonlinearity",SD_SurrogateTest_RP_99.fmmi_f,1072
7701,SD_SurrogateTest_RP_99_fmmi_mediqr,"surrogate,nonlinearity",SD_SurrogateTest_RP_99.fmmi_mediqr,1072
7702,SD_SurrogateTest_RP_99_fmmi_prank,"surrogate,nonlinearity",SD_SurrogateTest_RP_99.fmmi_prank,1072
7703,SD_SurrogateTest_RP_99_o3_p,"surrogate,nonlinearity",SD_SurrogateTest_RP_99.o3_p,1072
7704,SD_SurrogateTest_RP_99_o3_zscore,"surrogate,nonlinearity",SD_SurrogateTest_RP_99.o3_zscore,1072
7705,SD_SurrogateTest_RP_99_o3_f,"surrogate,nonlinearity",SD_SurrogateTest_RP_99.o3_f,1072
7706,SD_SurrogateTest_RP_99_o3_mediqr,"surrogate,nonlinearity",SD_SurrogateTest_RP_99.o3_mediqr,1072
7707,SD_SurrogateTest_RP_99_o3_prank,"surrogate,nonlinearity",SD_SurrogateTest_RP_99.o3_prank,1072
7708,SD_SurrogateTest_RP_99_tc3_p,"surrogate,nonlinearity",SD_SurrogateTest_RP_99.tc3_p,1072
7709,SD_SurrogateTest_RP_99_tc3_zscore,"surrogate,nonlinearity",SD_SurrogateTest_RP_99.tc3_zscore,1072
7710,SD_SurrogateTest_RP_99_tc3_f,"surrogate,nonlinearity",SD_SurrogateTest_RP_99.tc3_f,1072
7711,SD_SurrogateTest_RP_99_tc3_mediqr,"surrogate,nonlinearity",SD_SurrogateTest_RP_99.tc3_mediqr,1072
7712,SD_SurrogateTest_RP_99_tc3_prank,"surrogate,nonlinearity",SD_SurrogateTest_RP_99.tc3_prank,1072
7713,MD_pNN_raw_pnn5,"medical,raw,spreadDependent",MD_pNN_raw.pnn5,1073
7714,MD_pNN_raw_pnn10,"medical,raw,spreadDependent",MD_pNN_raw.pnn10,1073
7715,MD_pNN_raw_pnn20,"medical,raw,spreadDependent",MD_pNN_raw.pnn20,1073
7716,MD_pNN_raw_pnn30,"medical,raw,spreadDependent",MD_pNN_raw.pnn30,1073
7717,MD_pNN_raw_pnn40,"medical,raw,spreadDependent",MD_pNN_raw.pnn40,1073
7718,MD_pNN_raw_pnn50,"medical,raw,spreadDependent",MD_pNN_raw.pnn50,1073
7719,MD_pNN_raw_pnn60,"medical,raw,spreadDependent",MD_pNN_raw.pnn60,1073
7720,MD_pNN_raw_pnn70,"medical,raw,spreadDependent",MD_pNN_raw.pnn70,1073
7721,MD_pNN_raw_pnn80,"medical,raw,spreadDependent",MD_pNN_raw.pnn80,1073
7722,MD_pNN_raw_pnn90,"medical,raw,spreadDependent",MD_pNN_raw.pnn90,1073
7723,MD_pNN_raw_pnn100,"medical,raw,spreadDependent",MD_pNN_raw.pnn100,1073
7724,MD_rawHRVmeas_tri10,"medical,raw",MD_rawHRVmeas.tri10,1074
7725,MD_rawHRVmeas_tri20,"medical,raw",MD_rawHRVmeas.tri20,1074
7726,MD_rawHRVmeas_trisqrt,"medical,raw",MD_rawHRVmeas.trisqrt,1074
7727,MD_rawHRVmeas_SD1,"medical,raw,spreadDependent",MD_rawHRVmeas.SD1,1074
7728,MD_rawHRVmeas_SD2,"medical,raw,spreadDependent",MD_rawHRVmeas.SD2,1074
7729,NL_nsamdf_1_14_05_1_7_L,"nonlinear,raw,spreadDependent",NL_nsamdf_1_14_05_1_7.L,1075
7730,NL_nsamdf_z_1_14_05_1_7_L,"nonlinear",NL_nsamdf_z_1_14_05_1_7.L,1076
